"","gene_id","gene_type"
"1","ENSMUSG00000051951","protein_coding"
"2","ENSMUSG00000025900","protein_coding"
"3","ENSMUSG00000025902","protein_coding"
"4","ENSMUSG00000033845","protein_coding"
"5","ENSMUSG00000025903","protein_coding"
"6","ENSMUSG00000104217","protein_coding"
"7","ENSMUSG00000033813","protein_coding"
"8","ENSMUSG00000002459","protein_coding"
"9","ENSMUSG00000033793","protein_coding"
"10","ENSMUSG00000025905","protein_coding"
"11","ENSMUSG00000033774","protein_coding"
"12","ENSMUSG00000025907","protein_coding"
"13","ENSMUSG00000087247","protein_coding"
"14","ENSMUSG00000033740","protein_coding"
"15","ENSMUSG00000051285","protein_coding"
"16","ENSMUSG00000025909","protein_coding"
"17","ENSMUSG00000061024","protein_coding"
"18","ENSMUSG00000025911","protein_coding"
"19","ENSMUSG00000067879","protein_coding"
"20","ENSMUSG00000025912","protein_coding"
"21","ENSMUSG00000045210","protein_coding"
"22","ENSMUSG00000025915","protein_coding"
"23","ENSMUSG00000046101","protein_coding"
"24","ENSMUSG00000099032","protein_coding"
"25","ENSMUSG00000025916","protein_coding"
"26","ENSMUSG00000025917","protein_coding"
"27","ENSMUSG00000056763","protein_coding"
"28","ENSMUSG00000067851","protein_coding"
"29","ENSMUSG00000042501","protein_coding"
"30","ENSMUSG00000048960","protein_coding"
"31","ENSMUSG00000057715","protein_coding"
"32","ENSMUSG00000016918","protein_coding"
"33","ENSMUSG00000025938","protein_coding"
"34","ENSMUSG00000042414","protein_coding"
"35","ENSMUSG00000005886","protein_coding"
"36","ENSMUSG00000025935","protein_coding"
"37","ENSMUSG00000025937","protein_coding"
"38","ENSMUSG00000067813","protein_coding"
"39","ENSMUSG00000025932","protein_coding"
"40","ENSMUSG00000025930","protein_coding"
"41","ENSMUSG00000032769","protein_coding"
"42","ENSMUSG00000092083","protein_coding"
"43","ENSMUSG00000025925","protein_coding"
"44","ENSMUSG00000032719","protein_coding"
"45","ENSMUSG00000067795","protein_coding"
"46","ENSMUSG00000043716","protein_coding"
"47","ENSMUSG00000025921","protein_coding"
"48","ENSMUSG00000025920","protein_coding"
"49","ENSMUSG00000025939","protein_coding"
"50","ENSMUSG00000079658","protein_coding"
"51","ENSMUSG00000025940","protein_coding"
"52","ENSMUSG00000025779","protein_coding"
"53","ENSMUSG00000042686","protein_coding"
"54","ENSMUSG00000025777","protein_coding"
"55","ENSMUSG00000067780","protein_coding"
"56","ENSMUSG00000025776","protein_coding"
"57","ENSMUSG00000025774","protein_coding"
"58","ENSMUSG00000073735","protein_coding"
"59","ENSMUSG00000067773","protein_coding"
"60","ENSMUSG00000042596","protein_coding"
"61","ENSMUSG00000025927","protein_coding"
"62","ENSMUSG00000043760","protein_coding"
"63","ENSMUSG00000025929","protein_coding"
"64","ENSMUSG00000041872","protein_coding"
"65","ENSMUSG00000041859","protein_coding"
"66","ENSMUSG00000025931","protein_coding"
"67","ENSMUSG00000041809","protein_coding"
"68","ENSMUSG00000041779","protein_coding"
"69","ENSMUSG00000025933","protein_coding"
"70","ENSMUSG00000025934","protein_coding"
"71","ENSMUSG00000067750","protein_coding"
"72","ENSMUSG00000041722","protein_coding"
"73","ENSMUSG00000085079","protein_coding"
"74","ENSMUSG00000028033","protein_coding"
"75","ENSMUSG00000041670","protein_coding"
"76","ENSMUSG00000073730","protein_coding"
"77","ENSMUSG00000026158","protein_coding"
"78","ENSMUSG00000026156","protein_coding"
"79","ENSMUSG00000026155","protein_coding"
"80","ENSMUSG00000026154","protein_coding"
"81","ENSMUSG00000026153","protein_coding"
"82","ENSMUSG00000026147","protein_coding"
"83","ENSMUSG00000026141","protein_coding"
"84","ENSMUSG00000073725","protein_coding"
"85","ENSMUSG00000033569","protein_coding"
"86","ENSMUSG00000073722","protein_coding"
"87","ENSMUSG00000048411","protein_coding"
"88","ENSMUSG00000048874","protein_coding"
"89","ENSMUSG00000026064","protein_coding"
"90","ENSMUSG00000117310","protein_coding"
"91","ENSMUSG00000117091","protein_coding"
"92","ENSMUSG00000086727","protein_coding"
"93","ENSMUSG00000050217","protein_coding"
"94","ENSMUSG00000026063","protein_coding"
"95","ENSMUSG00000094215","protein_coding"
"96","ENSMUSG00000026058","protein_coding"
"97","ENSMUSG00000091318","protein_coding"
"98","ENSMUSG00000026134","protein_coding"
"99","ENSMUSG00000004768","protein_coding"
"100","ENSMUSG00000042215","protein_coding"
"101","ENSMUSG00000042197","protein_coding"
"102","ENSMUSG00000042182","protein_coding"
"103","ENSMUSG00000026131","protein_coding"
"104","ENSMUSG00000042111","protein_coding"
"105","ENSMUSG00000026127","protein_coding"
"106","ENSMUSG00000026126","protein_coding"
"107","ENSMUSG00000026125","protein_coding"
"108","ENSMUSG00000026124","protein_coding"
"109","ENSMUSG00000037529","protein_coding"
"110","ENSMUSG00000045174","protein_coding"
"111","ENSMUSG00000037509","protein_coding"
"112","ENSMUSG00000118272","protein_coding"
"113","ENSMUSG00000037503","protein_coding"
"114","ENSMUSG00000026123","protein_coding"
"115","ENSMUSG00000045216","protein_coding"
"116","ENSMUSG00000037470","protein_coding"
"117","ENSMUSG00000047180","protein_coding"
"118","ENSMUSG00000037447","protein_coding"
"119","ENSMUSG00000010453","protein_coding"
"120","ENSMUSG00000037432","protein_coding"
"121","ENSMUSG00000001143","protein_coding"
"122","ENSMUSG00000037408","protein_coding"
"123","ENSMUSG00000001138","protein_coding"
"124","ENSMUSG00000067653","protein_coding"
"125","ENSMUSG00000109510","protein_coding"
"126","ENSMUSG00000079610","protein_coding"
"127","ENSMUSG00000026121","protein_coding"
"128","ENSMUSG00000046337","protein_coding"
"129","ENSMUSG00000061518","protein_coding"
"130","ENSMUSG00000037351","protein_coding"
"131","ENSMUSG00000102416","protein_coding"
"132","ENSMUSG00000026117","protein_coding"
"133","ENSMUSG00000026116","protein_coding"
"134","ENSMUSG00000050122","protein_coding"
"135","ENSMUSG00000026114","protein_coding"
"136","ENSMUSG00000026113","protein_coding"
"137","ENSMUSG00000026112","protein_coding"
"138","ENSMUSG00000026111","protein_coding"
"139","ENSMUSG00000026110","protein_coding"
"140","ENSMUSG00000026090","protein_coding"
"141","ENSMUSG00000060771","protein_coding"
"142","ENSMUSG00000037216","protein_coding"
"143","ENSMUSG00000026088","protein_coding"
"144","ENSMUSG00000026087","protein_coding"
"145","ENSMUSG00000061584","protein_coding"
"146","ENSMUSG00000026085","protein_coding"
"147","ENSMUSG00000058407","protein_coding"
"148","ENSMUSG00000026083","protein_coding"
"149","ENSMUSG00000026082","protein_coding"
"150","ENSMUSG00000037138","protein_coding"
"151","ENSMUSG00000048814","protein_coding"
"152","ENSMUSG00000026080","protein_coding"
"153","ENSMUSG00000067604","protein_coding"
"154","ENSMUSG00000026078","protein_coding"
"155","ENSMUSG00000026077","protein_coding"
"156","ENSMUSG00000073702","protein_coding"
"157","ENSMUSG00000003134","protein_coding"
"158","ENSMUSG00000003135","protein_coding"
"159","ENSMUSG00000048234","protein_coding"
"160","ENSMUSG00000050967","protein_coding"
"161","ENSMUSG00000057173","protein_coding"
"162","ENSMUSG00000026074","protein_coding"
"163","ENSMUSG00000026073","protein_coding"
"164","ENSMUSG00000026072","protein_coding"
"165","ENSMUSG00000070942","protein_coding"
"166","ENSMUSG00000026069","protein_coding"
"167","ENSMUSG00000026070","protein_coding"
"168","ENSMUSG00000026068","protein_coding"
"169","ENSMUSG00000026065","protein_coding"
"170","ENSMUSG00000026062","protein_coding"
"171","ENSMUSG00000041945","protein_coding"
"172","ENSMUSG00000079588","protein_coding"
"173","ENSMUSG00000045515","protein_coding"
"174","ENSMUSG00000060679","protein_coding"
"175","ENSMUSG00000041907","protein_coding"
"176","ENSMUSG00000070939","protein_coding"
"177","ENSMUSG00000010290","protein_coding"
"178","ENSMUSG00000008136","protein_coding"
"179","ENSMUSG00000066877","protein_coding"
"180","ENSMUSG00000026051","protein_coding"
"181","ENSMUSG00000057363","protein_coding"
"182","ENSMUSG00000041763","protein_coding"
"183","ENSMUSG00000047343","protein_coding"
"184","ENSMUSG00000091844","protein_coding"
"185","ENSMUSG00000026049","protein_coding"
"186","ENSMUSG00000026047","protein_coding"
"187","ENSMUSG00000041684","protein_coding"
"188","ENSMUSG00000026048","protein_coding"
"189","ENSMUSG00000046828","protein_coding"
"190","ENSMUSG00000056870","protein_coding"
"191","ENSMUSG00000026043","protein_coding"
"192","ENSMUSG00000026042","protein_coding"
"193","ENSMUSG00000025995","protein_coding"
"194","ENSMUSG00000025993","protein_coding"
"195","ENSMUSG00000041144","protein_coding"
"196","ENSMUSG00000101337","protein_coding"
"197","ENSMUSG00000025986","protein_coding"
"198","ENSMUSG00000026109","protein_coding"
"199","ENSMUSG00000045954","protein_coding"
"200","ENSMUSG00000026107","protein_coding"
"201","ENSMUSG00000018417","protein_coding"
"202","ENSMUSG00000062939","protein_coding"
"203","ENSMUSG00000026104","protein_coding"
"204","ENSMUSG00000026103","protein_coding"
"205","ENSMUSG00000002881","protein_coding"
"206","ENSMUSG00000043015","protein_coding"
"207","ENSMUSG00000041439","protein_coding"
"208","ENSMUSG00000026102","protein_coding"
"209","ENSMUSG00000041426","protein_coding"
"210","ENSMUSG00000043629","protein_coding"
"211","ENSMUSG00000026100","protein_coding"
"212","ENSMUSG00000060715","protein_coding"
"213","ENSMUSG00000026098","protein_coding"
"214","ENSMUSG00000026097","protein_coding"
"215","ENSMUSG00000100679","protein_coding"
"216","ENSMUSG00000026096","protein_coding"
"217","ENSMUSG00000099913","protein_coding"
"218","ENSMUSG00000026095","protein_coding"
"219","ENSMUSG00000117809","protein_coding"
"220","ENSMUSG00000096141","protein_coding"
"221","ENSMUSG00000026094","protein_coding"
"222","ENSMUSG00000042807","protein_coding"
"223","ENSMUSG00000025983","protein_coding"
"224","ENSMUSG00000041303","protein_coding"
"225","ENSMUSG00000109809","protein_coding"
"226","ENSMUSG00000073678","protein_coding"
"227","ENSMUSG00000052331","protein_coding"
"228","ENSMUSG00000025982","protein_coding"
"229","ENSMUSG00000025981","protein_coding"
"230","ENSMUSG00000025980","protein_coding"
"231","ENSMUSG00000073676","protein_coding"
"232","ENSMUSG00000025979","protein_coding"
"233","ENSMUSG00000025978","protein_coding"
"234","ENSMUSG00000046994","protein_coding"
"235","ENSMUSG00000025977","protein_coding"
"236","ENSMUSG00000038349","protein_coding"
"237","ENSMUSG00000045336","protein_coding"
"238","ENSMUSG00000038331","protein_coding"
"239","ENSMUSG00000038323","protein_coding"
"240","ENSMUSG00000048495","protein_coding"
"241","ENSMUSG00000025971","protein_coding"
"242","ENSMUSG00000038305","protein_coding"
"243","ENSMUSG00000054770","protein_coding"
"244","ENSMUSG00000026039","protein_coding"
"245","ENSMUSG00000063558","protein_coding"
"246","ENSMUSG00000064294","protein_coding"
"247","ENSMUSG00000038242","protein_coding"
"248","ENSMUSG00000079554","protein_coding"
"249","ENSMUSG00000051223","protein_coding"
"250","ENSMUSG00000026034","protein_coding"
"251","ENSMUSG00000026035","protein_coding"
"252","ENSMUSG00000026036","protein_coding"
"253","ENSMUSG00000026037","protein_coding"
"254","ENSMUSG00000038174","protein_coding"
"255","ENSMUSG00000026032","protein_coding"
"256","ENSMUSG00000047528","protein_coding"
"257","ENSMUSG00000026031","protein_coding"
"258","ENSMUSG00000026029","protein_coding"
"259","ENSMUSG00000026028","protein_coding"
"260","ENSMUSG00000026027","protein_coding"
"261","ENSMUSG00000072295","protein_coding"
"262","ENSMUSG00000038079","protein_coding"
"263","ENSMUSG00000079550","protein_coding"
"264","ENSMUSG00000026024","protein_coding"
"265","ENSMUSG00000026023","protein_coding"
"266","ENSMUSG00000041075","protein_coding"
"267","ENSMUSG00000047361","protein_coding"
"268","ENSMUSG00000026021","protein_coding"
"269","ENSMUSG00000026020","protein_coding"
"270","ENSMUSG00000067336","protein_coding"
"271","ENSMUSG00000041040","protein_coding"
"272","ENSMUSG00000026018","protein_coding"
"273","ENSMUSG00000026019","protein_coding"
"274","ENSMUSG00000026017","protein_coding"
"275","ENSMUSG00000073664","protein_coding"
"276","ENSMUSG00000049439","protein_coding"
"277","ENSMUSG00000026782","protein_coding"
"278","ENSMUSG00000026014","protein_coding"
"279","ENSMUSG00000026012","protein_coding"
"280","ENSMUSG00000026011","protein_coding"
"281","ENSMUSG00000026009","protein_coding"
"282","ENSMUSG00000052062","protein_coding"
"283","ENSMUSG00000025969","protein_coding"
"284","ENSMUSG00000040865","protein_coding"
"285","ENSMUSG00000025968","protein_coding"
"286","ENSMUSG00000025967","protein_coding"
"287","ENSMUSG00000046856","protein_coding"
"288","ENSMUSG00000027520","protein_coding"
"289","ENSMUSG00000025964","protein_coding"
"290","ENSMUSG00000115378","protein_coding"
"291","ENSMUSG00000069085","protein_coding"
"292","ENSMUSG00000025963","protein_coding"
"293","ENSMUSG00000025962","protein_coding"
"294","ENSMUSG00000025959","protein_coding"
"295","ENSMUSG00000025958","protein_coding"
"296","ENSMUSG00000025956","protein_coding"
"297","ENSMUSG00000070871","protein_coding"
"298","ENSMUSG00000045005","protein_coding"
"299","ENSMUSG00000051344","protein_coding"
"300","ENSMUSG00000025955","protein_coding"
"301","ENSMUSG00000070870","protein_coding"
"302","ENSMUSG00000067299","protein_coding"
"303","ENSMUSG00000025952","protein_coding"
"304","ENSMUSG00000073658","protein_coding"
"305","ENSMUSG00000044429","protein_coding"
"306","ENSMUSG00000100846","protein_coding"
"307","ENSMUSG00000044816","protein_coding"
"308","ENSMUSG00000025950","protein_coding"
"309","ENSMUSG00000025949","protein_coding"
"310","ENSMUSG00000025946","protein_coding"
"311","ENSMUSG00000025945","protein_coding"
"312","ENSMUSG00000015222","protein_coding"
"313","ENSMUSG00000055567","protein_coding"
"314","ENSMUSG00000026005","protein_coding"
"315","ENSMUSG00000026004","protein_coding"
"316","ENSMUSG00000026003","protein_coding"
"317","ENSMUSG00000061816","protein_coding"
"318","ENSMUSG00000026000","protein_coding"
"319","ENSMUSG00000025991","protein_coding"
"320","ENSMUSG00000062209","protein_coding"
"321","ENSMUSG00000025997","protein_coding"
"322","ENSMUSG00000053153","protein_coding"
"323","ENSMUSG00000045648","protein_coding"
"324","ENSMUSG00000026196","protein_coding"
"325","ENSMUSG00000050296","protein_coding"
"326","ENSMUSG00000026192","protein_coding"
"327","ENSMUSG00000026193","protein_coding"
"328","ENSMUSG00000039395","protein_coding"
"329","ENSMUSG00000026189","protein_coding"
"330","ENSMUSG00000026188","protein_coding"
"331","ENSMUSG00000026187","protein_coding"
"332","ENSMUSG00000039372","protein_coding"
"333","ENSMUSG00000039354","protein_coding"
"334","ENSMUSG00000039342","protein_coding"
"335","ENSMUSG00000046330","protein_coding"
"336","ENSMUSG00000039323","protein_coding"
"337","ENSMUSG00000026185","protein_coding"
"338","ENSMUSG00000026182","protein_coding"
"339","ENSMUSG00000055322","protein_coding"
"340","ENSMUSG00000061815","protein_coding"
"341","ENSMUSG00000026180","protein_coding"
"342","ENSMUSG00000048480","protein_coding"
"343","ENSMUSG00000006304","protein_coding"
"344","ENSMUSG00000064272","protein_coding"
"345","ENSMUSG00000006299","protein_coding"
"346","ENSMUSG00000026179","protein_coding"
"347","ENSMUSG00000006301","protein_coding"
"348","ENSMUSG00000073650","protein_coding"
"349","ENSMUSG00000026177","protein_coding"
"350","ENSMUSG00000026176","protein_coding"
"351","ENSMUSG00000026175","protein_coding"
"352","ENSMUSG00000033364","protein_coding"
"353","ENSMUSG00000026174","protein_coding"
"354","ENSMUSG00000026173","protein_coding"
"355","ENSMUSG00000026135","protein_coding"
"356","ENSMUSG00000026172","protein_coding"
"357","ENSMUSG00000026171","protein_coding"
"358","ENSMUSG00000033276","protein_coding"
"359","ENSMUSG00000033257","protein_coding"
"360","ENSMUSG00000026170","protein_coding"
"361","ENSMUSG00000006542","protein_coding"
"362","ENSMUSG00000033227","protein_coding"
"363","ENSMUSG00000026167","protein_coding"
"364","ENSMUSG00000090071","protein_coding"
"365","ENSMUSG00000055197","protein_coding"
"366","ENSMUSG00000006546","protein_coding"
"367","ENSMUSG00000047021","protein_coding"
"368","ENSMUSG00000006538","protein_coding"
"369","ENSMUSG00000026162","protein_coding"
"370","ENSMUSG00000026205","protein_coding"
"371","ENSMUSG00000033159","protein_coding"
"372","ENSMUSG00000049339","protein_coding"
"373","ENSMUSG00000026197","protein_coding"
"374","ENSMUSG00000026198","protein_coding"
"375","ENSMUSG00000033124","protein_coding"
"376","ENSMUSG00000026199","protein_coding"
"377","ENSMUSG00000026200","protein_coding"
"378","ENSMUSG00000026201","protein_coding"
"379","ENSMUSG00000026202","protein_coding"
"380","ENSMUSG00000096094","protein_coding"
"381","ENSMUSG00000026203","protein_coding"
"382","ENSMUSG00000026204","protein_coding"
"383","ENSMUSG00000033061","protein_coding"
"384","ENSMUSG00000026209","protein_coding"
"385","ENSMUSG00000026208","protein_coding"
"386","ENSMUSG00000026207","protein_coding"
"387","ENSMUSG00000033021","protein_coding"
"388","ENSMUSG00000033007","protein_coding"
"389","ENSMUSG00000032997","protein_coding"
"390","ENSMUSG00000026211","protein_coding"
"391","ENSMUSG00000051703","protein_coding"
"392","ENSMUSG00000032968","protein_coding"
"393","ENSMUSG00000026213","protein_coding"
"394","ENSMUSG00000006576","protein_coding"
"395","ENSMUSG00000026235","protein_coding"
"396","ENSMUSG00000004872","protein_coding"
"397","ENSMUSG00000032908","protein_coding"
"398","ENSMUSG00000026245","protein_coding"
"399","ENSMUSG00000090486","protein_coding"
"400","ENSMUSG00000012187","protein_coding"
"401","ENSMUSG00000032883","protein_coding"
"402","ENSMUSG00000079470","protein_coding"
"403","ENSMUSG00000047330","protein_coding"
"404","ENSMUSG00000050711","protein_coding"
"405","ENSMUSG00000054702","protein_coding"
"406","ENSMUSG00000073643","protein_coding"
"407","ENSMUSG00000026248","protein_coding"
"408","ENSMUSG00000026249","protein_coding"
"409","ENSMUSG00000043230","protein_coding"
"410","ENSMUSG00000004364","protein_coding"
"411","ENSMUSG00000110100","protein_coding"
"412","ENSMUSG00000038608","protein_coding"
"413","ENSMUSG00000054976","protein_coding"
"414","ENSMUSG00000055980","protein_coding"
"415","ENSMUSG00000026142","protein_coding"
"416","ENSMUSG00000067158","protein_coding"
"417","ENSMUSG00000079465","protein_coding"
"418","ENSMUSG00000026150","protein_coding"
"419","ENSMUSG00000026149","protein_coding"
"420","ENSMUSG00000114299","protein_coding"
"421","ENSMUSG00000026159","protein_coding"
"422","ENSMUSG00000113880","protein_coding"
"423","ENSMUSG00000113973","protein_coding"
"424","ENSMUSG00000113846","protein_coding"
"425","ENSMUSG00000113084","protein_coding"
"426","ENSMUSG00000113925","protein_coding"
"427","ENSMUSG00000114011","protein_coding"
"428","ENSMUSG00000113097","protein_coding"
"429","ENSMUSG00000038496","protein_coding"
"430","ENSMUSG00000100190","protein_coding"
"431","ENSMUSG00000113267","protein_coding"
"432","ENSMUSG00000104423","protein_coding"
"433","ENSMUSG00000101315","protein_coding"
"434","ENSMUSG00000026166","protein_coding"
"435","ENSMUSG00000053161","protein_coding"
"436","ENSMUSG00000026163","protein_coding"
"437","ENSMUSG00000045658","protein_coding"
"438","ENSMUSG00000036766","protein_coding"
"439","ENSMUSG00000026219","protein_coding"
"440","ENSMUSG00000073633","protein_coding"
"441","ENSMUSG00000026220","protein_coding"
"442","ENSMUSG00000118590","protein_coding"
"443","ENSMUSG00000052477","protein_coding"
"444","ENSMUSG00000118640","protein_coding"
"445","ENSMUSG00000089844","protein_coding"
"446","ENSMUSG00000079457","protein_coding"
"447","ENSMUSG00000118591","protein_coding"
"448","ENSMUSG00000118607","protein_coding"
"449","ENSMUSG00000070034","protein_coding"
"450","ENSMUSG00000070031","protein_coding"
"451","ENSMUSG00000026222","protein_coding"
"452","ENSMUSG00000052760","protein_coding"
"453","ENSMUSG00000036707","protein_coding"
"454","ENSMUSG00000026223","protein_coding"
"455","ENSMUSG00000026224","protein_coding"
"456","ENSMUSG00000049608","protein_coding"
"457","ENSMUSG00000026226","protein_coding"
"458","ENSMUSG00000026227","protein_coding"
"459","ENSMUSG00000026229","protein_coding"
"460","ENSMUSG00000026228","protein_coding"
"461","ENSMUSG00000094638","protein_coding"
"462","ENSMUSG00000062590","protein_coding"
"463","ENSMUSG00000079445","protein_coding"
"464","ENSMUSG00000026234","protein_coding"
"465","ENSMUSG00000026237","protein_coding"
"466","ENSMUSG00000036574","protein_coding"
"467","ENSMUSG00000026238","protein_coding"
"468","ENSMUSG00000026239","protein_coding"
"469","ENSMUSG00000026240","protein_coding"
"470","ENSMUSG00000026241","protein_coding"
"471","ENSMUSG00000053333","protein_coding"
"472","ENSMUSG00000026246","protein_coding"
"473","ENSMUSG00000079440","protein_coding"
"474","ENSMUSG00000036500","protein_coding"
"475","ENSMUSG00000026247","protein_coding"
"476","ENSMUSG00000036480","protein_coding"
"477","ENSMUSG00000026251","protein_coding"
"478","ENSMUSG00000026253","protein_coding"
"479","ENSMUSG00000026254","protein_coding"
"480","ENSMUSG00000026255","protein_coding"
"481","ENSMUSG00000048000","protein_coding"
"482","ENSMUSG00000079436","protein_coding"
"483","ENSMUSG00000026258","protein_coding"
"484","ENSMUSG00000026259","protein_coding"
"485","ENSMUSG00000079434","protein_coding"
"486","ENSMUSG00000026288","protein_coding"
"487","ENSMUSG00000026289","protein_coding"
"488","ENSMUSG00000056055","protein_coding"
"489","ENSMUSG00000070738","protein_coding"
"490","ENSMUSG00000005501","protein_coding"
"491","ENSMUSG00000090165","protein_coding"
"492","ENSMUSG00000090175","protein_coding"
"493","ENSMUSG00000089675","protein_coding"
"494","ENSMUSG00000090124","protein_coding"
"495","ENSMUSG00000090145","protein_coding"
"496","ENSMUSG00000054545","protein_coding"
"497","ENSMUSG00000089943","protein_coding"
"498","ENSMUSG00000090171","protein_coding"
"499","ENSMUSG00000081984","protein_coding"
"500","ENSMUSG00000089960","protein_coding"
"501","ENSMUSG00000079429","protein_coding"
"502","ENSMUSG00000044783","protein_coding"
"503","ENSMUSG00000036251","protein_coding"
"504","ENSMUSG00000026295","protein_coding"
"505","ENSMUSG00000062310","protein_coding"
"506","ENSMUSG00000049866","protein_coding"
"507","ENSMUSG00000036206","protein_coding"
"508","ENSMUSG00000055013","protein_coding"
"509","ENSMUSG00000034486","protein_coding"
"510","ENSMUSG00000067081","protein_coding"
"511","ENSMUSG00000026301","protein_coding"
"512","ENSMUSG00000044337","protein_coding"
"513","ENSMUSG00000034432","protein_coding"
"514","ENSMUSG00000048126","protein_coding"
"515","ENSMUSG00000026303","protein_coding"
"516","ENSMUSG00000090550","protein_coding"
"517","ENSMUSG00000026304","protein_coding"
"518","ENSMUSG00000026305","protein_coding"
"519","ENSMUSG00000070732","protein_coding"
"520","ENSMUSG00000034353","protein_coding"
"521","ENSMUSG00000034343","protein_coding"
"522","ENSMUSG00000026307","protein_coding"
"523","ENSMUSG00000049515","protein_coding"
"524","ENSMUSG00000026308","protein_coding"
"525","ENSMUSG00000047443","protein_coding"
"526","ENSMUSG00000026309","protein_coding"
"527","ENSMUSG00000067071","protein_coding"
"528","ENSMUSG00000055866","protein_coding"
"529","ENSMUSG00000034292","protein_coding"
"530","ENSMUSG00000026311","protein_coding"
"531","ENSMUSG00000007805","protein_coding"
"532","ENSMUSG00000026313","protein_coding"
"533","ENSMUSG00000026260","protein_coding"
"534","ENSMUSG00000067064","protein_coding"
"535","ENSMUSG00000057464","protein_coding"
"536","ENSMUSG00000042849","protein_coding"
"537","ENSMUSG00000058904","protein_coding"
"538","ENSMUSG00000046300","protein_coding"
"539","ENSMUSG00000062497","protein_coding"
"540","ENSMUSG00000063583","protein_coding"
"541","ENSMUSG00000061616","protein_coding"
"542","ENSMUSG00000073616","protein_coding"
"543","ENSMUSG00000044055","protein_coding"
"544","ENSMUSG00000034220","protein_coding"
"545","ENSMUSG00000034212","protein_coding"
"546","ENSMUSG00000047067","protein_coding"
"547","ENSMUSG00000026269","protein_coding"
"548","ENSMUSG00000026270","protein_coding"
"549","ENSMUSG00000026271","protein_coding"
"550","ENSMUSG00000045091","protein_coding"
"551","ENSMUSG00000014602","protein_coding"
"552","ENSMUSG00000026272","protein_coding"
"553","ENSMUSG00000034159","protein_coding"
"554","ENSMUSG00000084989","protein_coding"
"555","ENSMUSG00000047793","protein_coding"
"556","ENSMUSG00000026273","protein_coding"
"557","ENSMUSG00000026274","protein_coding"
"558","ENSMUSG00000026275","protein_coding"
"559","ENSMUSG00000034107","protein_coding"
"560","ENSMUSG00000034088","protein_coding"
"561","ENSMUSG00000026276","protein_coding"
"562","ENSMUSG00000116048","protein_coding"
"563","ENSMUSG00000034066","protein_coding"
"564","ENSMUSG00000026277","protein_coding"
"565","ENSMUSG00000026278","protein_coding"
"566","ENSMUSG00000026279","protein_coding"
"567","ENSMUSG00000026280","protein_coding"
"568","ENSMUSG00000026281","protein_coding"
"569","ENSMUSG00000026283","protein_coding"
"570","ENSMUSG00000073609","protein_coding"
"571","ENSMUSG00000094651","protein_coding"
"572","ENSMUSG00000093805","protein_coding"
"573","ENSMUSG00000073608","protein_coding"
"574","ENSMUSG00000034000","protein_coding"
"575","ENSMUSG00000026285","protein_coding"
"576","ENSMUSG00000051185","protein_coding"
"577","ENSMUSG00000040710","protein_coding"
"578","ENSMUSG00000040693","protein_coding"
"579","ENSMUSG00000026331","protein_coding"
"580","ENSMUSG00000044768","protein_coding"
"581","ENSMUSG00000040648","protein_coding"
"582","ENSMUSG00000026333","protein_coding"
"583","ENSMUSG00000026335","protein_coding"
"584","ENSMUSG00000026336","protein_coding"
"585","ENSMUSG00000067028","protein_coding"
"586","ENSMUSG00000050840","protein_coding"
"587","ENSMUSG00000047496","protein_coding"
"588","ENSMUSG00000056536","protein_coding"
"589","ENSMUSG00000026319","protein_coding"
"590","ENSMUSG00000026321","protein_coding"
"591","ENSMUSG00000038866","protein_coding"
"592","ENSMUSG00000044340","protein_coding"
"593","ENSMUSG00000057329","protein_coding"
"594","ENSMUSG00000009905","protein_coding"
"595","ENSMUSG00000009907","protein_coding"
"596","ENSMUSG00000067006","protein_coding"
"597","ENSMUSG00000059956","protein_coding"
"598","ENSMUSG00000048775","protein_coding"
"599","ENSMUSG00000044594","protein_coding"
"600","ENSMUSG00000058017","protein_coding"
"601","ENSMUSG00000073602","protein_coding"
"602","ENSMUSG00000073601","protein_coding"
"603","ENSMUSG00000026327","protein_coding"
"604","ENSMUSG00000067001","protein_coding"
"605","ENSMUSG00000062345","protein_coding"
"606","ENSMUSG00000092572","protein_coding"
"607","ENSMUSG00000026315","protein_coding"
"608","ENSMUSG00000026312","protein_coding"
"609","ENSMUSG00000047216","protein_coding"
"610","ENSMUSG00000038702","protein_coding"
"611","ENSMUSG00000070695","protein_coding"
"612","ENSMUSG00000094429","protein_coding"
"613","ENSMUSG00000101303","protein_coding"
"614","ENSMUSG00000100617","protein_coding"
"615","ENSMUSG00000102030","protein_coding"
"616","ENSMUSG00000026374","protein_coding"
"617","ENSMUSG00000026377","protein_coding"
"618","ENSMUSG00000064302","protein_coding"
"619","ENSMUSG00000026380","protein_coding"
"620","ENSMUSG00000048402","protein_coding"
"621","ENSMUSG00000037035","protein_coding"
"622","ENSMUSG00000004451","protein_coding"
"623","ENSMUSG00000098923","protein_coding"
"624","ENSMUSG00000026383","protein_coding"
"625","ENSMUSG00000026384","protein_coding"
"626","ENSMUSG00000036975","protein_coding"
"627","ENSMUSG00000036962","protein_coding"
"628","ENSMUSG00000026387","protein_coding"
"629","ENSMUSG00000050777","protein_coding"
"630","ENSMUSG00000026385","protein_coding"
"631","ENSMUSG00000026388","protein_coding"
"632","ENSMUSG00000026389","protein_coding"
"633","ENSMUSG00000036907","protein_coding"
"634","ENSMUSG00000026390","protein_coding"
"635","ENSMUSG00000058665","protein_coding"
"636","ENSMUSG00000003721","protein_coding"
"637","ENSMUSG00000026339","protein_coding"
"638","ENSMUSG00000050534","protein_coding"
"639","ENSMUSG00000001674","protein_coding"
"640","ENSMUSG00000036815","protein_coding"
"641","ENSMUSG00000026341","protein_coding"
"642","ENSMUSG00000026342","protein_coding"
"643","ENSMUSG00000026343","protein_coding"
"644","ENSMUSG00000026344","protein_coding"
"645","ENSMUSG00000049690","protein_coding"
"646","ENSMUSG00000036155","protein_coding"
"647","ENSMUSG00000026347","protein_coding"
"648","ENSMUSG00000026348","protein_coding"
"649","ENSMUSG00000026349","protein_coding"
"650","ENSMUSG00000051590","protein_coding"
"651","ENSMUSG00000036104","protein_coding"
"652","ENSMUSG00000036086","protein_coding"
"653","ENSMUSG00000056211","protein_coding"
"654","ENSMUSG00000026353","protein_coding"
"655","ENSMUSG00000026354","protein_coding"
"656","ENSMUSG00000026355","protein_coding"
"657","ENSMUSG00000026356","protein_coding"
"658","ENSMUSG00000045382","protein_coding"
"659","ENSMUSG00000042581","protein_coding"
"660","ENSMUSG00000026401","protein_coding"
"661","ENSMUSG00000026399","protein_coding"
"662","ENSMUSG00000042554","protein_coding"
"663","ENSMUSG00000026405","protein_coding"
"664","ENSMUSG00000101904","protein_coding"
"665","ENSMUSG00000026409","protein_coding"
"666","ENSMUSG00000046404","protein_coding"
"667","ENSMUSG00000042510","protein_coding"
"668","ENSMUSG00000026415","protein_coding"
"669","ENSMUSG00000026417","protein_coding"
"670","ENSMUSG00000042474","protein_coding"
"671","ENSMUSG00000026420","protein_coding"
"672","ENSMUSG00000026416","protein_coding"
"673","ENSMUSG00000016524","protein_coding"
"674","ENSMUSG00000016529","protein_coding"
"675","ENSMUSG00000016528","protein_coding"
"676","ENSMUSG00000016526","protein_coding"
"677","ENSMUSG00000026427","protein_coding"
"678","ENSMUSG00000026430","protein_coding"
"679","ENSMUSG00000042349","protein_coding"
"680","ENSMUSG00000026425","protein_coding"
"681","ENSMUSG00000055184","protein_coding"
"682","ENSMUSG00000026432","protein_coding"
"683","ENSMUSG00000004552","protein_coding"
"684","ENSMUSG00000052688","protein_coding"
"685","ENSMUSG00000042268","protein_coding"
"686","ENSMUSG00000042251","protein_coding"
"687","ENSMUSG00000013275","protein_coding"
"688","ENSMUSG00000026433","protein_coding"
"689","ENSMUSG00000026434","protein_coding"
"690","ENSMUSG00000026435","protein_coding"
"691","ENSMUSG00000026436","protein_coding"
"692","ENSMUSG00000059149","protein_coding"
"693","ENSMUSG00000026437","protein_coding"
"694","ENSMUSG00000079330","protein_coding"
"695","ENSMUSG00000118219","protein_coding"
"696","ENSMUSG00000042115","protein_coding"
"697","ENSMUSG00000009772","protein_coding"
"698","ENSMUSG00000042066","protein_coding"
"699","ENSMUSG00000042046","protein_coding"
"700","ENSMUSG00000026439","protein_coding"
"701","ENSMUSG00000048174","protein_coding"
"702","ENSMUSG00000053024","protein_coding"
"703","ENSMUSG00000026442","protein_coding"
"704","ENSMUSG00000026443","protein_coding"
"705","ENSMUSG00000054387","protein_coding"
"706","ENSMUSG00000026447","protein_coding"
"707","ENSMUSG00000046062","protein_coding"
"708","ENSMUSG00000041757","protein_coding"
"709","ENSMUSG00000103421","protein_coding"
"710","ENSMUSG00000115958","protein_coding"
"711","ENSMUSG00000098306","protein_coding"
"712","ENSMUSG00000116158","protein_coding"
"713","ENSMUSG00000070645","protein_coding"
"714","ENSMUSG00000070644","protein_coding"
"715","ENSMUSG00000070643","protein_coding"
"716","ENSMUSG00000090553","protein_coding"
"717","ENSMUSG00000102976","protein_coding"
"718","ENSMUSG00000094410","protein_coding"
"719","ENSMUSG00000051998","protein_coding"
"720","ENSMUSG00000026463","protein_coding"
"721","ENSMUSG00000010311","protein_coding"
"722","ENSMUSG00000041577","protein_coding"
"723","ENSMUSG00000041559","protein_coding"
"724","ENSMUSG00000020423","protein_coding"
"725","ENSMUSG00000026450","protein_coding"
"726","ENSMUSG00000064246","protein_coding"
"727","ENSMUSG00000042451","protein_coding"
"728","ENSMUSG00000042429","protein_coding"
"729","ENSMUSG00000026459","protein_coding"
"730","ENSMUSG00000026458","protein_coding"
"731","ENSMUSG00000042305","protein_coding"
"732","ENSMUSG00000050526","protein_coding"
"733","ENSMUSG00000026456","protein_coding"
"734","ENSMUSG00000026457","protein_coding"
"735","ENSMUSG00000026455","protein_coding"
"736","ENSMUSG00000042229","protein_coding"
"737","ENSMUSG00000046367","protein_coding"
"738","ENSMUSG00000042207","protein_coding"
"739","ENSMUSG00000026452","protein_coding"
"740","ENSMUSG00000073557","protein_coding"
"741","ENSMUSG00000026429","protein_coding"
"742","ENSMUSG00000042793","protein_coding"
"743","ENSMUSG00000097993","protein_coding"
"744","ENSMUSG00000031506","protein_coding"
"745","ENSMUSG00000026426","protein_coding"
"746","ENSMUSG00000026424","protein_coding"
"747","ENSMUSG00000003051","protein_coding"
"748","ENSMUSG00000041926","protein_coding"
"749","ENSMUSG00000062580","protein_coding"
"750","ENSMUSG00000048096","protein_coding"
"751","ENSMUSG00000041889","protein_coding"
"752","ENSMUSG00000041879","protein_coding"
"753","ENSMUSG00000009418","protein_coding"
"754","ENSMUSG00000026421","protein_coding"
"755","ENSMUSG00000041801","protein_coding"
"756","ENSMUSG00000026418","protein_coding"
"757","ENSMUSG00000041782","protein_coding"
"758","ENSMUSG00000026414","protein_coding"
"759","ENSMUSG00000026413","protein_coding"
"760","ENSMUSG00000051985","protein_coding"
"761","ENSMUSG00000026411","protein_coding"
"762","ENSMUSG00000097918","protein_coding"
"763","ENSMUSG00000026407","protein_coding"
"764","ENSMUSG00000041642","protein_coding"
"765","ENSMUSG00000087230","protein_coding"
"766","ENSMUSG00000041605","protein_coding"
"767","ENSMUSG00000052759","protein_coding"
"768","ENSMUSG00000041570","protein_coding"
"769","ENSMUSG00000026404","protein_coding"
"770","ENSMUSG00000041498","protein_coding"
"771","ENSMUSG00000041483","protein_coding"
"772","ENSMUSG00000026398","protein_coding"
"773","ENSMUSG00000026395","protein_coding"
"774","ENSMUSG00000026394","protein_coding"
"775","ENSMUSG00000026393","protein_coding"
"776","ENSMUSG00000019230","protein_coding"
"777","ENSMUSG00000079283","protein_coding"
"778","ENSMUSG00000056268","protein_coding"
"779","ENSMUSG00000063681","protein_coding"
"780","ENSMUSG00000033964","protein_coding"
"781","ENSMUSG00000033952","protein_coding"
"782","ENSMUSG00000026368","protein_coding"
"783","ENSMUSG00000057037","protein_coding"
"784","ENSMUSG00000070594","protein_coding"
"785","ENSMUSG00000033898","protein_coding"
"786","ENSMUSG00000026365","protein_coding"
"787","ENSMUSG00000052726","protein_coding"
"788","ENSMUSG00000026361","protein_coding"
"789","ENSMUSG00000033849","protein_coding"
"790","ENSMUSG00000018196","protein_coding"
"791","ENSMUSG00000018199","protein_coding"
"792","ENSMUSG00000018189","protein_coding"
"793","ENSMUSG00000026360","protein_coding"
"794","ENSMUSG00000051079","protein_coding"
"795","ENSMUSG00000026358","protein_coding"
"796","ENSMUSG00000098509","protein_coding"
"797","ENSMUSG00000026357","protein_coding"
"798","ENSMUSG00000035131","protein_coding"
"799","ENSMUSG00000056220","protein_coding"
"800","ENSMUSG00000032487","protein_coding"
"801","ENSMUSG00000006007","protein_coding"
"802","ENSMUSG00000006010","protein_coding"
"803","ENSMUSG00000006005","protein_coding"
"804","ENSMUSG00000006014","protein_coding"
"805","ENSMUSG00000066842","protein_coding"
"806","ENSMUSG00000114212","protein_coding"
"807","ENSMUSG00000114943","protein_coding"
"808","ENSMUSG00000114694","protein_coding"
"809","ENSMUSG00000114582","protein_coding"
"810","ENSMUSG00000114591","protein_coding"
"811","ENSMUSG00000023150","protein_coding"
"812","ENSMUSG00000052748","protein_coding"
"813","ENSMUSG00000053286","protein_coding"
"814","ENSMUSG00000026484","protein_coding"
"815","ENSMUSG00000026483","protein_coding"
"816","ENSMUSG00000043019","protein_coding"
"817","ENSMUSG00000032666","protein_coding"
"818","ENSMUSG00000014980","protein_coding"
"819","ENSMUSG00000032649","protein_coding"
"820","ENSMUSG00000026482","protein_coding"
"821","ENSMUSG00000055547","protein_coding"
"822","ENSMUSG00000008475","protein_coding"
"823","ENSMUSG00000026480","protein_coding"
"824","ENSMUSG00000042772","protein_coding"
"825","ENSMUSG00000042751","protein_coding"
"826","ENSMUSG00000026479","protein_coding"
"827","ENSMUSG00000026478","protein_coding"
"828","ENSMUSG00000042708","protein_coding"
"829","ENSMUSG00000042699","protein_coding"
"830","ENSMUSG00000042684","protein_coding"
"831","ENSMUSG00000042671","protein_coding"
"832","ENSMUSG00000026475","protein_coding"
"833","ENSMUSG00000066800","protein_coding"
"834","ENSMUSG00000042641","protein_coding"
"835","ENSMUSG00000045968","protein_coding"
"836","ENSMUSG00000043282","protein_coding"
"837","ENSMUSG00000047053","protein_coding"
"838","ENSMUSG00000026473","protein_coding"
"839","ENSMUSG00000066797","protein_coding"
"840","ENSMUSG00000004110","protein_coding"
"841","ENSMUSG00000056708","protein_coding"
"842","ENSMUSG00000026471","protein_coding"
"843","ENSMUSG00000026470","protein_coding"
"844","ENSMUSG00000033722","protein_coding"
"845","ENSMUSG00000026469","protein_coding"
"846","ENSMUSG00000033701","protein_coding"
"847","ENSMUSG00000026468","protein_coding"
"848","ENSMUSG00000033684","protein_coding"
"849","ENSMUSG00000033671","protein_coding"
"850","ENSMUSG00000026466","protein_coding"
"851","ENSMUSG00000050565","protein_coding"
"852","ENSMUSG00000015484","protein_coding"
"853","ENSMUSG00000060985","protein_coding"
"854","ENSMUSG00000026602","protein_coding"
"855","ENSMUSG00000026601","protein_coding"
"856","ENSMUSG00000078193","protein_coding"
"857","ENSMUSG00000026600","protein_coding"
"858","ENSMUSG00000026596","protein_coding"
"859","ENSMUSG00000060519","protein_coding"
"860","ENSMUSG00000033557","protein_coding"
"861","ENSMUSG00000026594","protein_coding"
"862","ENSMUSG00000033544","protein_coding"
"863","ENSMUSG00000026592","protein_coding"
"864","ENSMUSG00000070565","protein_coding"
"865","ENSMUSG00000033488","protein_coding"
"866","ENSMUSG00000026589","protein_coding"
"867","ENSMUSG00000004031","protein_coding"
"868","ENSMUSG00000026587","protein_coding"
"869","ENSMUSG00000073530","protein_coding"
"870","ENSMUSG00000040782","protein_coding"
"871","ENSMUSG00000015829","protein_coding"
"872","ENSMUSG00000090394","protein_coding"
"873","ENSMUSG00000026725","protein_coding"
"874","ENSMUSG00000058267","protein_coding"
"875","ENSMUSG00000014226","protein_coding"
"876","ENSMUSG00000026721","protein_coding"
"877","ENSMUSG00000118401","protein_coding"
"878","ENSMUSG00000040423","protein_coding"
"879","ENSMUSG00000026715","protein_coding"
"880","ENSMUSG00000043467","protein_coding"
"881","ENSMUSG00000026709","protein_coding"
"882","ENSMUSG00000026708","protein_coding"
"883","ENSMUSG00000026705","protein_coding"
"884","ENSMUSG00000044835","protein_coding"
"885","ENSMUSG00000049160","protein_coding"
"886","ENSMUSG00000026701","protein_coding"
"887","ENSMUSG00000026700","protein_coding"
"888","ENSMUSG00000066755","protein_coding"
"889","ENSMUSG00000000817","protein_coding"
"890","ENSMUSG00000040297","protein_coding"
"891","ENSMUSG00000086277","protein_coding"
"892","ENSMUSG00000026698","protein_coding"
"893","ENSMUSG00000040265","protein_coding"
"894","ENSMUSG00000026694","protein_coding"
"895","ENSMUSG00000026696","protein_coding"
"896","ENSMUSG00000026697","protein_coding"
"897","ENSMUSG00000091060","protein_coding"
"898","ENSMUSG00000040225","protein_coding"
"899","ENSMUSG00000026692","protein_coding"
"900","ENSMUSG00000040181","protein_coding"
"901","ENSMUSG00000040170","protein_coding"
"902","ENSMUSG00000095576","protein_coding"
"903","ENSMUSG00000026691","protein_coding"
"904","ENSMUSG00000071890","protein_coding"
"905","ENSMUSG00000026586","protein_coding"
"906","ENSMUSG00000040124","protein_coding"
"907","ENSMUSG00000040113","protein_coding"
"908","ENSMUSG00000026585","protein_coding"
"909","ENSMUSG00000026584","protein_coding"
"910","ENSMUSG00000041406","protein_coding"
"911","ENSMUSG00000041396","protein_coding"
"912","ENSMUSG00000026582","protein_coding"
"913","ENSMUSG00000026581","protein_coding"
"914","ENSMUSG00000026580","protein_coding"
"915","ENSMUSG00000026579","protein_coding"
"916","ENSMUSG00000040918","protein_coding"
"917","ENSMUSG00000026578","protein_coding"
"918","ENSMUSG00000026577","protein_coding"
"919","ENSMUSG00000026575","protein_coding"
"920","ENSMUSG00000026576","protein_coding"
"921","ENSMUSG00000026574","protein_coding"
"922","ENSMUSG00000026573","protein_coding"
"923","ENSMUSG00000026572","protein_coding"
"924","ENSMUSG00000040848","protein_coding"
"925","ENSMUSG00000040843","protein_coding"
"926","ENSMUSG00000040836","protein_coding"
"927","ENSMUSG00000026571","protein_coding"
"928","ENSMUSG00000026568","protein_coding"
"929","ENSMUSG00000026567","protein_coding"
"930","ENSMUSG00000026566","protein_coding"
"931","ENSMUSG00000040723","protein_coding"
"932","ENSMUSG00000040713","protein_coding"
"933","ENSMUSG00000005763","protein_coding"
"934","ENSMUSG00000026565","protein_coding"
"935","ENSMUSG00000026564","protein_coding"
"936","ENSMUSG00000000544","protein_coding"
"937","ENSMUSG00000040629","protein_coding"
"938","ENSMUSG00000040612","protein_coding"
"939","ENSMUSG00000026563","protein_coding"
"940","ENSMUSG00000040596","protein_coding"
"941","ENSMUSG00000086056","protein_coding"
"942","ENSMUSG00000051081","protein_coding"
"943","ENSMUSG00000026560","protein_coding"
"944","ENSMUSG00000060568","protein_coding"
"945","ENSMUSG00000026558","protein_coding"
"946","ENSMUSG00000052428","protein_coding"
"947","ENSMUSG00000026687","protein_coding"
"948","ENSMUSG00000026688","protein_coding"
"949","ENSMUSG00000040485","protein_coding"
"950","ENSMUSG00000015843","protein_coding"
"951","ENSMUSG00000026686","protein_coding"
"952","ENSMUSG00000052534","protein_coding"
"953","ENSMUSG00000026683","protein_coding"
"954","ENSMUSG00000026678","protein_coding"
"955","ENSMUSG00000038530","protein_coding"
"956","ENSMUSG00000070532","protein_coding"
"957","ENSMUSG00000026675","protein_coding"
"958","ENSMUSG00000026674","protein_coding"
"959","ENSMUSG00000026670","protein_coding"
"960","ENSMUSG00000026667","protein_coding"
"961","ENSMUSG00000073494","protein_coding"
"962","ENSMUSG00000102418","protein_coding"
"963","ENSMUSG00000102752","protein_coding"
"964","ENSMUSG00000038473","protein_coding"
"965","ENSMUSG00000042800","protein_coding"
"966","ENSMUSG00000038463","protein_coding"
"967","ENSMUSG00000026663","protein_coding"
"968","ENSMUSG00000026659","protein_coding"
"969","ENSMUSG00000096968","protein_coding"
"970","ENSMUSG00000070524","protein_coding"
"971","ENSMUSG00000038421","protein_coding"
"972","ENSMUSG00000026656","protein_coding"
"973","ENSMUSG00000059089","protein_coding"
"974","ENSMUSG00000059498","protein_coding"
"975","ENSMUSG00000026649","protein_coding"
"976","ENSMUSG00000058076","protein_coding"
"977","ENSMUSG00000056569","protein_coding"
"978","ENSMUSG00000038370","protein_coding"
"979","ENSMUSG00000005677","protein_coding"
"980","ENSMUSG00000005674","protein_coding"
"981","ENSMUSG00000005681","protein_coding"
"982","ENSMUSG00000058715","protein_coding"
"983","ENSMUSG00000013593","protein_coding"
"984","ENSMUSG00000006403","protein_coding"
"985","ENSMUSG00000052423","protein_coding"
"986","ENSMUSG00000062729","protein_coding"
"987","ENSMUSG00000053483","protein_coding"
"988","ENSMUSG00000062963","protein_coding"
"989","ENSMUSG00000013973","protein_coding"
"990","ENSMUSG00000013997","protein_coding"
"991","ENSMUSG00000006412","protein_coding"
"992","ENSMUSG00000045259","protein_coding"
"993","ENSMUSG00000006411","protein_coding"
"994","ENSMUSG00000048865","protein_coding"
"995","ENSMUSG00000026641","protein_coding"
"996","ENSMUSG00000103711","protein_coding"
"997","ENSMUSG00000038235","protein_coding"
"998","ENSMUSG00000060244","protein_coding"
"999","ENSMUSG00000038209","protein_coding"
"1000","ENSMUSG00000004709","protein_coding"
"1001","ENSMUSG00000004707","protein_coding"
"1002","ENSMUSG00000038179","protein_coding"
"1003","ENSMUSG00000015355","protein_coding"
"1004","ENSMUSG00000015316","protein_coding"
"1005","ENSMUSG00000038147","protein_coding"
"1006","ENSMUSG00000015314","protein_coding"
"1007","ENSMUSG00000026556","protein_coding"
"1008","ENSMUSG00000051251","protein_coding"
"1009","ENSMUSG00000003458","protein_coding"
"1010","ENSMUSG00000026553","protein_coding"
"1011","ENSMUSG00000003464","protein_coding"
"1012","ENSMUSG00000026554","protein_coding"
"1013","ENSMUSG00000013698","protein_coding"
"1014","ENSMUSG00000007122","protein_coding"
"1015","ENSMUSG00000007107","protein_coding"
"1016","ENSMUSG00000038034","protein_coding"
"1017","ENSMUSG00000007097","protein_coding"
"1018","ENSMUSG00000038026","protein_coding"
"1019","ENSMUSG00000044708","protein_coding"
"1020","ENSMUSG00000050229","protein_coding"
"1021","ENSMUSG00000026548","protein_coding"
"1022","ENSMUSG00000037995","protein_coding"
"1023","ENSMUSG00000026547","protein_coding"
"1024","ENSMUSG00000026546","protein_coding"
"1025","ENSMUSG00000049598","protein_coding"
"1026","ENSMUSG00000053318","protein_coding"
"1027","ENSMUSG00000070504","protein_coding"
"1028","ENSMUSG00000026544","protein_coding"
"1029","ENSMUSG00000037942","protein_coding"
"1030","ENSMUSG00000026542","protein_coding"
"1031","ENSMUSG00000037924","protein_coding"
"1032","ENSMUSG00000062527","protein_coding"
"1033","ENSMUSG00000058981","protein_coding"
"1034","ENSMUSG00000046643","protein_coding"
"1035","ENSMUSG00000049456","protein_coding"
"1036","ENSMUSG00000005339","protein_coding"
"1037","ENSMUSG00000049605","protein_coding"
"1038","ENSMUSG00000079180","protein_coding"
"1039","ENSMUSG00000037872","protein_coding"
"1040","ENSMUSG00000005338","protein_coding"
"1041","ENSMUSG00000037860","protein_coding"
"1042","ENSMUSG00000037849","protein_coding"
"1043","ENSMUSG00000070501","protein_coding"
"1044","ENSMUSG00000073491","protein_coding"
"1045","ENSMUSG00000043263","protein_coding"
"1046","ENSMUSG00000066677","protein_coding"
"1047","ENSMUSG00000073490","protein_coding"
"1048","ENSMUSG00000073489","protein_coding"
"1049","ENSMUSG00000090272","protein_coding"
"1050","ENSMUSG00000026536","protein_coding"
"1051","ENSMUSG00000039997","protein_coding"
"1052","ENSMUSG00000026535","protein_coding"
"1053","ENSMUSG00000054203","protein_coding"
"1054","ENSMUSG00000045381","protein_coding"
"1055","ENSMUSG00000047048","protein_coding"
"1056","ENSMUSG00000050134","protein_coding"
"1057","ENSMUSG00000049528","protein_coding"
"1058","ENSMUSG00000059371","protein_coding"
"1059","ENSMUSG00000046486","protein_coding"
"1060","ENSMUSG00000051528","protein_coding"
"1061","ENSMUSG00000091950","protein_coding"
"1062","ENSMUSG00000055033","protein_coding"
"1063","ENSMUSG00000026532","protein_coding"
"1064","ENSMUSG00000050788","protein_coding"
"1065","ENSMUSG00000026531","protein_coding"
"1066","ENSMUSG00000066672","protein_coding"
"1067","ENSMUSG00000059503","protein_coding"
"1068","ENSMUSG00000051509","protein_coding"
"1069","ENSMUSG00000066671","protein_coding"
"1070","ENSMUSG00000028354","protein_coding"
"1071","ENSMUSG00000050069","protein_coding"
"1072","ENSMUSG00000026527","protein_coding"
"1073","ENSMUSG00000026526","protein_coding"
"1074","ENSMUSG00000039783","protein_coding"
"1075","ENSMUSG00000026525","protein_coding"
"1076","ENSMUSG00000078185","protein_coding"
"1077","ENSMUSG00000026523","protein_coding"
"1078","ENSMUSG00000039748","protein_coding"
"1079","ENSMUSG00000104158","protein_coding"
"1080","ENSMUSG00000055214","protein_coding"
"1081","ENSMUSG00000078184","protein_coding"
"1082","ENSMUSG00000057335","protein_coding"
"1083","ENSMUSG00000026504","protein_coding"
"1084","ENSMUSG00000019699","protein_coding"
"1085","ENSMUSG00000063659","protein_coding"
"1086","ENSMUSG00000015962","protein_coding"
"1087","ENSMUSG00000015961","protein_coding"
"1088","ENSMUSG00000102483","protein_coding"
"1089","ENSMUSG00000091476","protein_coding"
"1090","ENSMUSG00000026502","protein_coding"
"1091","ENSMUSG00000026500","protein_coding"
"1092","ENSMUSG00000039630","protein_coding"
"1093","ENSMUSG00000026495","protein_coding"
"1094","ENSMUSG00000026494","protein_coding"
"1095","ENSMUSG00000055067","protein_coding"
"1096","ENSMUSG00000026492","protein_coding"
"1097","ENSMUSG00000038949","protein_coding"
"1098","ENSMUSG00000038936","protein_coding"
"1099","ENSMUSG00000087236","protein_coding"
"1100","ENSMUSG00000026491","protein_coding"
"1101","ENSMUSG00000026490","protein_coding"
"1102","ENSMUSG00000026489","protein_coding"
"1103","ENSMUSG00000010609","protein_coding"
"1104","ENSMUSG00000038855","protein_coding"
"1105","ENSMUSG00000053963","protein_coding"
"1106","ENSMUSG00000026496","protein_coding"
"1107","ENSMUSG00000058729","protein_coding"
"1108","ENSMUSG00000026497","protein_coding"
"1109","ENSMUSG00000026499","protein_coding"
"1110","ENSMUSG00000060743","protein_coding"
"1111","ENSMUSG00000038806","protein_coding"
"1112","ENSMUSG00000066652","protein_coding"
"1113","ENSMUSG00000026520","protein_coding"
"1114","ENSMUSG00000038793","protein_coding"
"1115","ENSMUSG00000026519","protein_coding"
"1116","ENSMUSG00000038776","protein_coding"
"1117","ENSMUSG00000038768","protein_coding"
"1118","ENSMUSG00000026516","protein_coding"
"1119","ENSMUSG00000062169","protein_coding"
"1120","ENSMUSG00000038733","protein_coding"
"1121","ENSMUSG00000026514","protein_coding"
"1122","ENSMUSG00000050625","protein_coding"
"1123","ENSMUSG00000047369","protein_coding"
"1124","ENSMUSG00000004880","protein_coding"
"1125","ENSMUSG00000022995","protein_coding"
"1126","ENSMUSG00000026511","protein_coding"
"1127","ENSMUSG00000091013","protein_coding"
"1128","ENSMUSG00000038633","protein_coding"
"1129","ENSMUSG00000047539","protein_coding"
"1130","ENSMUSG00000026510","protein_coding"
"1131","ENSMUSG00000026509","protein_coding"
"1132","ENSMUSG00000038599","protein_coding"
"1133","ENSMUSG00000043429","protein_coding"
"1134","ENSMUSG00000038576","protein_coding"
"1135","ENSMUSG00000079164","protein_coding"
"1136","ENSMUSG00000030768","protein_coding"
"1137","ENSMUSG00000046836","protein_coding"
"1138","ENSMUSG00000042901","protein_coding"
"1139","ENSMUSG00000056050","protein_coding"
"1140","ENSMUSG00000072258","protein_coding"
"1141","ENSMUSG00000053461","protein_coding"
"1142","ENSMUSG00000039384","protein_coding"
"1143","ENSMUSG00000044854","protein_coding"
"1144","ENSMUSG00000039377","protein_coding"
"1145","ENSMUSG00000026621","protein_coding"
"1146","ENSMUSG00000073481","protein_coding"
"1147","ENSMUSG00000039349","protein_coding"
"1148","ENSMUSG00000026620","protein_coding"
"1149","ENSMUSG00000039318","protein_coding"
"1150","ENSMUSG00000026618","protein_coding"
"1151","ENSMUSG00000026617","protein_coding"
"1152","ENSMUSG00000026615","protein_coding"
"1153","ENSMUSG00000026614","protein_coding"
"1154","ENSMUSG00000039246","protein_coding"
"1155","ENSMUSG00000039239","protein_coding"
"1156","ENSMUSG00000001305","protein_coding"
"1157","ENSMUSG00000039224","protein_coding"
"1158","ENSMUSG00000026611","protein_coding"
"1159","ENSMUSG00000039210","protein_coding"
"1160","ENSMUSG00000026610","protein_coding"
"1161","ENSMUSG00000026609","protein_coding"
"1162","ENSMUSG00000026608","protein_coding"
"1163","ENSMUSG00000037624","protein_coding"
"1164","ENSMUSG00000026605","protein_coding"
"1165","ENSMUSG00000026604","protein_coding"
"1166","ENSMUSG00000026603","protein_coding"
"1167","ENSMUSG00000010175","protein_coding"
"1168","ENSMUSG00000089872","protein_coding"
"1169","ENSMUSG00000026634","protein_coding"
"1170","ENSMUSG00000037568","protein_coding"
"1171","ENSMUSG00000066595","protein_coding"
"1172","ENSMUSG00000057072","protein_coding"
"1173","ENSMUSG00000026632","protein_coding"
"1174","ENSMUSG00000062510","protein_coding"
"1175","ENSMUSG00000026630","protein_coding"
"1176","ENSMUSG00000091017","protein_coding"
"1177","ENSMUSG00000026628","protein_coding"
"1178","ENSMUSG00000037499","protein_coding"
"1179","ENSMUSG00000026627","protein_coding"
"1180","ENSMUSG00000026626","protein_coding"
"1181","ENSMUSG00000037474","protein_coding"
"1182","ENSMUSG00000037461","protein_coding"
"1183","ENSMUSG00000026623","protein_coding"
"1184","ENSMUSG00000026622","protein_coding"
"1185","ENSMUSG00000037434","protein_coding"
"1186","ENSMUSG00000049353","protein_coding"
"1187","ENSMUSG00000026637","protein_coding"
"1188","ENSMUSG00000037395","protein_coding"
"1189","ENSMUSG00000058248","protein_coding"
"1190","ENSMUSG00000037375","protein_coding"
"1191","ENSMUSG00000016262","protein_coding"
"1192","ENSMUSG00000016200","protein_coding"
"1193","ENSMUSG00000016181","protein_coding"
"1194","ENSMUSG00000026638","protein_coding"
"1195","ENSMUSG00000079144","protein_coding"
"1196","ENSMUSG00000037318","protein_coding"
"1197","ENSMUSG00000026639","protein_coding"
"1198","ENSMUSG00000016194","protein_coding"
"1199","ENSMUSG00000009633","protein_coding"
"1200","ENSMUSG00000016179","protein_coding"
"1201","ENSMUSG00000026640","protein_coding"
"1202","ENSMUSG00000016494","protein_coding"
"1203","ENSMUSG00000016493","protein_coding"
"1204","ENSMUSG00000016481","protein_coding"
"1205","ENSMUSG00000026616","protein_coding"
"1206","ENSMUSG00000050530","protein_coding"
"1207","ENSMUSG00000026643","protein_coding"
"1208","ENSMUSG00000049950","protein_coding"
"1209","ENSMUSG00000026644","protein_coding"
"1210","ENSMUSG00000026645","protein_coding"
"1211","ENSMUSG00000026650","protein_coding"
"1212","ENSMUSG00000026648","protein_coding"
"1213","ENSMUSG00000026646","protein_coding"
"1214","ENSMUSG00000109865","protein_coding"
"1215","ENSMUSG00000051396","protein_coding"
"1216","ENSMUSG00000039496","protein_coding"
"1217","ENSMUSG00000026655","protein_coding"
"1218","ENSMUSG00000026657","protein_coding"
"1219","ENSMUSG00000039449","protein_coding"
"1220","ENSMUSG00000048186","protein_coding"
"1221","ENSMUSG00000026662","protein_coding"
"1222","ENSMUSG00000026664","protein_coding"
"1223","ENSMUSG00000026668","protein_coding"
"1224","ENSMUSG00000026669","protein_coding"
"1225","ENSMUSG00000026672","protein_coding"
"1226","ENSMUSG00000026676","protein_coding"
"1227","ENSMUSG00000039145","protein_coding"
"1228","ENSMUSG00000039128","protein_coding"
"1229","ENSMUSG00000025817","protein_coding"
"1230","ENSMUSG00000056718","protein_coding"
"1231","ENSMUSG00000025816","protein_coding"
"1232","ENSMUSG00000025815","protein_coding"
"1233","ENSMUSG00000043241","protein_coding"
"1234","ENSMUSG00000045319","protein_coding"
"1235","ENSMUSG00000039063","protein_coding"
"1236","ENSMUSG00000118578","protein_coding"
"1237","ENSMUSG00000039046","protein_coding"
"1238","ENSMUSG00000002107","protein_coding"
"1239","ENSMUSG00000015619","protein_coding"
"1240","ENSMUSG00000025782","protein_coding"
"1241","ENSMUSG00000025781","protein_coding"
"1242","ENSMUSG00000037262","protein_coding"
"1243","ENSMUSG00000037254","protein_coding"
"1244","ENSMUSG00000025780","protein_coding"
"1245","ENSMUSG00000061186","protein_coding"
"1246","ENSMUSG00000026778","protein_coding"
"1247","ENSMUSG00000026773","protein_coding"
"1248","ENSMUSG00000037197","protein_coding"
"1249","ENSMUSG00000026770","protein_coding"
"1250","ENSMUSG00000023206","protein_coding"
"1251","ENSMUSG00000058594","protein_coding"
"1252","ENSMUSG00000047909","protein_coding"
"1253","ENSMUSG00000026768","protein_coding"
"1254","ENSMUSG00000026767","protein_coding"
"1255","ENSMUSG00000026730","protein_coding"
"1256","ENSMUSG00000049630","protein_coding"
"1257","ENSMUSG00000026727","protein_coding"
"1258","ENSMUSG00000026726","protein_coding"
"1259","ENSMUSG00000026723","protein_coding"
"1260","ENSMUSG00000026728","protein_coding"
"1261","ENSMUSG00000003418","protein_coding"
"1262","ENSMUSG00000063275","protein_coding"
"1263","ENSMUSG00000026718","protein_coding"
"1264","ENSMUSG00000061531","protein_coding"
"1265","ENSMUSG00000026712","protein_coding"
"1266","ENSMUSG00000036949","protein_coding"
"1267","ENSMUSG00000057914","protein_coding"
"1268","ENSMUSG00000026707","protein_coding"
"1269","ENSMUSG00000017418","protein_coding"
"1270","ENSMUSG00000075520","protein_coding"
"1271","ENSMUSG00000026748","protein_coding"
"1272","ENSMUSG00000053702","protein_coding"
"1273","ENSMUSG00000062651","protein_coding"
"1274","ENSMUSG00000054074","protein_coding"
"1275","ENSMUSG00000026743","protein_coding"
"1276","ENSMUSG00000026740","protein_coding"
"1277","ENSMUSG00000051154","protein_coding"
"1278","ENSMUSG00000026739","protein_coding"
"1279","ENSMUSG00000037708","protein_coding"
"1280","ENSMUSG00000097638","protein_coding"
"1281","ENSMUSG00000026737","protein_coding"
"1282","ENSMUSG00000037683","protein_coding"
"1283","ENSMUSG00000023094","protein_coding"
"1284","ENSMUSG00000026735","protein_coding"
"1285","ENSMUSG00000026734","protein_coding"
"1286","ENSMUSG00000043415","protein_coding"
"1287","ENSMUSG00000036617","protein_coding"
"1288","ENSMUSG00000036591","protein_coding"
"1289","ENSMUSG00000026679","protein_coding"
"1290","ENSMUSG00000048550","protein_coding"
"1291","ENSMUSG00000045967","protein_coding"
"1292","ENSMUSG00000025716","protein_coding"
"1293","ENSMUSG00000026787","protein_coding"
"1294","ENSMUSG00000026786","protein_coding"
"1295","ENSMUSG00000026784","protein_coding"
"1296","ENSMUSG00000058835","protein_coding"
"1297","ENSMUSG00000026781","protein_coding"
"1298","ENSMUSG00000026779","protein_coding"
"1299","ENSMUSG00000026775","protein_coding"
"1300","ENSMUSG00000026774","protein_coding"
"1301","ENSMUSG00000069132","protein_coding"
"1302","ENSMUSG00000026771","protein_coding"
"1303","ENSMUSG00000026986","protein_coding"
"1304","ENSMUSG00000061809","protein_coding"
"1305","ENSMUSG00000026985","protein_coding"
"1306","ENSMUSG00000044103","protein_coding"
"1307","ENSMUSG00000026984","protein_coding"
"1308","ENSMUSG00000026983","protein_coding"
"1309","ENSMUSG00000046845","protein_coding"
"1310","ENSMUSG00000026981","protein_coding"
"1311","ENSMUSG00000026979","protein_coding"
"1312","ENSMUSG00000026976","protein_coding"
"1313","ENSMUSG00000004113","protein_coding"
"1314","ENSMUSG00000036893","protein_coding"
"1315","ENSMUSG00000026972","protein_coding"
"1316","ENSMUSG00000026974","protein_coding"
"1317","ENSMUSG00000026975","protein_coding"
"1318","ENSMUSG00000036850","protein_coding"
"1319","ENSMUSG00000036833","protein_coding"
"1320","ENSMUSG00000006476","protein_coding"
"1321","ENSMUSG00000036813","protein_coding"
"1322","ENSMUSG00000036805","protein_coding"
"1323","ENSMUSG00000078202","protein_coding"
"1324","ENSMUSG00000059555","protein_coding"
"1325","ENSMUSG00000013465","protein_coding"
"1326","ENSMUSG00000036770","protein_coding"
"1327","ENSMUSG00000026969","protein_coding"
"1328","ENSMUSG00000036752","protein_coding"
"1329","ENSMUSG00000006469","protein_coding"
"1330","ENSMUSG00000089953","protein_coding"
"1331","ENSMUSG00000036731","protein_coding"
"1332","ENSMUSG00000044628","protein_coding"
"1333","ENSMUSG00000115018","protein_coding"
"1334","ENSMUSG00000006471","protein_coding"
"1335","ENSMUSG00000115074","protein_coding"
"1336","ENSMUSG00000078201","protein_coding"
"1337","ENSMUSG00000048707","protein_coding"
"1338","ENSMUSG00000026966","protein_coding"
"1339","ENSMUSG00000026965","protein_coding"
"1340","ENSMUSG00000026963","protein_coding"
"1341","ENSMUSG00000026961","protein_coding"
"1342","ENSMUSG00000026959","protein_coding"
"1343","ENSMUSG00000036646","protein_coding"
"1344","ENSMUSG00000026958","protein_coding"
"1345","ENSMUSG00000026956","protein_coding"
"1346","ENSMUSG00000026955","protein_coding"
"1347","ENSMUSG00000015085","protein_coding"
"1348","ENSMUSG00000015094","protein_coding"
"1349","ENSMUSG00000036587","protein_coding"
"1350","ENSMUSG00000026944","protein_coding"
"1351","ENSMUSG00000047617","protein_coding"
"1352","ENSMUSG00000015093","protein_coding"
"1353","ENSMUSG00000015090","protein_coding"
"1354","ENSMUSG00000026943","protein_coding"
"1355","ENSMUSG00000015083","protein_coding"
"1356","ENSMUSG00000015095","protein_coding"
"1357","ENSMUSG00000026942","protein_coding"
"1358","ENSMUSG00000015092","protein_coding"
"1359","ENSMUSG00000026941","protein_coding"
"1360","ENSMUSG00000036504","protein_coding"
"1361","ENSMUSG00000029419","protein_coding"
"1362","ENSMUSG00000015087","protein_coding"
"1363","ENSMUSG00000026940","protein_coding"
"1364","ENSMUSG00000026939","protein_coding"
"1365","ENSMUSG00000026938","protein_coding"
"1366","ENSMUSG00000036449","protein_coding"
"1367","ENSMUSG00000026937","protein_coding"
"1368","ENSMUSG00000045684","protein_coding"
"1369","ENSMUSG00000047356","protein_coding"
"1370","ENSMUSG00000062061","protein_coding"
"1371","ENSMUSG00000049086","protein_coding"
"1372","ENSMUSG00000079539","protein_coding"
"1373","ENSMUSG00000026936","protein_coding"
"1374","ENSMUSG00000069080","protein_coding"
"1375","ENSMUSG00000085484","protein_coding"
"1376","ENSMUSG00000036401","protein_coding"
"1377","ENSMUSG00000023210","protein_coding"
"1378","ENSMUSG00000059625","protein_coding"
"1379","ENSMUSG00000058740","protein_coding"
"1380","ENSMUSG00000026933","protein_coding"
"1381","ENSMUSG00000036352","protein_coding"
"1382","ENSMUSG00000026932","protein_coding"
"1383","ENSMUSG00000087679","protein_coding"
"1384","ENSMUSG00000026934","protein_coding"
"1385","ENSMUSG00000036327","protein_coding"
"1386","ENSMUSG00000048038","protein_coding"
"1387","ENSMUSG00000026930","protein_coding"
"1388","ENSMUSG00000075467","protein_coding"
"1389","ENSMUSG00000026928","protein_coding"
"1390","ENSMUSG00000036281","protein_coding"
"1391","ENSMUSG00000026927","protein_coding"
"1392","ENSMUSG00000026926","protein_coding"
"1393","ENSMUSG00000026925","protein_coding"
"1394","ENSMUSG00000026924","protein_coding"
"1395","ENSMUSG00000026923","protein_coding"
"1396","ENSMUSG00000026921","protein_coding"
"1397","ENSMUSG00000092356","protein_coding"
"1398","ENSMUSG00000026922","protein_coding"
"1399","ENSMUSG00000036186","protein_coding"
"1400","ENSMUSG00000026919","protein_coding"
"1401","ENSMUSG00000015787","protein_coding"
"1402","ENSMUSG00000036160","protein_coding"
"1403","ENSMUSG00000015776","protein_coding"
"1404","ENSMUSG00000062647","protein_coding"
"1405","ENSMUSG00000015790","protein_coding"
"1406","ENSMUSG00000014873","protein_coding"
"1407","ENSMUSG00000014867","protein_coding"
"1408","ENSMUSG00000049897","protein_coding"
"1409","ENSMUSG00000052406","protein_coding"
"1410","ENSMUSG00000014852","protein_coding"
"1411","ENSMUSG00000015488","protein_coding"
"1412","ENSMUSG00000036067","protein_coding"
"1413","ENSMUSG00000087364","protein_coding"
"1414","ENSMUSG00000009214","protein_coding"
"1415","ENSMUSG00000036040","protein_coding"
"1416","ENSMUSG00000009216","protein_coding"
"1417","ENSMUSG00000000889","protein_coding"
"1418","ENSMUSG00000009614","protein_coding"
"1419","ENSMUSG00000009621","protein_coding"
"1420","ENSMUSG00000109946","protein_coding"
"1421","ENSMUSG00000026918","protein_coding"
"1422","ENSMUSG00000026917","protein_coding"
"1423","ENSMUSG00000015846","protein_coding"
"1424","ENSMUSG00000026837","protein_coding"
"1425","ENSMUSG00000026835","protein_coding"
"1426","ENSMUSG00000026833","protein_coding"
"1427","ENSMUSG00000035829","protein_coding"
"1428","ENSMUSG00000026831","protein_coding"
"1429","ENSMUSG00000035772","protein_coding"
"1430","ENSMUSG00000026829","protein_coding"
"1431","ENSMUSG00000026821","protein_coding"
"1432","ENSMUSG00000026818","protein_coding"
"1433","ENSMUSG00000026816","protein_coding"
"1434","ENSMUSG00000026815","protein_coding"
"1435","ENSMUSG00000026812","protein_coding"
"1436","ENSMUSG00000026809","protein_coding"
"1437","ENSMUSG00000026807","protein_coding"
"1438","ENSMUSG00000035666","protein_coding"
"1439","ENSMUSG00000026806","protein_coding"
"1440","ENSMUSG00000026805","protein_coding"
"1441","ENSMUSG00000079502","protein_coding"
"1442","ENSMUSG00000026803","protein_coding"
"1443","ENSMUSG00000043535","protein_coding"
"1444","ENSMUSG00000035513","protein_coding"
"1445","ENSMUSG00000026799","protein_coding"
"1446","ENSMUSG00000039844","protein_coding"
"1447","ENSMUSG00000079497","protein_coding"
"1448","ENSMUSG00000039826","protein_coding"
"1449","ENSMUSG00000026798","protein_coding"
"1450","ENSMUSG00000059316","protein_coding"
"1451","ENSMUSG00000069020","protein_coding"
"1452","ENSMUSG00000039787","protein_coding"
"1453","ENSMUSG00000026790","protein_coding"
"1454","ENSMUSG00000019715","protein_coding"
"1455","ENSMUSG00000057738","protein_coding"
"1456","ENSMUSG00000039715","protein_coding"
"1457","ENSMUSG00000054766","protein_coding"
"1458","ENSMUSG00000026785","protein_coding"
"1459","ENSMUSG00000015335","protein_coding"
"1460","ENSMUSG00000039686","protein_coding"
"1461","ENSMUSG00000039678","protein_coding"
"1462","ENSMUSG00000015337","protein_coding"
"1463","ENSMUSG00000039660","protein_coding"
"1464","ENSMUSG00000039648","protein_coding"
"1465","ENSMUSG00000007476","protein_coding"
"1466","ENSMUSG00000099041","protein_coding"
"1467","ENSMUSG00000079484","protein_coding"
"1468","ENSMUSG00000075419","protein_coding"
"1469","ENSMUSG00000052533","protein_coding"
"1470","ENSMUSG00000026860","protein_coding"
"1471","ENSMUSG00000026858","protein_coding"
"1472","ENSMUSG00000026856","protein_coding"
"1473","ENSMUSG00000026853","protein_coding"
"1474","ENSMUSG00000039515","protein_coding"
"1475","ENSMUSG00000089762","protein_coding"
"1476","ENSMUSG00000047363","protein_coding"
"1477","ENSMUSG00000044320","protein_coding"
"1478","ENSMUSG00000026857","protein_coding"
"1479","ENSMUSG00000039483","protein_coding"
"1480","ENSMUSG00000039476","protein_coding"
"1481","ENSMUSG00000050737","protein_coding"
"1482","ENSMUSG00000026848","protein_coding"
"1483","ENSMUSG00000026849","protein_coding"
"1484","ENSMUSG00000026851","protein_coding"
"1485","ENSMUSG00000026854","protein_coding"
"1486","ENSMUSG00000075415","protein_coding"
"1487","ENSMUSG00000000194","protein_coding"
"1488","ENSMUSG00000062661","protein_coding"
"1489","ENSMUSG00000055632","protein_coding"
"1490","ENSMUSG00000076441","protein_coding"
"1491","ENSMUSG00000026843","protein_coding"
"1492","ENSMUSG00000079466","protein_coding"
"1493","ENSMUSG00000039356","protein_coding"
"1494","ENSMUSG00000026842","protein_coding"
"1495","ENSMUSG00000118600","protein_coding"
"1496","ENSMUSG00000043102","protein_coding"
"1497","ENSMUSG00000026841","protein_coding"
"1498","ENSMUSG00000026840","protein_coding"
"1499","ENSMUSG00000001864","protein_coding"
"1500","ENSMUSG00000001855","protein_coding"
"1501","ENSMUSG00000050592","protein_coding"
"1502","ENSMUSG00000051373","protein_coding"
"1503","ENSMUSG00000039262","protein_coding"
"1504","ENSMUSG00000039254","protein_coding"
"1505","ENSMUSG00000002550","protein_coding"
"1506","ENSMUSG00000044627","protein_coding"
"1507","ENSMUSG00000002546","protein_coding"
"1508","ENSMUSG00000026825","protein_coding"
"1509","ENSMUSG00000039205","protein_coding"
"1510","ENSMUSG00000039195","protein_coding"
"1511","ENSMUSG00000026822","protein_coding"
"1512","ENSMUSG00000026820","protein_coding"
"1513","ENSMUSG00000026819","protein_coding"
"1514","ENSMUSG00000039164","protein_coding"
"1515","ENSMUSG00000039157","protein_coding"
"1516","ENSMUSG00000026810","protein_coding"
"1517","ENSMUSG00000046854","protein_coding"
"1518","ENSMUSG00000079442","protein_coding"
"1519","ENSMUSG00000026811","protein_coding"
"1520","ENSMUSG00000026817","protein_coding"
"1521","ENSMUSG00000026814","protein_coding"
"1522","ENSMUSG00000009566","protein_coding"
"1523","ENSMUSG00000009555","protein_coding"
"1524","ENSMUSG00000059013","protein_coding"
"1525","ENSMUSG00000039021","protein_coding"
"1526","ENSMUSG00000009563","protein_coding"
"1527","ENSMUSG00000053746","protein_coding"
"1528","ENSMUSG00000038987","protein_coding"
"1529","ENSMUSG00000026797","protein_coding"
"1530","ENSMUSG00000026796","protein_coding"
"1531","ENSMUSG00000026792","protein_coding"
"1532","ENSMUSG00000038900","protein_coding"
"1533","ENSMUSG00000026791","protein_coding"
"1534","ENSMUSG00000038860","protein_coding"
"1535","ENSMUSG00000038831","protein_coding"
"1536","ENSMUSG00000004105","protein_coding"
"1537","ENSMUSG00000068966","protein_coding"
"1538","ENSMUSG00000026788","protein_coding"
"1539","ENSMUSG00000038765","protein_coding"
"1540","ENSMUSG00000038740","protein_coding"
"1541","ENSMUSG00000038718","protein_coding"
"1542","ENSMUSG00000038696","protein_coding"
"1543","ENSMUSG00000026867","protein_coding"
"1544","ENSMUSG00000026864","protein_coding"
"1545","ENSMUSG00000070953","protein_coding"
"1546","ENSMUSG00000035949","protein_coding"
"1547","ENSMUSG00000107167","protein_coding"
"1548","ENSMUSG00000026869","protein_coding"
"1549","ENSMUSG00000026870","protein_coding"
"1550","ENSMUSG00000026873","protein_coding"
"1551","ENSMUSG00000026875","protein_coding"
"1552","ENSMUSG00000026874","protein_coding"
"1553","ENSMUSG00000035875","protein_coding"
"1554","ENSMUSG00000057110","protein_coding"
"1555","ENSMUSG00000026878","protein_coding"
"1556","ENSMUSG00000026879","protein_coding"
"1557","ENSMUSG00000026880","protein_coding"
"1558","ENSMUSG00000026882","protein_coding"
"1559","ENSMUSG00000079421","protein_coding"
"1560","ENSMUSG00000035778","protein_coding"
"1561","ENSMUSG00000026883","protein_coding"
"1562","ENSMUSG00000026885","protein_coding"
"1563","ENSMUSG00000026895","protein_coding"
"1564","ENSMUSG00000026894","protein_coding"
"1565","ENSMUSG00000026890","protein_coding"
"1566","ENSMUSG00000026889","protein_coding"
"1567","ENSMUSG00000026887","protein_coding"
"1568","ENSMUSG00000047250","protein_coding"
"1569","ENSMUSG00000113163","protein_coding"
"1570","ENSMUSG00000068950","protein_coding"
"1571","ENSMUSG00000094464","protein_coding"
"1572","ENSMUSG00000094266","protein_coding"
"1573","ENSMUSG00000075387","protein_coding"
"1574","ENSMUSG00000111869","protein_coding"
"1575","ENSMUSG00000096822","protein_coding"
"1576","ENSMUSG00000059251","protein_coding"
"1577","ENSMUSG00000094764","protein_coding"
"1578","ENSMUSG00000111863","protein_coding"
"1579","ENSMUSG00000049315","protein_coding"
"1580","ENSMUSG00000111021","protein_coding"
"1581","ENSMUSG00000075384","protein_coding"
"1582","ENSMUSG00000050015","protein_coding"
"1583","ENSMUSG00000075383","protein_coding"
"1584","ENSMUSG00000053146","protein_coding"
"1585","ENSMUSG00000075382","protein_coding"
"1586","ENSMUSG00000055088","protein_coding"
"1587","ENSMUSG00000075380","protein_coding"
"1588","ENSMUSG00000070943","protein_coding"
"1589","ENSMUSG00000055838","protein_coding"
"1590","ENSMUSG00000075379","protein_coding"
"1591","ENSMUSG00000083361","protein_coding"
"1592","ENSMUSG00000075378","protein_coding"
"1593","ENSMUSG00000075377","protein_coding"
"1594","ENSMUSG00000078198","protein_coding"
"1595","ENSMUSG00000059429","protein_coding"
"1596","ENSMUSG00000068947","protein_coding"
"1597","ENSMUSG00000049018","protein_coding"
"1598","ENSMUSG00000009030","protein_coding"
"1599","ENSMUSG00000075376","protein_coding"
"1600","ENSMUSG00000066798","protein_coding"
"1601","ENSMUSG00000050714","protein_coding"
"1602","ENSMUSG00000035437","protein_coding"
"1603","ENSMUSG00000026915","protein_coding"
"1604","ENSMUSG00000053164","protein_coding"
"1605","ENSMUSG00000035403","protein_coding"
"1606","ENSMUSG00000035392","protein_coding"
"1607","ENSMUSG00000000247","protein_coding"
"1608","ENSMUSG00000026749","protein_coding"
"1609","ENSMUSG00000026750","protein_coding"
"1610","ENSMUSG00000026751","protein_coding"
"1611","ENSMUSG00000063972","protein_coding"
"1612","ENSMUSG00000046618","protein_coding"
"1613","ENSMUSG00000035295","protein_coding"
"1614","ENSMUSG00000062997","protein_coding"
"1615","ENSMUSG00000026755","protein_coding"
"1616","ENSMUSG00000026754","protein_coding"
"1617","ENSMUSG00000035236","protein_coding"
"1618","ENSMUSG00000026753","protein_coding"
"1619","ENSMUSG00000049252","protein_coding"
"1620","ENSMUSG00000026866","protein_coding"
"1621","ENSMUSG00000049744","protein_coding"
"1622","ENSMUSG00000036890","protein_coding"
"1623","ENSMUSG00000026872","protein_coding"
"1624","ENSMUSG00000052155","protein_coding"
"1625","ENSMUSG00000026761","protein_coding"
"1626","ENSMUSG00000036792","protein_coding"
"1627","ENSMUSG00000069495","protein_coding"
"1628","ENSMUSG00000026764","protein_coding"
"1629","ENSMUSG00000026765","protein_coding"
"1630","ENSMUSG00000050447","protein_coding"
"1631","ENSMUSG00000026766","protein_coding"
"1632","ENSMUSG00000017144","protein_coding"
"1633","ENSMUSG00000056115","protein_coding"
"1634","ENSMUSG00000036249","protein_coding"
"1635","ENSMUSG00000026946","protein_coding"
"1636","ENSMUSG00000053475","protein_coding"
"1637","ENSMUSG00000036202","protein_coding"
"1638","ENSMUSG00000026950","protein_coding"
"1639","ENSMUSG00000036093","protein_coding"
"1640","ENSMUSG00000017412","protein_coding"
"1641","ENSMUSG00000055371","protein_coding"
"1642","ENSMUSG00000036053","protein_coding"
"1643","ENSMUSG00000061136","protein_coding"
"1644","ENSMUSG00000026960","protein_coding"
"1645","ENSMUSG00000075334","protein_coding"
"1646","ENSMUSG00000060988","protein_coding"
"1647","ENSMUSG00000026824","protein_coding"
"1648","ENSMUSG00000026826","protein_coding"
"1649","ENSMUSG00000026827","protein_coding"
"1650","ENSMUSG00000026828","protein_coding"
"1651","ENSMUSG00000026830","protein_coding"
"1652","ENSMUSG00000026832","protein_coding"
"1653","ENSMUSG00000026834","protein_coding"
"1654","ENSMUSG00000026836","protein_coding"
"1655","ENSMUSG00000026839","protein_coding"
"1656","ENSMUSG00000036641","protein_coding"
"1657","ENSMUSG00000026991","protein_coding"
"1658","ENSMUSG00000026989","protein_coding"
"1659","ENSMUSG00000035168","protein_coding"
"1660","ENSMUSG00000026988","protein_coding"
"1661","ENSMUSG00000026987","protein_coding"
"1662","ENSMUSG00000026977","protein_coding"
"1663","ENSMUSG00000060703","protein_coding"
"1664","ENSMUSG00000026980","protein_coding"
"1665","ENSMUSG00000054580","protein_coding"
"1666","ENSMUSG00000026971","protein_coding"
"1667","ENSMUSG00000026970","protein_coding"
"1668","ENSMUSG00000064289","protein_coding"
"1669","ENSMUSG00000026914","protein_coding"
"1670","ENSMUSG00000035033","protein_coding"
"1671","ENSMUSG00000026904","protein_coding"
"1672","ENSMUSG00000035000","protein_coding"
"1673","ENSMUSG00000000394","protein_coding"
"1674","ENSMUSG00000000392","protein_coding"
"1675","ENSMUSG00000026896","protein_coding"
"1676","ENSMUSG00000026893","protein_coding"
"1677","ENSMUSG00000059742","protein_coding"
"1678","ENSMUSG00000075324","protein_coding"
"1679","ENSMUSG00000026888","protein_coding"
"1680","ENSMUSG00000034903","protein_coding"
"1681","ENSMUSG00000061171","protein_coding"
"1682","ENSMUSG00000057182","protein_coding"
"1683","ENSMUSG00000075318","protein_coding"
"1684","ENSMUSG00000044647","protein_coding"
"1685","ENSMUSG00000026994","protein_coding"
"1686","ENSMUSG00000034848","protein_coding"
"1687","ENSMUSG00000064329","protein_coding"
"1688","ENSMUSG00000075316","protein_coding"
"1689","ENSMUSG00000034810","protein_coding"
"1690","ENSMUSG00000027022","protein_coding"
"1691","ENSMUSG00000034780","protein_coding"
"1692","ENSMUSG00000027030","protein_coding"
"1693","ENSMUSG00000053896","protein_coding"
"1694","ENSMUSG00000079324","protein_coding"
"1695","ENSMUSG00000027035","protein_coding"
"1696","ENSMUSG00000034738","protein_coding"
"1697","ENSMUSG00000005233","protein_coding"
"1698","ENSMUSG00000005232","protein_coding"
"1699","ENSMUSG00000027048","protein_coding"
"1700","ENSMUSG00000027068","protein_coding"
"1701","ENSMUSG00000027070","protein_coding"
"1702","ENSMUSG00000063145","protein_coding"
"1703","ENSMUSG00000075307","protein_coding"
"1704","ENSMUSG00000027086","protein_coding"
"1705","ENSMUSG00000042133","protein_coding"
"1706","ENSMUSG00000070883","protein_coding"
"1707","ENSMUSG00000027088","protein_coding"
"1708","ENSMUSG00000042155","protein_coding"
"1709","ENSMUSG00000068882","protein_coding"
"1710","ENSMUSG00000051730","protein_coding"
"1711","ENSMUSG00000044308","protein_coding"
"1712","ENSMUSG00000042064","protein_coding"
"1713","ENSMUSG00000075304","protein_coding"
"1714","ENSMUSG00000075302","protein_coding"
"1715","ENSMUSG00000070880","protein_coding"
"1716","ENSMUSG00000014959","protein_coding"
"1717","ENSMUSG00000041997","protein_coding"
"1718","ENSMUSG00000041975","protein_coding"
"1719","ENSMUSG00000041966","protein_coding"
"1720","ENSMUSG00000027015","protein_coding"
"1721","ENSMUSG00000027012","protein_coding"
"1722","ENSMUSG00000027010","protein_coding"
"1723","ENSMUSG00000027018","protein_coding"
"1724","ENSMUSG00000041921","protein_coding"
"1725","ENSMUSG00000041911","protein_coding"
"1726","ENSMUSG00000023391","protein_coding"
"1727","ENSMUSG00000027111","protein_coding"
"1728","ENSMUSG00000006494","protein_coding"
"1729","ENSMUSG00000049044","protein_coding"
"1730","ENSMUSG00000004085","protein_coding"
"1731","ENSMUSG00000055612","protein_coding"
"1732","ENSMUSG00000027109","protein_coding"
"1733","ENSMUSG00000027108","protein_coding"
"1734","ENSMUSG00000068859","protein_coding"
"1735","ENSMUSG00000041777","protein_coding"
"1736","ENSMUSG00000008226","protein_coding"
"1737","ENSMUSG00000041762","protein_coding"
"1738","ENSMUSG00000075284","protein_coding"
"1739","ENSMUSG00000027107","protein_coding"
"1740","ENSMUSG00000056486","protein_coding"
"1741","ENSMUSG00000027104","protein_coding"
"1742","ENSMUSG00000018770","protein_coding"
"1743","ENSMUSG00000009207","protein_coding"
"1744","ENSMUSG00000001815","protein_coding"
"1745","ENSMUSG00000001819","protein_coding"
"1746","ENSMUSG00000001823","protein_coding"
"1747","ENSMUSG00000042499","protein_coding"
"1748","ENSMUSG00000050368","protein_coding"
"1749","ENSMUSG00000043342","protein_coding"
"1750","ENSMUSG00000027102","protein_coding"
"1751","ENSMUSG00000079277","protein_coding"
"1752","ENSMUSG00000101174","protein_coding"
"1753","ENSMUSG00000100642","protein_coding"
"1754","ENSMUSG00000042448","protein_coding"
"1755","ENSMUSG00000027099","protein_coding"
"1756","ENSMUSG00000059005","protein_coding"
"1757","ENSMUSG00000015839","protein_coding"
"1758","ENSMUSG00000042410","protein_coding"
"1759","ENSMUSG00000075273","protein_coding"
"1760","ENSMUSG00000075272","protein_coding"
"1761","ENSMUSG00000075271","protein_coding"
"1762","ENSMUSG00000075270","protein_coding"
"1763","ENSMUSG00000056436","protein_coding"
"1764","ENSMUSG00000042369","protein_coding"
"1765","ENSMUSG00000042359","protein_coding"
"1766","ENSMUSG00000002731","protein_coding"
"1767","ENSMUSG00000075267","protein_coding"
"1768","ENSMUSG00000002732","protein_coding"
"1769","ENSMUSG00000002733","protein_coding"
"1770","ENSMUSG00000051747","protein_coding"
"1771","ENSMUSG00000044033","protein_coding"
"1772","ENSMUSG00000042272","protein_coding"
"1773","ENSMUSG00000027016","protein_coding"
"1774","ENSMUSG00000027014","protein_coding"
"1775","ENSMUSG00000027011","protein_coding"
"1776","ENSMUSG00000027009","protein_coding"
"1777","ENSMUSG00000075256","protein_coding"
"1778","ENSMUSG00000034701","protein_coding"
"1779","ENSMUSG00000027007","protein_coding"
"1780","ENSMUSG00000034683","protein_coding"
"1781","ENSMUSG00000059173","protein_coding"
"1782","ENSMUSG00000050114","protein_coding"
"1783","ENSMUSG00000027006","protein_coding"
"1784","ENSMUSG00000027004","protein_coding"
"1785","ENSMUSG00000027002","protein_coding"
"1786","ENSMUSG00000027001","protein_coding"
"1787","ENSMUSG00000026999","protein_coding"
"1788","ENSMUSG00000070866","protein_coding"
"1789","ENSMUSG00000075249","protein_coding"
"1790","ENSMUSG00000027091","protein_coding"
"1791","ENSMUSG00000027087","protein_coding"
"1792","ENSMUSG00000048388","protein_coding"
"1793","ENSMUSG00000034552","protein_coding"
"1794","ENSMUSG00000094125","protein_coding"
"1795","ENSMUSG00000094336","protein_coding"
"1796","ENSMUSG00000096729","protein_coding"
"1797","ENSMUSG00000096484","protein_coding"
"1798","ENSMUSG00000096337","protein_coding"
"1799","ENSMUSG00000095824","protein_coding"
"1800","ENSMUSG00000079247","protein_coding"
"1801","ENSMUSG00000059588","protein_coding"
"1802","ENSMUSG00000027082","protein_coding"
"1803","ENSMUSG00000034101","protein_coding"
"1804","ENSMUSG00000101645","protein_coding"
"1805","ENSMUSG00000086598","protein_coding"
"1806","ENSMUSG00000076437","protein_coding"
"1807","ENSMUSG00000050043","protein_coding"
"1808","ENSMUSG00000027080","protein_coding"
"1809","ENSMUSG00000034075","protein_coding"
"1810","ENSMUSG00000027079","protein_coding"
"1811","ENSMUSG00000034059","protein_coding"
"1812","ENSMUSG00000023224","protein_coding"
"1813","ENSMUSG00000027078","protein_coding"
"1814","ENSMUSG00000027077","protein_coding"
"1815","ENSMUSG00000027076","protein_coding"
"1816","ENSMUSG00000027075","protein_coding"
"1817","ENSMUSG00000050896","protein_coding"
"1818","ENSMUSG00000027074","protein_coding"
"1819","ENSMUSG00000027073","protein_coding"
"1820","ENSMUSG00000027072","protein_coding"
"1821","ENSMUSG00000027071","protein_coding"
"1822","ENSMUSG00000027067","protein_coding"
"1823","ENSMUSG00000033955","protein_coding"
"1824","ENSMUSG00000044338","protein_coding"
"1825","ENSMUSG00000075224","protein_coding"
"1826","ENSMUSG00000075223","protein_coding"
"1827","ENSMUSG00000075222","protein_coding"
"1828","ENSMUSG00000075221","protein_coding"
"1829","ENSMUSG00000075220","protein_coding"
"1830","ENSMUSG00000075219","protein_coding"
"1831","ENSMUSG00000075218","protein_coding"
"1832","ENSMUSG00000075217","protein_coding"
"1833","ENSMUSG00000111179","protein_coding"
"1834","ENSMUSG00000111454","protein_coding"
"1835","ENSMUSG00000075215","protein_coding"
"1836","ENSMUSG00000111566","protein_coding"
"1837","ENSMUSG00000075214","protein_coding"
"1838","ENSMUSG00000075212","protein_coding"
"1839","ENSMUSG00000075211","protein_coding"
"1840","ENSMUSG00000050603","protein_coding"
"1841","ENSMUSG00000043226","protein_coding"
"1842","ENSMUSG00000110879","protein_coding"
"1843","ENSMUSG00000075210","protein_coding"
"1844","ENSMUSG00000053287","protein_coding"
"1845","ENSMUSG00000059379","protein_coding"
"1846","ENSMUSG00000033850","protein_coding"
"1847","ENSMUSG00000075209","protein_coding"
"1848","ENSMUSG00000043892","protein_coding"
"1849","ENSMUSG00000075208","protein_coding"
"1850","ENSMUSG00000046975","protein_coding"
"1851","ENSMUSG00000082754","protein_coding"
"1852","ENSMUSG00000057761","protein_coding"
"1853","ENSMUSG00000050128","protein_coding"
"1854","ENSMUSG00000075206","protein_coding"
"1855","ENSMUSG00000058884","protein_coding"
"1856","ENSMUSG00000042863","protein_coding"
"1857","ENSMUSG00000057207","protein_coding"
"1858","ENSMUSG00000059873","protein_coding"
"1859","ENSMUSG00000044923","protein_coding"
"1860","ENSMUSG00000043267","protein_coding"
"1861","ENSMUSG00000042796","protein_coding"
"1862","ENSMUSG00000045392","protein_coding"
"1863","ENSMUSG00000102091","protein_coding"
"1864","ENSMUSG00000099820","protein_coding"
"1865","ENSMUSG00000075205","protein_coding"
"1866","ENSMUSG00000050577","protein_coding"
"1867","ENSMUSG00000075204","protein_coding"
"1868","ENSMUSG00000075203","protein_coding"
"1869","ENSMUSG00000075202","protein_coding"
"1870","ENSMUSG00000075201","protein_coding"
"1871","ENSMUSG00000075200","protein_coding"
"1872","ENSMUSG00000075199","protein_coding"
"1873","ENSMUSG00000075198","protein_coding"
"1874","ENSMUSG00000075197","protein_coding"
"1875","ENSMUSG00000075196","protein_coding"
"1876","ENSMUSG00000075195","protein_coding"
"1877","ENSMUSG00000075194","protein_coding"
"1878","ENSMUSG00000075193","protein_coding"
"1879","ENSMUSG00000047149","protein_coding"
"1880","ENSMUSG00000075192","protein_coding"
"1881","ENSMUSG00000075190","protein_coding"
"1882","ENSMUSG00000075189","protein_coding"
"1883","ENSMUSG00000075188","protein_coding"
"1884","ENSMUSG00000075187","protein_coding"
"1885","ENSMUSG00000075186","protein_coding"
"1886","ENSMUSG00000075185","protein_coding"
"1887","ENSMUSG00000090059","protein_coding"
"1888","ENSMUSG00000111306","protein_coding"
"1889","ENSMUSG00000075181","protein_coding"
"1890","ENSMUSG00000111772","protein_coding"
"1891","ENSMUSG00000060742","protein_coding"
"1892","ENSMUSG00000111678","protein_coding"
"1893","ENSMUSG00000075179","protein_coding"
"1894","ENSMUSG00000110912","protein_coding"
"1895","ENSMUSG00000111689","protein_coding"
"1896","ENSMUSG00000068824","protein_coding"
"1897","ENSMUSG00000110804","protein_coding"
"1898","ENSMUSG00000075176","protein_coding"
"1899","ENSMUSG00000075175","protein_coding"
"1900","ENSMUSG00000075174","protein_coding"
"1901","ENSMUSG00000111711","protein_coding"
"1902","ENSMUSG00000075172","protein_coding"
"1903","ENSMUSG00000047969","protein_coding"
"1904","ENSMUSG00000078420","protein_coding"
"1905","ENSMUSG00000044213","protein_coding"
"1906","ENSMUSG00000075171","protein_coding"
"1907","ENSMUSG00000086338","protein_coding"
"1908","ENSMUSG00000075170","protein_coding"
"1909","ENSMUSG00000075169","protein_coding"
"1910","ENSMUSG00000075168","protein_coding"
"1911","ENSMUSG00000070875","protein_coding"
"1912","ENSMUSG00000075167","protein_coding"
"1913","ENSMUSG00000049843","protein_coding"
"1914","ENSMUSG00000075166","protein_coding"
"1915","ENSMUSG00000075165","protein_coding"
"1916","ENSMUSG00000075164","protein_coding"
"1917","ENSMUSG00000075163","protein_coding"
"1918","ENSMUSG00000075161","protein_coding"
"1919","ENSMUSG00000075160","protein_coding"
"1920","ENSMUSG00000075159","protein_coding"
"1921","ENSMUSG00000075158","protein_coding"
"1922","ENSMUSG00000044487","protein_coding"
"1923","ENSMUSG00000070857","protein_coding"
"1924","ENSMUSG00000070856","protein_coding"
"1925","ENSMUSG00000070855","protein_coding"
"1926","ENSMUSG00000089732","protein_coding"
"1927","ENSMUSG00000083706","protein_coding"
"1928","ENSMUSG00000081234","protein_coding"
"1929","ENSMUSG00000070852","protein_coding"
"1930","ENSMUSG00000047594","protein_coding"
"1931","ENSMUSG00000043274","protein_coding"
"1932","ENSMUSG00000050772","protein_coding"
"1933","ENSMUSG00000058194","protein_coding"
"1934","ENSMUSG00000025839","protein_coding"
"1935","ENSMUSG00000025838","protein_coding"
"1936","ENSMUSG00000061520","protein_coding"
"1937","ENSMUSG00000075156","protein_coding"
"1938","ENSMUSG00000062272","protein_coding"
"1939","ENSMUSG00000059205","protein_coding"
"1940","ENSMUSG00000068819","protein_coding"
"1941","ENSMUSG00000068818","protein_coding"
"1942","ENSMUSG00000075155","protein_coding"
"1943","ENSMUSG00000111747","protein_coding"
"1944","ENSMUSG00000075153","protein_coding"
"1945","ENSMUSG00000075151","protein_coding"
"1946","ENSMUSG00000075150","protein_coding"
"1947","ENSMUSG00000075149","protein_coding"
"1948","ENSMUSG00000068817","protein_coding"
"1949","ENSMUSG00000075148","protein_coding"
"1950","ENSMUSG00000068816","protein_coding"
"1951","ENSMUSG00000068815","protein_coding"
"1952","ENSMUSG00000068814","protein_coding"
"1953","ENSMUSG00000061875","protein_coding"
"1954","ENSMUSG00000070853","protein_coding"
"1955","ENSMUSG00000047039","protein_coding"
"1956","ENSMUSG00000045225","protein_coding"
"1957","ENSMUSG00000048197","protein_coding"
"1958","ENSMUSG00000075146","protein_coding"
"1959","ENSMUSG00000075145","protein_coding"
"1960","ENSMUSG00000075144","protein_coding"
"1961","ENSMUSG00000075143","protein_coding"
"1962","ENSMUSG00000075142","protein_coding"
"1963","ENSMUSG00000062793","protein_coding"
"1964","ENSMUSG00000075141","protein_coding"
"1965","ENSMUSG00000045150","protein_coding"
"1966","ENSMUSG00000075140","protein_coding"
"1967","ENSMUSG00000075139","protein_coding"
"1968","ENSMUSG00000075137","protein_coding"
"1969","ENSMUSG00000075136","protein_coding"
"1970","ENSMUSG00000046590","protein_coding"
"1971","ENSMUSG00000101078","protein_coding"
"1972","ENSMUSG00000100899","protein_coding"
"1973","ENSMUSG00000061342","protein_coding"
"1974","ENSMUSG00000075133","protein_coding"
"1975","ENSMUSG00000075132","protein_coding"
"1976","ENSMUSG00000080713","protein_coding"
"1977","ENSMUSG00000083855","protein_coding"
"1978","ENSMUSG00000050023","protein_coding"
"1979","ENSMUSG00000075128","protein_coding"
"1980","ENSMUSG00000056995","protein_coding"
"1981","ENSMUSG00000075127","protein_coding"
"1982","ENSMUSG00000081836","protein_coding"
"1983","ENSMUSG00000075125","protein_coding"
"1984","ENSMUSG00000090097","protein_coding"
"1985","ENSMUSG00000049372","protein_coding"
"1986","ENSMUSG00000051424","protein_coding"
"1987","ENSMUSG00000057735","protein_coding"
"1988","ENSMUSG00000082882","protein_coding"
"1989","ENSMUSG00000068809","protein_coding"
"1990","ENSMUSG00000068808","protein_coding"
"1991","ENSMUSG00000075126","protein_coding"
"1992","ENSMUSG00000081948","protein_coding"
"1993","ENSMUSG00000111590","protein_coding"
"1994","ENSMUSG00000060827","protein_coding"
"1995","ENSMUSG00000075121","protein_coding"
"1996","ENSMUSG00000075120","protein_coding"
"1997","ENSMUSG00000075119","protein_coding"
"1998","ENSMUSG00000075117","protein_coding"
"1999","ENSMUSG00000089892","protein_coding"
"2000","ENSMUSG00000075115","protein_coding"
"2001","ENSMUSG00000059023","protein_coding"
"2002","ENSMUSG00000064084","protein_coding"
"2003","ENSMUSG00000057447","protein_coding"
"2004","ENSMUSG00000061798","protein_coding"
"2005","ENSMUSG00000062757","protein_coding"
"2006","ENSMUSG00000075114","protein_coding"
"2007","ENSMUSG00000075113","protein_coding"
"2008","ENSMUSG00000075112","protein_coding"
"2009","ENSMUSG00000048226","protein_coding"
"2010","ENSMUSG00000075111","protein_coding"
"2011","ENSMUSG00000075110","protein_coding"
"2012","ENSMUSG00000100016","protein_coding"
"2013","ENSMUSG00000075107","protein_coding"
"2014","ENSMUSG00000101391","protein_coding"
"2015","ENSMUSG00000075105","protein_coding"
"2016","ENSMUSG00000075104","protein_coding"
"2017","ENSMUSG00000101480","protein_coding"
"2018","ENSMUSG00000075102","protein_coding"
"2019","ENSMUSG00000075101","protein_coding"
"2020","ENSMUSG00000075100","protein_coding"
"2021","ENSMUSG00000075099","protein_coding"
"2022","ENSMUSG00000101918","protein_coding"
"2023","ENSMUSG00000075097","protein_coding"
"2024","ENSMUSG00000099486","protein_coding"
"2025","ENSMUSG00000075095","protein_coding"
"2026","ENSMUSG00000075094","protein_coding"
"2027","ENSMUSG00000075093","protein_coding"
"2028","ENSMUSG00000075092","protein_coding"
"2029","ENSMUSG00000075091","protein_coding"
"2030","ENSMUSG00000075090","protein_coding"
"2031","ENSMUSG00000111517","protein_coding"
"2032","ENSMUSG00000075088","protein_coding"
"2033","ENSMUSG00000111174","protein_coding"
"2034","ENSMUSG00000075086","protein_coding"
"2035","ENSMUSG00000075085","protein_coding"
"2036","ENSMUSG00000075084","protein_coding"
"2037","ENSMUSG00000111456","protein_coding"
"2038","ENSMUSG00000111715","protein_coding"
"2039","ENSMUSG00000075081","protein_coding"
"2040","ENSMUSG00000111239","protein_coding"
"2041","ENSMUSG00000075079","protein_coding"
"2042","ENSMUSG00000075078","protein_coding"
"2043","ENSMUSG00000111567","protein_coding"
"2044","ENSMUSG00000110819","protein_coding"
"2045","ENSMUSG00000075075","protein_coding"
"2046","ENSMUSG00000075074","protein_coding"
"2047","ENSMUSG00000045148","protein_coding"
"2048","ENSMUSG00000075073","protein_coding"
"2049","ENSMUSG00000075072","protein_coding"
"2050","ENSMUSG00000049057","protein_coding"
"2051","ENSMUSG00000049149","protein_coding"
"2052","ENSMUSG00000068806","protein_coding"
"2053","ENSMUSG00000042894","protein_coding"
"2054","ENSMUSG00000061295","protein_coding"
"2055","ENSMUSG00000051313","protein_coding"
"2056","ENSMUSG00000059112","protein_coding"
"2057","ENSMUSG00000075069","protein_coding"
"2058","ENSMUSG00000059910","protein_coding"
"2059","ENSMUSG00000075068","protein_coding"
"2060","ENSMUSG00000075067","protein_coding"
"2061","ENSMUSG00000082574","protein_coding"
"2062","ENSMUSG00000084336","protein_coding"
"2063","ENSMUSG00000075066","protein_coding"
"2064","ENSMUSG00000075065","protein_coding"
"2065","ENSMUSG00000075064","protein_coding"
"2066","ENSMUSG00000075063","protein_coding"
"2067","ENSMUSG00000075062","protein_coding"
"2068","ENSMUSG00000075061","protein_coding"
"2069","ENSMUSG00000080809","protein_coding"
"2070","ENSMUSG00000089859","protein_coding"
"2071","ENSMUSG00000082980","protein_coding"
"2072","ENSMUSG00000025314","protein_coding"
"2073","ENSMUSG00000051329","protein_coding"
"2074","ENSMUSG00000008200","protein_coding"
"2075","ENSMUSG00000040812","protein_coding"
"2076","ENSMUSG00000027282","protein_coding"
"2077","ENSMUSG00000040794","protein_coding"
"2078","ENSMUSG00000005510","protein_coding"
"2079","ENSMUSG00000005505","protein_coding"
"2080","ENSMUSG00000063235","protein_coding"
"2081","ENSMUSG00000005506","protein_coding"
"2082","ENSMUSG00000002104","protein_coding"
"2083","ENSMUSG00000002102","protein_coding"
"2084","ENSMUSG00000002105","protein_coding"
"2085","ENSMUSG00000002111","protein_coding"
"2086","ENSMUSG00000002100","protein_coding"
"2087","ENSMUSG00000040687","protein_coding"
"2088","ENSMUSG00000002108","protein_coding"
"2089","ENSMUSG00000002103","protein_coding"
"2090","ENSMUSG00000002109","protein_coding"
"2091","ENSMUSG00000027257","protein_coding"
"2092","ENSMUSG00000027255","protein_coding"
"2093","ENSMUSG00000040591","protein_coding"
"2094","ENSMUSG00000027253","protein_coding"
"2095","ENSMUSG00000040549","protein_coding"
"2096","ENSMUSG00000027249","protein_coding"
"2097","ENSMUSG00000075040","protein_coding"
"2098","ENSMUSG00000027247","protein_coding"
"2099","ENSMUSG00000027244","protein_coding"
"2100","ENSMUSG00000027243","protein_coding"
"2101","ENSMUSG00000040506","protein_coding"
"2102","ENSMUSG00000040495","protein_coding"
"2103","ENSMUSG00000027239","protein_coding"
"2104","ENSMUSG00000040479","protein_coding"
"2105","ENSMUSG00000027230","protein_coding"
"2106","ENSMUSG00000058318","protein_coding"
"2107","ENSMUSG00000040434","protein_coding"
"2108","ENSMUSG00000027222","protein_coding"
"2109","ENSMUSG00000044916","protein_coding"
"2110","ENSMUSG00000027223","protein_coding"
"2111","ENSMUSG00000068742","protein_coding"
"2112","ENSMUSG00000049922","protein_coding"
"2113","ENSMUSG00000027221","protein_coding"
"2114","ENSMUSG00000027220","protein_coding"
"2115","ENSMUSG00000075028","protein_coding"
"2116","ENSMUSG00000068735","protein_coding"
"2117","ENSMUSG00000027217","protein_coding"
"2118","ENSMUSG00000027215","protein_coding"
"2119","ENSMUSG00000040310","protein_coding"
"2120","ENSMUSG00000027198","protein_coding"
"2121","ENSMUSG00000040272","protein_coding"
"2122","ENSMUSG00000075023","protein_coding"
"2123","ENSMUSG00000087006","protein_coding"
"2124","ENSMUSG00000098004","protein_coding"
"2125","ENSMUSG00000040174","protein_coding"
"2126","ENSMUSG00000027195","protein_coding"
"2127","ENSMUSG00000027194","protein_coding"
"2128","ENSMUSG00000027193","protein_coding"
"2129","ENSMUSG00000050587","protein_coding"
"2130","ENSMUSG00000027165","protein_coding"
"2131","ENSMUSG00000032864","protein_coding"
"2132","ENSMUSG00000061311","protein_coding"
"2133","ENSMUSG00000027164","protein_coding"
"2134","ENSMUSG00000032841","protein_coding"
"2135","ENSMUSG00000027163","protein_coding"
"2136","ENSMUSG00000048058","protein_coding"
"2137","ENSMUSG00000027189","protein_coding"
"2138","ENSMUSG00000075012","protein_coding"
"2139","ENSMUSG00000027188","protein_coding"
"2140","ENSMUSG00000005089","protein_coding"
"2141","ENSMUSG00000005087","protein_coding"
"2142","ENSMUSG00000010914","protein_coding"
"2143","ENSMUSG00000010911","protein_coding"
"2144","ENSMUSG00000012350","protein_coding"
"2145","ENSMUSG00000027186","protein_coding"
"2146","ENSMUSG00000027187","protein_coding"
"2147","ENSMUSG00000032724","protein_coding"
"2148","ENSMUSG00000027185","protein_coding"
"2149","ENSMUSG00000027184","protein_coding"
"2150","ENSMUSG00000032698","protein_coding"
"2151","ENSMUSG00000027180","protein_coding"
"2152","ENSMUSG00000068686","protein_coding"
"2153","ENSMUSG00000032679","protein_coding"
"2154","ENSMUSG00000032671","protein_coding"
"2155","ENSMUSG00000068373","protein_coding"
"2156","ENSMUSG00000027177","protein_coding"
"2157","ENSMUSG00000027176","protein_coding"
"2158","ENSMUSG00000027175","protein_coding"
"2159","ENSMUSG00000074997","protein_coding"
"2160","ENSMUSG00000027173","protein_coding"
"2161","ENSMUSG00000074994","protein_coding"
"2162","ENSMUSG00000027171","protein_coding"
"2163","ENSMUSG00000045106","protein_coding"
"2164","ENSMUSG00000027170","protein_coding"
"2165","ENSMUSG00000016458","protein_coding"
"2166","ENSMUSG00000055312","protein_coding"
"2167","ENSMUSG00000005973","protein_coding"
"2168","ENSMUSG00000027168","protein_coding"
"2169","ENSMUSG00000027167","protein_coding"
"2170","ENSMUSG00000042670","protein_coding"
"2171","ENSMUSG00000027166","protein_coding"
"2172","ENSMUSG00000016386","protein_coding"
"2173","ENSMUSG00000027122","protein_coding"
"2174","ENSMUSG00000027120","protein_coding"
"2175","ENSMUSG00000042604","protein_coding"
"2176","ENSMUSG00000057234","protein_coding"
"2177","ENSMUSG00000027115","protein_coding"
"2178","ENSMUSG00000048482","protein_coding"
"2179","ENSMUSG00000027162","protein_coding"
"2180","ENSMUSG00000050199","protein_coding"
"2181","ENSMUSG00000027160","protein_coding"
"2182","ENSMUSG00000041660","protein_coding"
"2183","ENSMUSG00000074971","protein_coding"
"2184","ENSMUSG00000041644","protein_coding"
"2185","ENSMUSG00000074968","protein_coding"
"2186","ENSMUSG00000050808","protein_coding"
"2187","ENSMUSG00000027157","protein_coding"
"2188","ENSMUSG00000074966","protein_coding"
"2189","ENSMUSG00000063844","protein_coding"
"2190","ENSMUSG00000074965","protein_coding"
"2191","ENSMUSG00000068647","protein_coding"
"2192","ENSMUSG00000109813","protein_coding"
"2193","ENSMUSG00000109449","protein_coding"
"2194","ENSMUSG00000095156","protein_coding"
"2195","ENSMUSG00000096554","protein_coding"
"2196","ENSMUSG00000109322","protein_coding"
"2197","ENSMUSG00000108931","protein_coding"
"2198","ENSMUSG00000096703","protein_coding"
"2199","ENSMUSG00000095586","protein_coding"
"2200","ENSMUSG00000044039","protein_coding"
"2201","ENSMUSG00000061195","protein_coding"
"2202","ENSMUSG00000095809","protein_coding"
"2203","ENSMUSG00000108891","protein_coding"
"2204","ENSMUSG00000108908","protein_coding"
"2205","ENSMUSG00000109547","protein_coding"
"2206","ENSMUSG00000108919","protein_coding"
"2207","ENSMUSG00000094858","protein_coding"
"2208","ENSMUSG00000109487","protein_coding"
"2209","ENSMUSG00000109219","protein_coding"
"2210","ENSMUSG00000109389","protein_coding"
"2211","ENSMUSG00000057149","protein_coding"
"2212","ENSMUSG00000044560","protein_coding"
"2213","ENSMUSG00000093804","protein_coding"
"2214","ENSMUSG00000074955","protein_coding"
"2215","ENSMUSG00000096566","protein_coding"
"2216","ENSMUSG00000094747","protein_coding"
"2217","ENSMUSG00000074952","protein_coding"
"2218","ENSMUSG00000109528","protein_coding"
"2219","ENSMUSG00000108827","protein_coding"
"2220","ENSMUSG00000109403","protein_coding"
"2221","ENSMUSG00000074947","protein_coding"
"2222","ENSMUSG00000074946","protein_coding"
"2223","ENSMUSG00000074945","protein_coding"
"2224","ENSMUSG00000109033","protein_coding"
"2225","ENSMUSG00000109801","protein_coding"
"2226","ENSMUSG00000050776","protein_coding"
"2227","ENSMUSG00000049758","protein_coding"
"2228","ENSMUSG00000027134","protein_coding"
"2229","ENSMUSG00000041358","protein_coding"
"2230","ENSMUSG00000027133","protein_coding"
"2231","ENSMUSG00000027130","protein_coding"
"2232","ENSMUSG00000096764","protein_coding"
"2233","ENSMUSG00000027131","protein_coding"
"2234","ENSMUSG00000027132","protein_coding"
"2235","ENSMUSG00000055943","protein_coding"
"2236","ENSMUSG00000074939","protein_coding"
"2237","ENSMUSG00000003604","protein_coding"
"2238","ENSMUSG00000057378","protein_coding"
"2239","ENSMUSG00000041255","protein_coding"
"2240","ENSMUSG00000044042","protein_coding"
"2241","ENSMUSG00000074934","protein_coding"
"2242","ENSMUSG00000023236","protein_coding"
"2243","ENSMUSG00000041219","protein_coding"
"2244","ENSMUSG00000068615","protein_coding"
"2245","ENSMUSG00000068614","protein_coding"
"2246","ENSMUSG00000040383","protein_coding"
"2247","ENSMUSG00000040321","protein_coding"
"2248","ENSMUSG00000057147","protein_coding"
"2249","ENSMUSG00000040282","protein_coding"
"2250","ENSMUSG00000027210","protein_coding"
"2251","ENSMUSG00000027355","protein_coding"
"2252","ENSMUSG00000027351","protein_coding"
"2253","ENSMUSG00000027349","protein_coding"
"2254","ENSMUSG00000027347","protein_coding"
"2255","ENSMUSG00000040152","protein_coding"
"2256","ENSMUSG00000027344","protein_coding"
"2257","ENSMUSG00000040133","protein_coding"
"2258","ENSMUSG00000005102","protein_coding"
"2259","ENSMUSG00000009549","protein_coding"
"2260","ENSMUSG00000040093","protein_coding"
"2261","ENSMUSG00000040084","protein_coding"
"2262","ENSMUSG00000074923","protein_coding"
"2263","ENSMUSG00000078137","protein_coding"
"2264","ENSMUSG00000040061","protein_coding"
"2265","ENSMUSG00000074918","protein_coding"
"2266","ENSMUSG00000045838","protein_coding"
"2267","ENSMUSG00000046804","protein_coding"
"2268","ENSMUSG00000040035","protein_coding"
"2269","ENSMUSG00000027331","protein_coding"
"2270","ENSMUSG00000027332","protein_coding"
"2271","ENSMUSG00000040007","protein_coding"
"2272","ENSMUSG00000074916","protein_coding"
"2273","ENSMUSG00000039983","protein_coding"
"2274","ENSMUSG00000027324","protein_coding"
"2275","ENSMUSG00000027326","protein_coding"
"2276","ENSMUSG00000027323","protein_coding"
"2277","ENSMUSG00000070730","protein_coding"
"2278","ENSMUSG00000046814","protein_coding"
"2279","ENSMUSG00000034278","protein_coding"
"2280","ENSMUSG00000055926","protein_coding"
"2281","ENSMUSG00000068580","protein_coding"
"2282","ENSMUSG00000027317","protein_coding"
"2283","ENSMUSG00000027315","protein_coding"
"2284","ENSMUSG00000034226","protein_coding"
"2285","ENSMUSG00000034216","protein_coding"
"2286","ENSMUSG00000027314","protein_coding"
"2287","ENSMUSG00000027313","protein_coding"
"2288","ENSMUSG00000034154","protein_coding"
"2289","ENSMUSG00000048647","protein_coding"
"2290","ENSMUSG00000014077","protein_coding"
"2291","ENSMUSG00000072980","protein_coding"
"2292","ENSMUSG00000027306","protein_coding"
"2293","ENSMUSG00000027305","protein_coding"
"2294","ENSMUSG00000027304","protein_coding"
"2295","ENSMUSG00000027296","protein_coding"
"2296","ENSMUSG00000027297","protein_coding"
"2297","ENSMUSG00000034032","protein_coding"
"2298","ENSMUSG00000027298","protein_coding"
"2299","ENSMUSG00000033943","protein_coding"
"2300","ENSMUSG00000033902","protein_coding"
"2301","ENSMUSG00000098789","protein_coding"
"2302","ENSMUSG00000033852","protein_coding"
"2303","ENSMUSG00000098488","protein_coding"
"2304","ENSMUSG00000074899","protein_coding"
"2305","ENSMUSG00000027293","protein_coding"
"2306","ENSMUSG00000050211","protein_coding"
"2307","ENSMUSG00000070719","protein_coding"
"2308","ENSMUSG00000046971","protein_coding"
"2309","ENSMUSG00000027291","protein_coding"
"2310","ENSMUSG00000033808","protein_coding"
"2311","ENSMUSG00000062646","protein_coding"
"2312","ENSMUSG00000118623","protein_coding"
"2313","ENSMUSG00000079110","protein_coding"
"2314","ENSMUSG00000027288","protein_coding"
"2315","ENSMUSG00000027287","protein_coding"
"2316","ENSMUSG00000027286","protein_coding"
"2317","ENSMUSG00000027285","protein_coding"
"2318","ENSMUSG00000033705","protein_coding"
"2319","ENSMUSG00000027284","protein_coding"
"2320","ENSMUSG00000090100","protein_coding"
"2321","ENSMUSG00000027272","protein_coding"
"2322","ENSMUSG00000054484","protein_coding"
"2323","ENSMUSG00000023572","protein_coding"
"2324","ENSMUSG00000023216","protein_coding"
"2325","ENSMUSG00000053675","protein_coding"
"2326","ENSMUSG00000079103","protein_coding"
"2327","ENSMUSG00000074890","protein_coding"
"2328","ENSMUSG00000027259","protein_coding"
"2329","ENSMUSG00000050619","protein_coding"
"2330","ENSMUSG00000027263","protein_coding"
"2331","ENSMUSG00000043909","protein_coding"
"2332","ENSMUSG00000027254","protein_coding"
"2333","ENSMUSG00000033526","protein_coding"
"2334","ENSMUSG00000000308","protein_coding"
"2335","ENSMUSG00000033498","protein_coding"
"2336","ENSMUSG00000033486","protein_coding"
"2337","ENSMUSG00000027248","protein_coding"
"2338","ENSMUSG00000027246","protein_coding"
"2339","ENSMUSG00000046110","protein_coding"
"2340","ENSMUSG00000074884","protein_coding"
"2341","ENSMUSG00000027245","protein_coding"
"2342","ENSMUSG00000048222","protein_coding"
"2343","ENSMUSG00000068479","protein_coding"
"2344","ENSMUSG00000027242","protein_coding"
"2345","ENSMUSG00000027238","protein_coding"
"2346","ENSMUSG00000060227","protein_coding"
"2347","ENSMUSG00000074881","protein_coding"
"2348","ENSMUSG00000033411","protein_coding"
"2349","ENSMUSG00000027236","protein_coding"
"2350","ENSMUSG00000033396","protein_coding"
"2351","ENSMUSG00000027233","protein_coding"
"2352","ENSMUSG00000060802","protein_coding"
"2353","ENSMUSG00000033368","protein_coding"
"2354","ENSMUSG00000027229","protein_coding"
"2355","ENSMUSG00000027227","protein_coding"
"2356","ENSMUSG00000068452","protein_coding"
"2357","ENSMUSG00000027225","protein_coding"
"2358","ENSMUSG00000027224","protein_coding"
"2359","ENSMUSG00000033268","protein_coding"
"2360","ENSMUSG00000033256","protein_coding"
"2361","ENSMUSG00000027219","protein_coding"
"2362","ENSMUSG00000079071","protein_coding"
"2363","ENSMUSG00000027199","protein_coding"
"2364","ENSMUSG00000118663","protein_coding"
"2365","ENSMUSG00000033213","protein_coding"
"2366","ENSMUSG00000005802","protein_coding"
"2367","ENSMUSG00000005804","protein_coding"
"2368","ENSMUSG00000005803","protein_coding"
"2369","ENSMUSG00000027200","protein_coding"
"2370","ENSMUSG00000035183","protein_coding"
"2371","ENSMUSG00000027201","protein_coding"
"2372","ENSMUSG00000074872","protein_coding"
"2373","ENSMUSG00000027202","protein_coding"
"2374","ENSMUSG00000027203","protein_coding"
"2375","ENSMUSG00000027204","protein_coding"
"2376","ENSMUSG00000068394","protein_coding"
"2377","ENSMUSG00000035109","protein_coding"
"2378","ENSMUSG00000091337","protein_coding"
"2379","ENSMUSG00000035093","protein_coding"
"2380","ENSMUSG00000027206","protein_coding"
"2381","ENSMUSG00000027207","protein_coding"
"2382","ENSMUSG00000027209","protein_coding"
"2383","ENSMUSG00000027208","protein_coding"
"2384","ENSMUSG00000023330","protein_coding"
"2385","ENSMUSG00000060131","protein_coding"
"2386","ENSMUSG00000027359","protein_coding"
"2387","ENSMUSG00000027360","protein_coding"
"2388","ENSMUSG00000027361","protein_coding"
"2389","ENSMUSG00000027363","protein_coding"
"2390","ENSMUSG00000027364","protein_coding"
"2391","ENSMUSG00000027365","protein_coding"
"2392","ENSMUSG00000027366","protein_coding"
"2393","ENSMUSG00000001998","protein_coding"
"2394","ENSMUSG00000001999","protein_coding"
"2395","ENSMUSG00000034906","protein_coding"
"2396","ENSMUSG00000074825","protein_coding"
"2397","ENSMUSG00000044145","protein_coding"
"2398","ENSMUSG00000003660","protein_coding"
"2399","ENSMUSG00000003662","protein_coding"
"2400","ENSMUSG00000034850","protein_coding"
"2401","ENSMUSG00000027367","protein_coding"
"2402","ENSMUSG00000027368","protein_coding"
"2403","ENSMUSG00000050468","protein_coding"
"2404","ENSMUSG00000058620","protein_coding"
"2405","ENSMUSG00000046338","protein_coding"
"2406","ENSMUSG00000027371","protein_coding"
"2407","ENSMUSG00000079056","protein_coding"
"2408","ENSMUSG00000027376","protein_coding"
"2409","ENSMUSG00000034800","protein_coding"
"2410","ENSMUSG00000027374","protein_coding"
"2411","ENSMUSG00000027375","protein_coding"
"2412","ENSMUSG00000027377","protein_coding"
"2413","ENSMUSG00000027378","protein_coding"
"2414","ENSMUSG00000051319","protein_coding"
"2415","ENSMUSG00000027379","protein_coding"
"2416","ENSMUSG00000027380","protein_coding"
"2417","ENSMUSG00000027381","protein_coding"
"2418","ENSMUSG00000074812","protein_coding"
"2419","ENSMUSG00000014355","protein_coding"
"2420","ENSMUSG00000014361","protein_coding"
"2421","ENSMUSG00000014353","protein_coding"
"2422","ENSMUSG00000027386","protein_coding"
"2423","ENSMUSG00000027387","protein_coding"
"2424","ENSMUSG00000042851","protein_coding"
"2425","ENSMUSG00000079051","protein_coding"
"2426","ENSMUSG00000027394","protein_coding"
"2427","ENSMUSG00000027395","protein_coding"
"2428","ENSMUSG00000037938","protein_coding"
"2429","ENSMUSG00000027397","protein_coding"
"2430","ENSMUSG00000048327","protein_coding"
"2431","ENSMUSG00000027399","protein_coding"
"2432","ENSMUSG00000027398","protein_coding"
"2433","ENSMUSG00000043727","protein_coding"
"2434","ENSMUSG00000037902","protein_coding"
"2435","ENSMUSG00000027400","protein_coding"
"2436","ENSMUSG00000037885","protein_coding"
"2437","ENSMUSG00000027401","protein_coding"
"2438","ENSMUSG00000027403","protein_coding"
"2439","ENSMUSG00000027404","protein_coding"
"2440","ENSMUSG00000060332","protein_coding"
"2441","ENSMUSG00000027405","protein_coding"
"2442","ENSMUSG00000027406","protein_coding"
"2443","ENSMUSG00000053552","protein_coding"
"2444","ENSMUSG00000027408","protein_coding"
"2445","ENSMUSG00000027409","protein_coding"
"2446","ENSMUSG00000049692","protein_coding"
"2447","ENSMUSG00000037773","protein_coding"
"2448","ENSMUSG00000027411","protein_coding"
"2449","ENSMUSG00000027303","protein_coding"
"2450","ENSMUSG00000037740","protein_coding"
"2451","ENSMUSG00000027301","protein_coding"
"2452","ENSMUSG00000037727","protein_coding"
"2453","ENSMUSG00000027300","protein_coding"
"2454","ENSMUSG00000079043","protein_coding"
"2455","ENSMUSG00000037703","protein_coding"
"2456","ENSMUSG00000068290","protein_coding"
"2457","ENSMUSG00000074797","protein_coding"
"2458","ENSMUSG00000074796","protein_coding"
"2459","ENSMUSG00000027309","protein_coding"
"2460","ENSMUSG00000027312","protein_coding"
"2461","ENSMUSG00000027316","protein_coding"
"2462","ENSMUSG00000027318","protein_coding"
"2463","ENSMUSG00000027322","protein_coding"
"2464","ENSMUSG00000074793","protein_coding"
"2465","ENSMUSG00000027327","protein_coding"
"2466","ENSMUSG00000027329","protein_coding"
"2467","ENSMUSG00000068267","protein_coding"
"2468","ENSMUSG00000027330","protein_coding"
"2469","ENSMUSG00000068264","protein_coding"
"2470","ENSMUSG00000037523","protein_coding"
"2471","ENSMUSG00000037514","protein_coding"
"2472","ENSMUSG00000048911","protein_coding"
"2473","ENSMUSG00000027333","protein_coding"
"2474","ENSMUSG00000027335","protein_coding"
"2475","ENSMUSG00000037482","protein_coding"
"2476","ENSMUSG00000079037","protein_coding"
"2477","ENSMUSG00000098754","protein_coding"
"2478","ENSMUSG00000027338","protein_coding"
"2479","ENSMUSG00000027339","protein_coding"
"2480","ENSMUSG00000027340","protein_coding"
"2481","ENSMUSG00000027341","protein_coding"
"2482","ENSMUSG00000027342","protein_coding"
"2483","ENSMUSG00000058793","protein_coding"
"2484","ENSMUSG00000050558","protein_coding"
"2485","ENSMUSG00000027346","protein_coding"
"2486","ENSMUSG00000044991","protein_coding"
"2487","ENSMUSG00000027350","protein_coding"
"2488","ENSMUSG00000037376","protein_coding"
"2489","ENSMUSG00000027353","protein_coding"
"2490","ENSMUSG00000027357","protein_coding"
"2491","ENSMUSG00000043110","protein_coding"
"2492","ENSMUSG00000027356","protein_coding"
"2493","ENSMUSG00000027358","protein_coding"
"2494","ENSMUSG00000027261","protein_coding"
"2495","ENSMUSG00000034723","protein_coding"
"2496","ENSMUSG00000051177","protein_coding"
"2497","ENSMUSG00000039943","protein_coding"
"2498","ENSMUSG00000027270","protein_coding"
"2499","ENSMUSG00000039913","protein_coding"
"2500","ENSMUSG00000074771","protein_coding"
"2501","ENSMUSG00000027273","protein_coding"
"2502","ENSMUSG00000027274","protein_coding"
"2503","ENSMUSG00000115423","protein_coding"
"2504","ENSMUSG00000116563","protein_coding"
"2505","ENSMUSG00000027281","protein_coding"
"2506","ENSMUSG00000027276","protein_coding"
"2507","ENSMUSG00000062098","protein_coding"
"2508","ENSMUSG00000039092","protein_coding"
"2509","ENSMUSG00000074766","protein_coding"
"2510","ENSMUSG00000039033","protein_coding"
"2511","ENSMUSG00000045624","protein_coding"
"2512","ENSMUSG00000027384","protein_coding"
"2513","ENSMUSG00000074764","protein_coding"
"2514","ENSMUSG00000068205","protein_coding"
"2515","ENSMUSG00000051379","protein_coding"
"2516","ENSMUSG00000038844","protein_coding"
"2517","ENSMUSG00000008333","protein_coding"
"2518","ENSMUSG00000027416","protein_coding"
"2519","ENSMUSG00000027419","protein_coding"
"2520","ENSMUSG00000027420","protein_coding"
"2521","ENSMUSG00000015932","protein_coding"
"2522","ENSMUSG00000027422","protein_coding"
"2523","ENSMUSG00000037307","protein_coding"
"2524","ENSMUSG00000027423","protein_coding"
"2525","ENSMUSG00000027424","protein_coding"
"2526","ENSMUSG00000037279","protein_coding"
"2527","ENSMUSG00000027425","protein_coding"
"2528","ENSMUSG00000098387","protein_coding"
"2529","ENSMUSG00000037259","protein_coding"
"2530","ENSMUSG00000027427","protein_coding"
"2531","ENSMUSG00000027428","protein_coding"
"2532","ENSMUSG00000027429","protein_coding"
"2533","ENSMUSG00000074754","protein_coding"
"2534","ENSMUSG00000027430","protein_coding"
"2535","ENSMUSG00000027431","protein_coding"
"2536","ENSMUSG00000063873","protein_coding"
"2537","ENSMUSG00000001768","protein_coding"
"2538","ENSMUSG00000002728","protein_coding"
"2539","ENSMUSG00000001767","protein_coding"
"2540","ENSMUSG00000037143","protein_coding"
"2541","ENSMUSG00000068154","protein_coding"
"2542","ENSMUSG00000037110","protein_coding"
"2543","ENSMUSG00000074749","protein_coding"
"2544","ENSMUSG00000027433","protein_coding"
"2545","ENSMUSG00000054160","protein_coding"
"2546","ENSMUSG00000027434","protein_coding"
"2547","ENSMUSG00000037034","protein_coding"
"2548","ENSMUSG00000037025","protein_coding"
"2549","ENSMUSG00000037014","protein_coding"
"2550","ENSMUSG00000074743","protein_coding"
"2551","ENSMUSG00000027435","protein_coding"
"2552","ENSMUSG00000036992","protein_coding"
"2553","ENSMUSG00000027439","protein_coding"
"2554","ENSMUSG00000027438","protein_coding"
"2555","ENSMUSG00000055177","protein_coding"
"2556","ENSMUSG00000036958","protein_coding"
"2557","ENSMUSG00000027444","protein_coding"
"2558","ENSMUSG00000027443","protein_coding"
"2559","ENSMUSG00000027442","protein_coding"
"2560","ENSMUSG00000036924","protein_coding"
"2561","ENSMUSG00000027445","protein_coding"
"2562","ENSMUSG00000027446","protein_coding"
"2563","ENSMUSG00000027447","protein_coding"
"2564","ENSMUSG00000063507","protein_coding"
"2565","ENSMUSG00000033156","protein_coding"
"2566","ENSMUSG00000074736","protein_coding"
"2567","ENSMUSG00000068134","protein_coding"
"2568","ENSMUSG00000079009","protein_coding"
"2569","ENSMUSG00000060336","protein_coding"
"2570","ENSMUSG00000079008","protein_coding"
"2571","ENSMUSG00000063364","protein_coding"
"2572","ENSMUSG00000095315","protein_coding"
"2573","ENSMUSG00000068130","protein_coding"
"2574","ENSMUSG00000074731","protein_coding"
"2575","ENSMUSG00000068129","protein_coding"
"2576","ENSMUSG00000033096","protein_coding"
"2577","ENSMUSG00000027452","protein_coding"
"2578","ENSMUSG00000033080","protein_coding"
"2579","ENSMUSG00000033068","protein_coding"
"2580","ENSMUSG00000033059","protein_coding"
"2581","ENSMUSG00000032046","protein_coding"
"2582","ENSMUSG00000027454","protein_coding"
"2583","ENSMUSG00000068115","protein_coding"
"2584","ENSMUSG00000053916","protein_coding"
"2585","ENSMUSG00000079006","protein_coding"
"2586","ENSMUSG00000079005","protein_coding"
"2587","ENSMUSG00000061525","protein_coding"
"2588","ENSMUSG00000027455","protein_coding"
"2589","ENSMUSG00000032966","protein_coding"
"2590","ENSMUSG00000027456","protein_coding"
"2591","ENSMUSG00000027457","protein_coding"
"2592","ENSMUSG00000074704","protein_coding"
"2593","ENSMUSG00000087035","protein_coding"
"2594","ENSMUSG00000044364","protein_coding"
"2595","ENSMUSG00000032869","protein_coding"
"2596","ENSMUSG00000032852","protein_coding"
"2597","ENSMUSG00000027460","protein_coding"
"2598","ENSMUSG00000027459","protein_coding"
"2599","ENSMUSG00000027463","protein_coding"
"2600","ENSMUSG00000060257","protein_coding"
"2601","ENSMUSG00000032802","protein_coding"
"2602","ENSMUSG00000068079","protein_coding"
"2603","ENSMUSG00000074698","protein_coding"
"2604","ENSMUSG00000027465","protein_coding"
"2605","ENSMUSG00000027466","protein_coding"
"2606","ENSMUSG00000032715","protein_coding"
"2607","ENSMUSG00000059361","protein_coding"
"2608","ENSMUSG00000051817","protein_coding"
"2609","ENSMUSG00000074682","protein_coding"
"2610","ENSMUSG00000032680","protein_coding"
"2611","ENSMUSG00000074681","protein_coding"
"2612","ENSMUSG00000049560","protein_coding"
"2613","ENSMUSG00000027468","protein_coding"
"2614","ENSMUSG00000074680","protein_coding"
"2615","ENSMUSG00000074679","protein_coding"
"2616","ENSMUSG00000044249","protein_coding"
"2617","ENSMUSG00000090485","protein_coding"
"2618","ENSMUSG00000056544","protein_coding"
"2619","ENSMUSG00000050645","protein_coding"
"2620","ENSMUSG00000062124","protein_coding"
"2621","ENSMUSG00000044863","protein_coding"
"2622","ENSMUSG00000074678","protein_coding"
"2623","ENSMUSG00000000359","protein_coding"
"2624","ENSMUSG00000019188","protein_coding"
"2625","ENSMUSG00000042814","protein_coding"
"2626","ENSMUSG00000042745","protein_coding"
"2627","ENSMUSG00000009876","protein_coding"
"2628","ENSMUSG00000007659","protein_coding"
"2629","ENSMUSG00000027469","protein_coding"
"2630","ENSMUSG00000027470","protein_coding"
"2631","ENSMUSG00000074676","protein_coding"
"2632","ENSMUSG00000042662","protein_coding"
"2633","ENSMUSG00000074673","protein_coding"
"2634","ENSMUSG00000027472","protein_coding"
"2635","ENSMUSG00000042631","protein_coding"
"2636","ENSMUSG00000027474","protein_coding"
"2637","ENSMUSG00000003283","protein_coding"
"2638","ENSMUSG00000068040","protein_coding"
"2639","ENSMUSG00000074671","protein_coding"
"2640","ENSMUSG00000051413","protein_coding"
"2641","ENSMUSG00000046020","protein_coding"
"2642","ENSMUSG00000027475","protein_coding"
"2643","ENSMUSG00000042548","protein_coding"
"2644","ENSMUSG00000061411","protein_coding"
"2645","ENSMUSG00000056941","protein_coding"
"2646","ENSMUSG00000027478","protein_coding"
"2647","ENSMUSG00000082079","protein_coding"
"2648","ENSMUSG00000027479","protein_coding"
"2649","ENSMUSG00000044083","protein_coding"
"2650","ENSMUSG00000027480","protein_coding"
"2651","ENSMUSG00000027481","protein_coding"
"2652","ENSMUSG00000068009","protein_coding"
"2653","ENSMUSG00000068008","protein_coding"
"2654","ENSMUSG00000074665","protein_coding"
"2655","ENSMUSG00000078998","protein_coding"
"2656","ENSMUSG00000042459","protein_coding"
"2657","ENSMUSG00000027482","protein_coding"
"2658","ENSMUSG00000027483","protein_coding"
"2659","ENSMUSG00000027484","protein_coding"
"2660","ENSMUSG00000027485","protein_coding"
"2661","ENSMUSG00000038572","protein_coding"
"2662","ENSMUSG00000067998","protein_coding"
"2663","ENSMUSG00000067996","protein_coding"
"2664","ENSMUSG00000027487","protein_coding"
"2665","ENSMUSG00000027488","protein_coding"
"2666","ENSMUSG00000038533","protein_coding"
"2667","ENSMUSG00000027489","protein_coding"
"2668","ENSMUSG00000038523","protein_coding"
"2669","ENSMUSG00000078129","protein_coding"
"2670","ENSMUSG00000027490","protein_coding"
"2671","ENSMUSG00000000876","protein_coding"
"2672","ENSMUSG00000059842","protein_coding"
"2673","ENSMUSG00000038467","protein_coding"
"2674","ENSMUSG00000027593","protein_coding"
"2675","ENSMUSG00000027596","protein_coding"
"2676","ENSMUSG00000074656","protein_coding"
"2677","ENSMUSG00000027597","protein_coding"
"2678","ENSMUSG00000027598","protein_coding"
"2679","ENSMUSG00000047459","protein_coding"
"2680","ENSMUSG00000027602","protein_coding"
"2681","ENSMUSG00000038383","protein_coding"
"2682","ENSMUSG00000038375","protein_coding"
"2683","ENSMUSG00000038369","protein_coding"
"2684","ENSMUSG00000027603","protein_coding"
"2685","ENSMUSG00000027605","protein_coding"
"2686","ENSMUSG00000027610","protein_coding"
"2687","ENSMUSG00000074652","protein_coding"
"2688","ENSMUSG00000038324","protein_coding"
"2689","ENSMUSG00000038312","protein_coding"
"2690","ENSMUSG00000027611","protein_coding"
"2691","ENSMUSG00000027612","protein_coding"
"2692","ENSMUSG00000074649","protein_coding"
"2693","ENSMUSG00000027613","protein_coding"
"2694","ENSMUSG00000074647","protein_coding"
"2695","ENSMUSG00000005882","protein_coding"
"2696","ENSMUSG00000078972","protein_coding"
"2697","ENSMUSG00000038259","protein_coding"
"2698","ENSMUSG00000038241","protein_coding"
"2699","ENSMUSG00000074646","protein_coding"
"2700","ENSMUSG00000005881","protein_coding"
"2701","ENSMUSG00000013338","protein_coding"
"2702","ENSMUSG00000038180","protein_coding"
"2703","ENSMUSG00000074643","protein_coding"
"2704","ENSMUSG00000098950","protein_coding"
"2705","ENSMUSG00000089824","protein_coding"
"2706","ENSMUSG00000027618","protein_coding"
"2707","ENSMUSG00000067847","protein_coding"
"2708","ENSMUSG00000027620","protein_coding"
"2709","ENSMUSG00000038116","protein_coding"
"2710","ENSMUSG00000046229","protein_coding"
"2711","ENSMUSG00000038085","protein_coding"
"2712","ENSMUSG00000027624","protein_coding"
"2713","ENSMUSG00000027628","protein_coding"
"2714","ENSMUSG00000061689","protein_coding"
"2715","ENSMUSG00000067818","protein_coding"
"2716","ENSMUSG00000062175","protein_coding"
"2717","ENSMUSG00000027637","protein_coding"
"2718","ENSMUSG00000027636","protein_coding"
"2719","ENSMUSG00000027634","protein_coding"
"2720","ENSMUSG00000027635","protein_coding"
"2721","ENSMUSG00000055485","protein_coding"
"2722","ENSMUSG00000074628","protein_coding"
"2723","ENSMUSG00000027639","protein_coding"
"2724","ENSMUSG00000027641","protein_coding"
"2725","ENSMUSG00000074627","protein_coding"
"2726","ENSMUSG00000027642","protein_coding"
"2727","ENSMUSG00000027643","protein_coding"
"2728","ENSMUSG00000063019","protein_coding"
"2729","ENSMUSG00000027646","protein_coding"
"2730","ENSMUSG00000067787","protein_coding"
"2731","ENSMUSG00000067786","protein_coding"
"2732","ENSMUSG00000027649","protein_coding"
"2733","ENSMUSG00000037843","protein_coding"
"2734","ENSMUSG00000027650","protein_coding"
"2735","ENSMUSG00000027651","protein_coding"
"2736","ENSMUSG00000037820","protein_coding"
"2737","ENSMUSG00000037813","protein_coding"
"2738","ENSMUSG00000052922","protein_coding"
"2739","ENSMUSG00000016024","protein_coding"
"2740","ENSMUSG00000044349","protein_coding"
"2741","ENSMUSG00000027652","protein_coding"
"2742","ENSMUSG00000044405","protein_coding"
"2743","ENSMUSG00000074625","protein_coding"
"2744","ENSMUSG00000037771","protein_coding"
"2745","ENSMUSG00000037761","protein_coding"
"2746","ENSMUSG00000037754","protein_coding"
"2747","ENSMUSG00000027654","protein_coding"
"2748","ENSMUSG00000027655","protein_coding"
"2749","ENSMUSG00000074623","protein_coding"
"2750","ENSMUSG00000074622","protein_coding"
"2751","ENSMUSG00000070544","protein_coding"
"2752","ENSMUSG00000016933","protein_coding"
"2753","ENSMUSG00000035877","protein_coding"
"2754","ENSMUSG00000027412","protein_coding"
"2755","ENSMUSG00000050700","protein_coding"
"2756","ENSMUSG00000057133","protein_coding"
"2757","ENSMUSG00000053141","protein_coding"
"2758","ENSMUSG00000016921","protein_coding"
"2759","ENSMUSG00000035576","protein_coding"
"2760","ENSMUSG00000017868","protein_coding"
"2761","ENSMUSG00000017858","protein_coding"
"2762","ENSMUSG00000017861","protein_coding"
"2763","ENSMUSG00000070708","protein_coding"
"2764","ENSMUSG00000074607","protein_coding"
"2765","ENSMUSG00000017817","protein_coding"
"2766","ENSMUSG00000035399","protein_coding"
"2767","ENSMUSG00000017943","protein_coding"
"2768","ENSMUSG00000048486","protein_coding"
"2769","ENSMUSG00000078949","protein_coding"
"2770","ENSMUSG00000017950","protein_coding"
"2771","ENSMUSG00000017679","protein_coding"
"2772","ENSMUSG00000017707","protein_coding"
"2773","ENSMUSG00000035268","protein_coding"
"2774","ENSMUSG00000017697","protein_coding"
"2775","ENSMUSG00000027656","protein_coding"
"2776","ENSMUSG00000035238","protein_coding"
"2777","ENSMUSG00000035226","protein_coding"
"2778","ENSMUSG00000018326","protein_coding"
"2779","ENSMUSG00000054582","protein_coding"
"2780","ENSMUSG00000018322","protein_coding"
"2781","ENSMUSG00000018209","protein_coding"
"2782","ENSMUSG00000040164","protein_coding"
"2783","ENSMUSG00000040154","protein_coding"
"2784","ENSMUSG00000042845","protein_coding"
"2785","ENSMUSG00000051769","protein_coding"
"2786","ENSMUSG00000018211","protein_coding"
"2787","ENSMUSG00000040132","protein_coding"
"2788","ENSMUSG00000050383","protein_coding"
"2789","ENSMUSG00000016998","protein_coding"
"2790","ENSMUSG00000017003","protein_coding"
"2791","ENSMUSG00000017000","protein_coding"
"2792","ENSMUSG00000017004","protein_coding"
"2793","ENSMUSG00000017002","protein_coding"
"2794","ENSMUSG00000016995","protein_coding"
"2795","ENSMUSG00000017007","protein_coding"
"2796","ENSMUSG00000017009","protein_coding"
"2797","ENSMUSG00000045503","protein_coding"
"2798","ENSMUSG00000090996","protein_coding"
"2799","ENSMUSG00000017720","protein_coding"
"2800","ENSMUSG00000017734","protein_coding"
"2801","ENSMUSG00000017721","protein_coding"
"2802","ENSMUSG00000017723","protein_coding"
"2803","ENSMUSG00000074596","protein_coding"
"2804","ENSMUSG00000074595","protein_coding"
"2805","ENSMUSG00000017733","protein_coding"
"2806","ENSMUSG00000070533","protein_coding"
"2807","ENSMUSG00000070531","protein_coding"
"2808","ENSMUSG00000070530","protein_coding"
"2809","ENSMUSG00000074594","protein_coding"
"2810","ENSMUSG00000070529","protein_coding"
"2811","ENSMUSG00000078940","protein_coding"
"2812","ENSMUSG00000067704","protein_coding"
"2813","ENSMUSG00000017310","protein_coding"
"2814","ENSMUSG00000074593","protein_coding"
"2815","ENSMUSG00000076434","protein_coding"
"2816","ENSMUSG00000017299","protein_coding"
"2817","ENSMUSG00000001403","protein_coding"
"2818","ENSMUSG00000017300","protein_coding"
"2819","ENSMUSG00000050373","protein_coding"
"2820","ENSMUSG00000017307","protein_coding"
"2821","ENSMUSG00000045822","protein_coding"
"2822","ENSMUSG00000017764","protein_coding"
"2823","ENSMUSG00000017767","protein_coding"
"2824","ENSMUSG00000039873","protein_coding"
"2825","ENSMUSG00000017760","protein_coding"
"2826","ENSMUSG00000017754","protein_coding"
"2827","ENSMUSG00000039849","protein_coding"
"2828","ENSMUSG00000039834","protein_coding"
"2829","ENSMUSG00000017737","protein_coding"
"2830","ENSMUSG00000017740","protein_coding"
"2831","ENSMUSG00000039804","protein_coding"
"2832","ENSMUSG00000017652","protein_coding"
"2833","ENSMUSG00000078935","protein_coding"
"2834","ENSMUSG00000053166","protein_coding"
"2835","ENSMUSG00000017664","protein_coding"
"2836","ENSMUSG00000017670","protein_coding"
"2837","ENSMUSG00000056824","protein_coding"
"2838","ENSMUSG00000017667","protein_coding"
"2839","ENSMUSG00000027670","protein_coding"
"2840","ENSMUSG00000018459","protein_coding"
"2841","ENSMUSG00000039725","protein_coding"
"2842","ENSMUSG00000027661","protein_coding"
"2843","ENSMUSG00000017897","protein_coding"
"2844","ENSMUSG00000039671","protein_coding"
"2845","ENSMUSG00000027678","protein_coding"
"2846","ENSMUSG00000006800","protein_coding"
"2847","ENSMUSG00000039621","protein_coding"
"2848","ENSMUSG00000042854","protein_coding"
"2849","ENSMUSG00000074582","protein_coding"
"2850","ENSMUSG00000002718","protein_coding"
"2851","ENSMUSG00000039536","protein_coding"
"2852","ENSMUSG00000017999","protein_coding"
"2853","ENSMUSG00000039501","protein_coding"
"2854","ENSMUSG00000050556","protein_coding"
"2855","ENSMUSG00000017969","protein_coding"
"2856","ENSMUSG00000017929","protein_coding"
"2857","ENSMUSG00000039463","protein_coding"
"2858","ENSMUSG00000047030","protein_coding"
"2859","ENSMUSG00000006418","protein_coding"
"2860","ENSMUSG00000042821","protein_coding"
"2861","ENSMUSG00000078923","protein_coding"
"2862","ENSMUSG00000089739","protein_coding"
"2863","ENSMUSG00000090213","protein_coding"
"2864","ENSMUSG00000056501","protein_coding"
"2865","ENSMUSG00000027540","protein_coding"
"2866","ENSMUSG00000074577","protein_coding"
"2867","ENSMUSG00000044641","protein_coding"
"2868","ENSMUSG00000051149","protein_coding"
"2869","ENSMUSG00000093752","protein_coding"
"2870","ENSMUSG00000078919","protein_coding"
"2871","ENSMUSG00000074576","protein_coding"
"2872","ENSMUSG00000074575","protein_coding"
"2873","ENSMUSG00000027544","protein_coding"
"2874","ENSMUSG00000027546","protein_coding"
"2875","ENSMUSG00000027547","protein_coding"
"2876","ENSMUSG00000027551","protein_coding"
"2877","ENSMUSG00000047907","protein_coding"
"2878","ENSMUSG00000052056","protein_coding"
"2879","ENSMUSG00000013523","protein_coding"
"2880","ENSMUSG00000038567","protein_coding"
"2881","ENSMUSG00000052033","protein_coding"
"2882","ENSMUSG00000027560","protein_coding"
"2883","ENSMUSG00000067578","protein_coding"
"2884","ENSMUSG00000038537","protein_coding"
"2885","ENSMUSG00000027495","protein_coding"
"2886","ENSMUSG00000027496","protein_coding"
"2887","ENSMUSG00000027498","protein_coding"
"2888","ENSMUSG00000074570","protein_coding"
"2889","ENSMUSG00000027502","protein_coding"
"2890","ENSMUSG00000074569","protein_coding"
"2891","ENSMUSG00000027505","protein_coding"
"2892","ENSMUSG00000028640","protein_coding"
"2893","ENSMUSG00000008999","protein_coding"
"2894","ENSMUSG00000005883","protein_coding"
"2895","ENSMUSG00000027509","protein_coding"
"2896","ENSMUSG00000027510","protein_coding"
"2897","ENSMUSG00000070495","protein_coding"
"2898","ENSMUSG00000027513","protein_coding"
"2899","ENSMUSG00000027514","protein_coding"
"2900","ENSMUSG00000038400","protein_coding"
"2901","ENSMUSG00000027518","protein_coding"
"2902","ENSMUSG00000027517","protein_coding"
"2903","ENSMUSG00000027519","protein_coding"
"2904","ENSMUSG00000054455","protein_coding"
"2905","ENSMUSG00000027522","protein_coding"
"2906","ENSMUSG00000039263","protein_coding"
"2907","ENSMUSG00000027523","protein_coding"
"2908","ENSMUSG00000016253","protein_coding"
"2909","ENSMUSG00000016256","protein_coding"
"2910","ENSMUSG00000016255","protein_coding"
"2911","ENSMUSG00000016252","protein_coding"
"2912","ENSMUSG00000016257","protein_coding"
"2913","ENSMUSG00000050600","protein_coding"
"2914","ENSMUSG00000027524","protein_coding"
"2915","ENSMUSG00000078906","protein_coding"
"2916","ENSMUSG00000078905","protein_coding"
"2917","ENSMUSG00000090093","protein_coding"
"2918","ENSMUSG00000078902","protein_coding"
"2919","ENSMUSG00000078903","protein_coding"
"2920","ENSMUSG00000078901","protein_coding"
"2921","ENSMUSG00000078899","protein_coding"
"2922","ENSMUSG00000078898","protein_coding"
"2923","ENSMUSG00000078897","protein_coding"
"2924","ENSMUSG00000078896","protein_coding"
"2925","ENSMUSG00000094475","protein_coding"
"2926","ENSMUSG00000095545","protein_coding"
"2927","ENSMUSG00000094932","protein_coding"
"2928","ENSMUSG00000078889","protein_coding"
"2929","ENSMUSG00000078887","protein_coding"
"2930","ENSMUSG00000089756","protein_coding"
"2931","ENSMUSG00000078886","protein_coding"
"2932","ENSMUSG00000095648","protein_coding"
"2933","ENSMUSG00000078894","protein_coding"
"2934","ENSMUSG00000078895","protein_coding"
"2935","ENSMUSG00000089951","protein_coding"
"2936","ENSMUSG00000078881","protein_coding"
"2937","ENSMUSG00000095199","protein_coding"
"2938","ENSMUSG00000078880","protein_coding"
"2939","ENSMUSG00000078879","protein_coding"
"2940","ENSMUSG00000078878","protein_coding"
"2941","ENSMUSG00000078877","protein_coding"
"2942","ENSMUSG00000078876","protein_coding"
"2943","ENSMUSG00000074527","protein_coding"
"2944","ENSMUSG00000078875","protein_coding"
"2945","ENSMUSG00000078872","protein_coding"
"2946","ENSMUSG00000078870","protein_coding"
"2947","ENSMUSG00000078869","protein_coding"
"2948","ENSMUSG00000078868","protein_coding"
"2949","ENSMUSG00000078867","protein_coding"
"2950","ENSMUSG00000078866","protein_coding"
"2951","ENSMUSG00000094786","protein_coding"
"2952","ENSMUSG00000078865","protein_coding"
"2953","ENSMUSG00000078864","protein_coding"
"2954","ENSMUSG00000095362","protein_coding"
"2955","ENSMUSG00000074521","protein_coding"
"2956","ENSMUSG00000074529","protein_coding"
"2957","ENSMUSG00000078862","protein_coding"
"2958","ENSMUSG00000074519","protein_coding"
"2959","ENSMUSG00000078861","protein_coding"
"2960","ENSMUSG00000027525","protein_coding"
"2961","ENSMUSG00000060445","protein_coding"
"2962","ENSMUSG00000049999","protein_coding"
"2963","ENSMUSG00000070476","protein_coding"
"2964","ENSMUSG00000039155","protein_coding"
"2965","ENSMUSG00000000305","protein_coding"
"2966","ENSMUSG00000039117","protein_coding"
"2967","ENSMUSG00000039108","protein_coding"
"2968","ENSMUSG00000027566","protein_coding"
"2969","ENSMUSG00000039086","protein_coding"
"2970","ENSMUSG00000039069","protein_coding"
"2971","ENSMUSG00000039059","protein_coding"
"2972","ENSMUSG00000039050","protein_coding"
"2973","ENSMUSG00000039041","protein_coding"
"2974","ENSMUSG00000015647","protein_coding"
"2975","ENSMUSG00000039001","protein_coding"
"2976","ENSMUSG00000038990","protein_coding"
"2977","ENSMUSG00000038980","protein_coding"
"2978","ENSMUSG00000015627","protein_coding"
"2979","ENSMUSG00000038963","protein_coding"
"2980","ENSMUSG00000027568","protein_coding"
"2981","ENSMUSG00000027569","protein_coding"
"2982","ENSMUSG00000049401","protein_coding"
"2983","ENSMUSG00000027570","protein_coding"
"2984","ENSMUSG00000038932","protein_coding"
"2985","ENSMUSG00000038914","protein_coding"
"2986","ENSMUSG00000027573","protein_coding"
"2987","ENSMUSG00000023393","protein_coding"
"2988","ENSMUSG00000045493","protein_coding"
"2989","ENSMUSG00000038848","protein_coding"
"2990","ENSMUSG00000038840","protein_coding"
"2991","ENSMUSG00000027574","protein_coding"
"2992","ENSMUSG00000027575","protein_coding"
"2993","ENSMUSG00000016356","protein_coding"
"2994","ENSMUSG00000027577","protein_coding"
"2995","ENSMUSG00000016346","protein_coding"
"2996","ENSMUSG00000016349","protein_coding"
"2997","ENSMUSG00000016344","protein_coding"
"2998","ENSMUSG00000038751","protein_coding"
"2999","ENSMUSG00000027579","protein_coding"
"3000","ENSMUSG00000047841","protein_coding"
"3001","ENSMUSG00000027580","protein_coding"
"3002","ENSMUSG00000038705","protein_coding"
"3003","ENSMUSG00000027581","protein_coding"
"3004","ENSMUSG00000038685","protein_coding"
"3005","ENSMUSG00000038671","protein_coding"
"3006","ENSMUSG00000027582","protein_coding"
"3007","ENSMUSG00000090077","protein_coding"
"3008","ENSMUSG00000027583","protein_coding"
"3009","ENSMUSG00000055882","protein_coding"
"3010","ENSMUSG00000000827","protein_coding"
"3011","ENSMUSG00000000826","protein_coding"
"3012","ENSMUSG00000089917","protein_coding"
"3013","ENSMUSG00000000823","protein_coding"
"3014","ENSMUSG00000002455","protein_coding"
"3015","ENSMUSG00000038605","protein_coding"
"3016","ENSMUSG00000108976","protein_coding"
"3017","ENSMUSG00000046470","protein_coding"
"3018","ENSMUSG00000059540","protein_coding"
"3019","ENSMUSG00000002458","protein_coding"
"3020","ENSMUSG00000045794","protein_coding"
"3021","ENSMUSG00000027584","protein_coding"
"3022","ENSMUSG00000010505","protein_coding"
"3023","ENSMUSG00000027589","protein_coding"
"3024","ENSMUSG00000038628","protein_coding"
"3025","ENSMUSG00000098505","protein_coding"
"3026","ENSMUSG00000017688","protein_coding"
"3027","ENSMUSG00000025255","protein_coding"
"3028","ENSMUSG00000040374","protein_coding"
"3029","ENSMUSG00000103034","protein_coding"
"3030","ENSMUSG00000027499","protein_coding"
"3031","ENSMUSG00000043542","protein_coding"
"3032","ENSMUSG00000040329","protein_coding"
"3033","ENSMUSG00000027500","protein_coding"
"3034","ENSMUSG00000040289","protein_coding"
"3035","ENSMUSG00000040269","protein_coding"
"3036","ENSMUSG00000027506","protein_coding"
"3037","ENSMUSG00000069114","protein_coding"
"3038","ENSMUSG00000040209","protein_coding"
"3039","ENSMUSG00000027508","protein_coding"
"3040","ENSMUSG00000027533","protein_coding"
"3041","ENSMUSG00000049230","protein_coding"
"3042","ENSMUSG00000052468","protein_coding"
"3043","ENSMUSG00000103124","protein_coding"
"3044","ENSMUSG00000027528","protein_coding"
"3045","ENSMUSG00000062515","protein_coding"
"3046","ENSMUSG00000027530","protein_coding"
"3047","ENSMUSG00000027531","protein_coding"
"3048","ENSMUSG00000103392","protein_coding"
"3049","ENSMUSG00000058921","protein_coding"
"3050","ENSMUSG00000039795","protein_coding"
"3051","ENSMUSG00000027536","protein_coding"
"3052","ENSMUSG00000027534","protein_coding"
"3053","ENSMUSG00000039717","protein_coding"
"3054","ENSMUSG00000039710","protein_coding"
"3055","ENSMUSG00000027550","protein_coding"
"3056","ENSMUSG00000027552","protein_coding"
"3057","ENSMUSG00000078784","protein_coding"
"3058","ENSMUSG00000027555","protein_coding"
"3059","ENSMUSG00000027556","protein_coding"
"3060","ENSMUSG00000027559","protein_coding"
"3061","ENSMUSG00000027562","protein_coding"
"3062","ENSMUSG00000078783","protein_coding"
"3063","ENSMUSG00000095788","protein_coding"
"3064","ENSMUSG00000095028","protein_coding"
"3065","ENSMUSG00000074677","protein_coding"
"3066","ENSMUSG00000078780","protein_coding"
"3067","ENSMUSG00000047213","protein_coding"
"3068","ENSMUSG00000027564","protein_coding"
"3069","ENSMUSG00000025128","protein_coding"
"3070","ENSMUSG00000039519","protein_coding"
"3071","ENSMUSG00000027599","protein_coding"
"3072","ENSMUSG00000027601","protein_coding"
"3073","ENSMUSG00000069094","protein_coding"
"3074","ENSMUSG00000027606","protein_coding"
"3075","ENSMUSG00000060913","protein_coding"
"3076","ENSMUSG00000049796","protein_coding"
"3077","ENSMUSG00000003617","protein_coding"
"3078","ENSMUSG00000027615","protein_coding"
"3079","ENSMUSG00000002428","protein_coding"
"3080","ENSMUSG00000019528","protein_coding"
"3081","ENSMUSG00000001865","protein_coding"
"3082","ENSMUSG00000011463","protein_coding"
"3083","ENSMUSG00000054988","protein_coding"
"3084","ENSMUSG00000027630","protein_coding"
"3085","ENSMUSG00000102758","protein_coding"
"3086","ENSMUSG00000063887","protein_coding"
"3087","ENSMUSG00000039335","protein_coding"
"3088","ENSMUSG00000027699","protein_coding"
"3089","ENSMUSG00000027698","protein_coding"
"3090","ENSMUSG00000039304","protein_coding"
"3091","ENSMUSG00000051136","protein_coding"
"3092","ENSMUSG00000039286","protein_coding"
"3093","ENSMUSG00000043164","protein_coding"
"3094","ENSMUSG00000027695","protein_coding"
"3095","ENSMUSG00000027692","protein_coding"
"3096","ENSMUSG00000027690","protein_coding"
"3097","ENSMUSG00000050192","protein_coding"
"3098","ENSMUSG00000039221","protein_coding"
"3099","ENSMUSG00000074655","protein_coding"
"3100","ENSMUSG00000063600","protein_coding"
"3101","ENSMUSG00000027684","protein_coding"
"3102","ENSMUSG00000037737","protein_coding"
"3103","ENSMUSG00000037730","protein_coding"
"3104","ENSMUSG00000027702","protein_coding"
"3105","ENSMUSG00000027703","protein_coding"
"3106","ENSMUSG00000074653","protein_coding"
"3107","ENSMUSG00000051860","protein_coding"
"3108","ENSMUSG00000027706","protein_coding"
"3109","ENSMUSG00000037661","protein_coding"
"3110","ENSMUSG00000037652","protein_coding"
"3111","ENSMUSG00000037643","protein_coding"
"3112","ENSMUSG00000027660","protein_coding"
"3113","ENSMUSG00000037625","protein_coding"
"3114","ENSMUSG00000069072","protein_coding"
"3115","ENSMUSG00000037610","protein_coding"
"3116","ENSMUSG00000027663","protein_coding"
"3117","ENSMUSG00000027665","protein_coding"
"3118","ENSMUSG00000091091","protein_coding"
"3119","ENSMUSG00000027667","protein_coding"
"3120","ENSMUSG00000027668","protein_coding"
"3121","ENSMUSG00000027669","protein_coding"
"3122","ENSMUSG00000027671","protein_coding"
"3123","ENSMUSG00000037531","protein_coding"
"3124","ENSMUSG00000027673","protein_coding"
"3125","ENSMUSG00000056900","protein_coding"
"3126","ENSMUSG00000027674","protein_coding"
"3127","ENSMUSG00000027677","protein_coding"
"3128","ENSMUSG00000027676","protein_coding"
"3129","ENSMUSG00000027680","protein_coding"
"3130","ENSMUSG00000027679","protein_coding"
"3131","ENSMUSG00000074637","protein_coding"
"3132","ENSMUSG00000037400","protein_coding"
"3133","ENSMUSG00000027708","protein_coding"
"3134","ENSMUSG00000027709","protein_coding"
"3135","ENSMUSG00000047696","protein_coding"
"3136","ENSMUSG00000027710","protein_coding"
"3137","ENSMUSG00000033883","protein_coding"
"3138","ENSMUSG00000058400","protein_coding"
"3139","ENSMUSG00000027712","protein_coding"
"3140","ENSMUSG00000027713","protein_coding"
"3141","ENSMUSG00000085007","protein_coding"
"3142","ENSMUSG00000027714","protein_coding"
"3143","ENSMUSG00000027715","protein_coding"
"3144","ENSMUSG00000037325","protein_coding"
"3145","ENSMUSG00000027716","protein_coding"
"3146","ENSMUSG00000037270","protein_coding"
"3147","ENSMUSG00000027719","protein_coding"
"3148","ENSMUSG00000027720","protein_coding"
"3149","ENSMUSG00000027718","protein_coding"
"3150","ENSMUSG00000045031","protein_coding"
"3151","ENSMUSG00000051444","protein_coding"
"3152","ENSMUSG00000037225","protein_coding"
"3153","ENSMUSG00000050174","protein_coding"
"3154","ENSMUSG00000027722","protein_coding"
"3155","ENSMUSG00000037211","protein_coding"
"3156","ENSMUSG00000058174","protein_coding"
"3157","ENSMUSG00000044864","protein_coding"
"3158","ENSMUSG00000046743","protein_coding"
"3159","ENSMUSG00000060798","protein_coding"
"3160","ENSMUSG00000069041","protein_coding"
"3161","ENSMUSG00000025757","protein_coding"
"3162","ENSMUSG00000025758","protein_coding"
"3163","ENSMUSG00000025759","protein_coding"
"3164","ENSMUSG00000037818","protein_coding"
"3165","ENSMUSG00000074619","protein_coding"
"3166","ENSMUSG00000025762","protein_coding"
"3167","ENSMUSG00000049940","protein_coding"
"3168","ENSMUSG00000025764","protein_coding"
"3169","ENSMUSG00000059834","protein_coding"
"3170","ENSMUSG00000025766","protein_coding"
"3171","ENSMUSG00000049100","protein_coding"
"3172","ENSMUSG00000090919","protein_coding"
"3173","ENSMUSG00000037892","protein_coding"
"3174","ENSMUSG00000027737","protein_coding"
"3175","ENSMUSG00000023087","protein_coding"
"3176","ENSMUSG00000037174","protein_coding"
"3177","ENSMUSG00000037161","protein_coding"
"3178","ENSMUSG00000037152","protein_coding"
"3179","ENSMUSG00000063273","protein_coding"
"3180","ENSMUSG00000027739","protein_coding"
"3181","ENSMUSG00000037111","protein_coding"
"3182","ENSMUSG00000074604","protein_coding"
"3183","ENSMUSG00000061143","protein_coding"
"3184","ENSMUSG00000044167","protein_coding"
"3185","ENSMUSG00000027742","protein_coding"
"3186","ENSMUSG00000048332","protein_coding"
"3187","ENSMUSG00000042997","protein_coding"
"3188","ENSMUSG00000049504","protein_coding"
"3189","ENSMUSG00000027744","protein_coding"
"3190","ENSMUSG00000037016","protein_coding"
"3191","ENSMUSG00000078742","protein_coding"
"3192","ENSMUSG00000027746","protein_coding"
"3193","ENSMUSG00000027748","protein_coding"
"3194","ENSMUSG00000027750","protein_coding"
"3195","ENSMUSG00000027751","protein_coding"
"3196","ENSMUSG00000027752","protein_coding"
"3197","ENSMUSG00000036632","protein_coding"
"3198","ENSMUSG00000027796","protein_coding"
"3199","ENSMUSG00000036615","protein_coding"
"3200","ENSMUSG00000056306","protein_coding"
"3201","ENSMUSG00000027793","protein_coding"
"3202","ENSMUSG00000036580","protein_coding"
"3203","ENSMUSG00000048655","protein_coding"
"3204","ENSMUSG00000027794","protein_coding"
"3205","ENSMUSG00000027797","protein_coding"
"3206","ENSMUSG00000027799","protein_coding"
"3207","ENSMUSG00000056947","protein_coding"
"3208","ENSMUSG00000027800","protein_coding"
"3209","ENSMUSG00000027801","protein_coding"
"3210","ENSMUSG00000027803","protein_coding"
"3211","ENSMUSG00000036513","protein_coding"
"3212","ENSMUSG00000074591","protein_coding"
"3213","ENSMUSG00000036503","protein_coding"
"3214","ENSMUSG00000027805","protein_coding"
"3215","ENSMUSG00000027806","protein_coding"
"3216","ENSMUSG00000027808","protein_coding"
"3217","ENSMUSG00000027810","protein_coding"
"3218","ENSMUSG00000075700","protein_coding"
"3219","ENSMUSG00000070471","protein_coding"
"3220","ENSMUSG00000036432","protein_coding"
"3221","ENSMUSG00000101860","protein_coding"
"3222","ENSMUSG00000043850","protein_coding"
"3223","ENSMUSG00000056476","protein_coding"
"3224","ENSMUSG00000050075","protein_coding"
"3225","ENSMUSG00000036381","protein_coding"
"3226","ENSMUSG00000051431","protein_coding"
"3227","ENSMUSG00000036362","protein_coding"
"3228","ENSMUSG00000036353","protein_coding"
"3229","ENSMUSG00000036334","protein_coding"
"3230","ENSMUSG00000090527","protein_coding"
"3231","ENSMUSG00000095522","protein_coding"
"3232","ENSMUSG00000036951","protein_coding"
"3233","ENSMUSG00000091376","protein_coding"
"3234","ENSMUSG00000027761","protein_coding"
"3235","ENSMUSG00000027762","protein_coding"
"3236","ENSMUSG00000027763","protein_coding"
"3237","ENSMUSG00000027765","protein_coding"
"3238","ENSMUSG00000036894","protein_coding"
"3239","ENSMUSG00000036885","protein_coding"
"3240","ENSMUSG00000027770","protein_coding"
"3241","ENSMUSG00000043441","protein_coding"
"3242","ENSMUSG00000027820","protein_coding"
"3243","ENSMUSG00000103476","protein_coding"
"3244","ENSMUSG00000036834","protein_coding"
"3245","ENSMUSG00000048581","protein_coding"
"3246","ENSMUSG00000027822","protein_coding"
"3247","ENSMUSG00000027823","protein_coding"
"3248","ENSMUSG00000027824","protein_coding"
"3249","ENSMUSG00000043897","protein_coding"
"3250","ENSMUSG00000091572","protein_coding"
"3251","ENSMUSG00000091967","protein_coding"
"3252","ENSMUSG00000092049","protein_coding"
"3253","ENSMUSG00000068999","protein_coding"
"3254","ENSMUSG00000090581","protein_coding"
"3255","ENSMUSG00000062200","protein_coding"
"3256","ENSMUSG00000027827","protein_coding"
"3257","ENSMUSG00000027828","protein_coding"
"3258","ENSMUSG00000034640","protein_coding"
"3259","ENSMUSG00000074579","protein_coding"
"3260","ENSMUSG00000027829","protein_coding"
"3261","ENSMUSG00000027831","protein_coding"
"3262","ENSMUSG00000027832","protein_coding"
"3263","ENSMUSG00000027833","protein_coding"
"3264","ENSMUSG00000034544","protein_coding"
"3265","ENSMUSG00000048416","protein_coding"
"3266","ENSMUSG00000027774","protein_coding"
"3267","ENSMUSG00000047557","protein_coding"
"3268","ENSMUSG00000049404","protein_coding"
"3269","ENSMUSG00000027775","protein_coding"
"3270","ENSMUSG00000051777","protein_coding"
"3271","ENSMUSG00000102422","protein_coding"
"3272","ENSMUSG00000027777","protein_coding"
"3273","ENSMUSG00000027776","protein_coding"
"3274","ENSMUSG00000046999","protein_coding"
"3275","ENSMUSG00000027778","protein_coding"
"3276","ENSMUSG00000034349","protein_coding"
"3277","ENSMUSG00000034317","protein_coding"
"3278","ENSMUSG00000027782","protein_coding"
"3279","ENSMUSG00000098207","protein_coding"
"3280","ENSMUSG00000027784","protein_coding"
"3281","ENSMUSG00000043300","protein_coding"
"3282","ENSMUSG00000027787","protein_coding"
"3283","ENSMUSG00000043461","protein_coding"
"3284","ENSMUSG00000027788","protein_coding"
"3285","ENSMUSG00000027790","protein_coding"
"3286","ENSMUSG00000048304","protein_coding"
"3287","ENSMUSG00000027792","protein_coding"
"3288","ENSMUSG00000034151","protein_coding"
"3289","ENSMUSG00000034139","protein_coding"
"3290","ENSMUSG00000104301","protein_coding"
"3291","ENSMUSG00000027835","protein_coding"
"3292","ENSMUSG00000027834","protein_coding"
"3293","ENSMUSG00000100962","protein_coding"
"3294","ENSMUSG00000034109","protein_coding"
"3295","ENSMUSG00000034098","protein_coding"
"3296","ENSMUSG00000062232","protein_coding"
"3297","ENSMUSG00000091685","protein_coding"
"3298","ENSMUSG00000061175","protein_coding"
"3299","ENSMUSG00000027804","protein_coding"
"3300","ENSMUSG00000027809","protein_coding"
"3301","ENSMUSG00000027811","protein_coding"
"3302","ENSMUSG00000034009","protein_coding"
"3303","ENSMUSG00000027956","protein_coding"
"3304","ENSMUSG00000027955","protein_coding"
"3305","ENSMUSG00000033981","protein_coding"
"3306","ENSMUSG00000028020","protein_coding"
"3307","ENSMUSG00000028019","protein_coding"
"3308","ENSMUSG00000028015","protein_coding"
"3309","ENSMUSG00000028011","protein_coding"
"3310","ENSMUSG00000028008","protein_coding"
"3311","ENSMUSG00000028005","protein_coding"
"3312","ENSMUSG00000033910","protein_coding"
"3313","ENSMUSG00000033900","protein_coding"
"3314","ENSMUSG00000028004","protein_coding"
"3315","ENSMUSG00000033882","protein_coding"
"3316","ENSMUSG00000028003","protein_coding"
"3317","ENSMUSG00000033860","protein_coding"
"3318","ENSMUSG00000028001","protein_coding"
"3319","ENSMUSG00000033831","protein_coding"
"3320","ENSMUSG00000027998","protein_coding"
"3321","ENSMUSG00000102692","protein_coding"
"3322","ENSMUSG00000027996","protein_coding"
"3323","ENSMUSG00000027995","protein_coding"
"3324","ENSMUSG00000033767","protein_coding"
"3325","ENSMUSG00000033752","protein_coding"
"3326","ENSMUSG00000027993","protein_coding"
"3327","ENSMUSG00000104043","protein_coding"
"3328","ENSMUSG00000041842","protein_coding"
"3329","ENSMUSG00000074513","protein_coding"
"3330","ENSMUSG00000102805","protein_coding"
"3331","ENSMUSG00000047819","protein_coding"
"3332","ENSMUSG00000056498","protein_coding"
"3333","ENSMUSG00000028086","protein_coding"
"3334","ENSMUSG00000028085","protein_coding"
"3335","ENSMUSG00000051000","protein_coding"
"3336","ENSMUSG00000031286","protein_coding"
"3337","ENSMUSG00000028082","protein_coding"
"3338","ENSMUSG00000049013","protein_coding"
"3339","ENSMUSG00000028081","protein_coding"
"3340","ENSMUSG00000028080","protein_coding"
"3341","ENSMUSG00000057777","protein_coding"
"3342","ENSMUSG00000028078","protein_coding"
"3343","ENSMUSG00000041750","protein_coding"
"3344","ENSMUSG00000028076","protein_coding"
"3345","ENSMUSG00000041734","protein_coding"
"3346","ENSMUSG00000015852","protein_coding"
"3347","ENSMUSG00000015854","protein_coding"
"3348","ENSMUSG00000059994","protein_coding"
"3349","ENSMUSG00000048031","protein_coding"
"3350","ENSMUSG00000003382","protein_coding"
"3351","ENSMUSG00000118505","protein_coding"
"3352","ENSMUSG00000041977","protein_coding"
"3353","ENSMUSG00000023084","protein_coding"
"3354","ENSMUSG00000028073","protein_coding"
"3355","ENSMUSG00000028072","protein_coding"
"3356","ENSMUSG00000005640","protein_coding"
"3357","ENSMUSG00000028071","protein_coding"
"3358","ENSMUSG00000004895","protein_coding"
"3359","ENSMUSG00000004897","protein_coding"
"3360","ENSMUSG00000019710","protein_coding"
"3361","ENSMUSG00000004896","protein_coding"
"3362","ENSMUSG00000048039","protein_coding"
"3363","ENSMUSG00000004885","protein_coding"
"3364","ENSMUSG00000004891","protein_coding"
"3365","ENSMUSG00000004892","protein_coding"
"3366","ENSMUSG00000004894","protein_coding"
"3367","ENSMUSG00000028069","protein_coding"
"3368","ENSMUSG00000028070","protein_coding"
"3369","ENSMUSG00000028068","protein_coding"
"3370","ENSMUSG00000001419","protein_coding"
"3371","ENSMUSG00000104445","protein_coding"
"3372","ENSMUSG00000103766","protein_coding"
"3373","ENSMUSG00000010538","protein_coding"
"3374","ENSMUSG00000001416","protein_coding"
"3375","ENSMUSG00000001418","protein_coding"
"3376","ENSMUSG00000001420","protein_coding"
"3377","ENSMUSG00000001415","protein_coding"
"3378","ENSMUSG00000041423","protein_coding"
"3379","ENSMUSG00000074489","protein_coding"
"3380","ENSMUSG00000074486","protein_coding"
"3381","ENSMUSG00000074483","protein_coding"
"3382","ENSMUSG00000028066","protein_coding"
"3383","ENSMUSG00000050144","protein_coding"
"3384","ENSMUSG00000028064","protein_coding"
"3385","ENSMUSG00000028063","protein_coding"
"3386","ENSMUSG00000074480","protein_coding"
"3387","ENSMUSG00000008601","protein_coding"
"3388","ENSMUSG00000028062","protein_coding"
"3389","ENSMUSG00000008604","protein_coding"
"3390","ENSMUSG00000041355","protein_coding"
"3391","ENSMUSG00000028059","protein_coding"
"3392","ENSMUSG00000049741","protein_coding"
"3393","ENSMUSG00000028060","protein_coding"
"3394","ENSMUSG00000028057","protein_coding"
"3395","ENSMUSG00000068923","protein_coding"
"3396","ENSMUSG00000054199","protein_coding"
"3397","ENSMUSG00000068922","protein_coding"
"3398","ENSMUSG00000068921","protein_coding"
"3399","ENSMUSG00000028053","protein_coding"
"3400","ENSMUSG00000041263","protein_coding"
"3401","ENSMUSG00000059743","protein_coding"
"3402","ENSMUSG00000041237","protein_coding"
"3403","ENSMUSG00000028051","protein_coding"
"3404","ENSMUSG00000068917","protein_coding"
"3405","ENSMUSG00000028049","protein_coding"
"3406","ENSMUSG00000032657","protein_coding"
"3407","ENSMUSG00000028048","protein_coding"
"3408","ENSMUSG00000064068","protein_coding"
"3409","ENSMUSG00000028047","protein_coding"
"3410","ENSMUSG00000042784","protein_coding"
"3411","ENSMUSG00000042766","protein_coding"
"3412","ENSMUSG00000042747","protein_coding"
"3413","ENSMUSG00000042737","protein_coding"
"3414","ENSMUSG00000027953","protein_coding"
"3415","ENSMUSG00000027954","protein_coding"
"3416","ENSMUSG00000028039","protein_coding"
"3417","ENSMUSG00000028040","protein_coding"
"3418","ENSMUSG00000028041","protein_coding"
"3419","ENSMUSG00000042672","protein_coding"
"3420","ENSMUSG00000109293","protein_coding"
"3421","ENSMUSG00000028042","protein_coding"
"3422","ENSMUSG00000078173","protein_coding"
"3423","ENSMUSG00000042642","protein_coding"
"3424","ENSMUSG00000028044","protein_coding"
"3425","ENSMUSG00000042626","protein_coding"
"3426","ENSMUSG00000047824","protein_coding"
"3427","ENSMUSG00000042613","protein_coding"
"3428","ENSMUSG00000027952","protein_coding"
"3429","ENSMUSG00000000794","protein_coding"
"3430","ENSMUSG00000027951","protein_coding"
"3431","ENSMUSG00000027950","protein_coding"
"3432","ENSMUSG00000042572","protein_coding"
"3433","ENSMUSG00000046280","protein_coding"
"3434","ENSMUSG00000027947","protein_coding"
"3435","ENSMUSG00000060671","protein_coding"
"3436","ENSMUSG00000027944","protein_coding"
"3437","ENSMUSG00000042520","protein_coding"
"3438","ENSMUSG00000027942","protein_coding"
"3439","ENSMUSG00000118504","protein_coding"
"3440","ENSMUSG00000118506","protein_coding"
"3441","ENSMUSG00000027940","protein_coding"
"3442","ENSMUSG00000027939","protein_coding"
"3443","ENSMUSG00000090733","protein_coding"
"3444","ENSMUSG00000027935","protein_coding"
"3445","ENSMUSG00000027937","protein_coding"
"3446","ENSMUSG00000027938","protein_coding"
"3447","ENSMUSG00000052310","protein_coding"
"3448","ENSMUSG00000027936","protein_coding"
"3449","ENSMUSG00000042404","protein_coding"
"3450","ENSMUSG00000042390","protein_coding"
"3451","ENSMUSG00000027932","protein_coding"
"3452","ENSMUSG00000027933","protein_coding"
"3453","ENSMUSG00000027931","protein_coding"
"3454","ENSMUSG00000001016","protein_coding"
"3455","ENSMUSG00000001018","protein_coding"
"3456","ENSMUSG00000001017","protein_coding"
"3457","ENSMUSG00000044080","protein_coding"
"3458","ENSMUSG00000042312","protein_coding"
"3459","ENSMUSG00000042306","protein_coding"
"3460","ENSMUSG00000074457","protein_coding"
"3461","ENSMUSG00000094018","protein_coding"
"3462","ENSMUSG00000001021","protein_coding"
"3463","ENSMUSG00000105518","protein_coding"
"3464","ENSMUSG00000001020","protein_coding"
"3465","ENSMUSG00000001023","protein_coding"
"3466","ENSMUSG00000001025","protein_coding"
"3467","ENSMUSG00000063767","protein_coding"
"3468","ENSMUSG00000056054","protein_coding"
"3469","ENSMUSG00000056071","protein_coding"
"3470","ENSMUSG00000042250","protein_coding"
"3471","ENSMUSG00000096621","protein_coding"
"3472","ENSMUSG00000091175","protein_coding"
"3473","ENSMUSG00000042244","protein_coding"
"3474","ENSMUSG00000043165","protein_coding"
"3475","ENSMUSG00000056270","protein_coding"
"3476","ENSMUSG00000027927","protein_coding"
"3477","ENSMUSG00000078664","protein_coding"
"3478","ENSMUSG00000068893","protein_coding"
"3479","ENSMUSG00000074445","protein_coding"
"3480","ENSMUSG00000050092","protein_coding"
"3481","ENSMUSG00000042212","protein_coding"
"3482","ENSMUSG00000055030","protein_coding"
"3483","ENSMUSG00000050635","protein_coding"
"3484","ENSMUSG00000046203","protein_coding"
"3485","ENSMUSG00000046259","protein_coding"
"3486","ENSMUSG00000042157","protein_coding"
"3487","ENSMUSG00000027925","protein_coding"
"3488","ENSMUSG00000042165","protein_coding"
"3489","ENSMUSG00000054215","protein_coding"
"3490","ENSMUSG00000048455","protein_coding"
"3491","ENSMUSG00000045539","protein_coding"
"3492","ENSMUSG00000050359","protein_coding"
"3493","ENSMUSG00000045566","protein_coding"
"3494","ENSMUSG00000102308","protein_coding"
"3495","ENSMUSG00000049128","protein_coding"
"3496","ENSMUSG00000074435","protein_coding"
"3497","ENSMUSG00000103523","protein_coding"
"3498","ENSMUSG00000086848","protein_coding"
"3499","ENSMUSG00000057609","protein_coding"
"3500","ENSMUSG00000027923","protein_coding"
"3501","ENSMUSG00000068890","protein_coding"
"3502","ENSMUSG00000042092","protein_coding"
"3503","ENSMUSG00000103243","protein_coding"
"3504","ENSMUSG00000068889","protein_coding"
"3505","ENSMUSG00000042124","protein_coding"
"3506","ENSMUSG00000103084","protein_coding"
"3507","ENSMUSG00000027919","protein_coding"
"3508","ENSMUSG00000049593","protein_coding"
"3509","ENSMUSG00000068888","protein_coding"
"3510","ENSMUSG00000068887","protein_coding"
"3511","ENSMUSG00000095870","protein_coding"
"3512","ENSMUSG00000059832","protein_coding"
"3513","ENSMUSG00000046676","protein_coding"
"3514","ENSMUSG00000090314","protein_coding"
"3515","ENSMUSG00000054325","protein_coding"
"3516","ENSMUSG00000042031","protein_coding"
"3517","ENSMUSG00000045475","protein_coding"
"3518","ENSMUSG00000043472","protein_coding"
"3519","ENSMUSG00000074433","protein_coding"
"3520","ENSMUSG00000068885","protein_coding"
"3521","ENSMUSG00000027913","protein_coding"
"3522","ENSMUSG00000027912","protein_coding"
"3523","ENSMUSG00000096879","protein_coding"
"3524","ENSMUSG00000078657","protein_coding"
"3525","ENSMUSG00000049133","protein_coding"
"3526","ENSMUSG00000102439","protein_coding"
"3527","ENSMUSG00000041991","protein_coding"
"3528","ENSMUSG00000041984","protein_coding"
"3529","ENSMUSG00000052415","protein_coding"
"3530","ENSMUSG00000027908","protein_coding"
"3531","ENSMUSG00000027907","protein_coding"
"3532","ENSMUSG00000041959","protein_coding"
"3533","ENSMUSG00000103362","protein_coding"
"3534","ENSMUSG00000094084","protein_coding"
"3535","ENSMUSG00000068879","protein_coding"
"3536","ENSMUSG00000060256","protein_coding"
"3537","ENSMUSG00000058005","protein_coding"
"3538","ENSMUSG00000095822","protein_coding"
"3539","ENSMUSG00000094163","protein_coding"
"3540","ENSMUSG00000094328","protein_coding"
"3541","ENSMUSG00000095251","protein_coding"
"3542","ENSMUSG00000074424","protein_coding"
"3543","ENSMUSG00000090268","protein_coding"
"3544","ENSMUSG00000028145","protein_coding"
"3545","ENSMUSG00000028148","protein_coding"
"3546","ENSMUSG00000091648","protein_coding"
"3547","ENSMUSG00000028150","protein_coding"
"3548","ENSMUSG00000044505","protein_coding"
"3549","ENSMUSG00000041912","protein_coding"
"3550","ENSMUSG00000028141","protein_coding"
"3551","ENSMUSG00000028140","protein_coding"
"3552","ENSMUSG00000028139","protein_coding"
"3553","ENSMUSG00000028137","protein_coding"
"3554","ENSMUSG00000028136","protein_coding"
"3555","ENSMUSG00000005968","protein_coding"
"3556","ENSMUSG00000068877","protein_coding"
"3557","ENSMUSG00000068876","protein_coding"
"3558","ENSMUSG00000038902","protein_coding"
"3559","ENSMUSG00000005779","protein_coding"
"3560","ENSMUSG00000068874","protein_coding"
"3561","ENSMUSG00000005774","protein_coding"
"3562","ENSMUSG00000038861","protein_coding"
"3563","ENSMUSG00000019338","protein_coding"
"3564","ENSMUSG00000005625","protein_coding"
"3565","ENSMUSG00000028126","protein_coding"
"3566","ENSMUSG00000008958","protein_coding"
"3567","ENSMUSG00000005628","protein_coding"
"3568","ENSMUSG00000092607","protein_coding"
"3569","ENSMUSG00000053769","protein_coding"
"3570","ENSMUSG00000013707","protein_coding"
"3571","ENSMUSG00000038777","protein_coding"
"3572","ENSMUSG00000038766","protein_coding"
"3573","ENSMUSG00000053192","protein_coding"
"3574","ENSMUSG00000046722","protein_coding"
"3575","ENSMUSG00000068860","protein_coding"
"3576","ENSMUSG00000028115","protein_coding"
"3577","ENSMUSG00000015711","protein_coding"
"3578","ENSMUSG00000038712","protein_coding"
"3579","ENSMUSG00000015702","protein_coding"
"3580","ENSMUSG00000015714","protein_coding"
"3581","ENSMUSG00000015697","protein_coding"
"3582","ENSMUSG00000105734","protein_coding"
"3583","ENSMUSG00000015522","protein_coding"
"3584","ENSMUSG00000028111","protein_coding"
"3585","ENSMUSG00000038642","protein_coding"
"3586","ENSMUSG00000028109","protein_coding"
"3587","ENSMUSG00000046519","protein_coding"
"3588","ENSMUSG00000038619","protein_coding"
"3589","ENSMUSG00000038612","protein_coding"
"3590","ENSMUSG00000015850","protein_coding"
"3591","ENSMUSG00000028108","protein_coding"
"3592","ENSMUSG00000028107","protein_coding"
"3593","ENSMUSG00000028106","protein_coding"
"3594","ENSMUSG00000015748","protein_coding"
"3595","ENSMUSG00000054312","protein_coding"
"3596","ENSMUSG00000038550","protein_coding"
"3597","ENSMUSG00000038543","protein_coding"
"3598","ENSMUSG00000015750","protein_coding"
"3599","ENSMUSG00000038526","protein_coding"
"3600","ENSMUSG00000015749","protein_coding"
"3601","ENSMUSG00000015745","protein_coding"
"3602","ENSMUSG00000015747","protein_coding"
"3603","ENSMUSG00000038495","protein_coding"
"3604","ENSMUSG00000045934","protein_coding"
"3605","ENSMUSG00000068856","protein_coding"
"3606","ENSMUSG00000038486","protein_coding"
"3607","ENSMUSG00000015943","protein_coding"
"3608","ENSMUSG00000063689","protein_coding"
"3609","ENSMUSG00000068855","protein_coding"
"3610","ENSMUSG00000068854","protein_coding"
"3611","ENSMUSG00000081058","protein_coding"
"3612","ENSMUSG00000063954","protein_coding"
"3613","ENSMUSG00000064220","protein_coding"
"3614","ENSMUSG00000093769","protein_coding"
"3615","ENSMUSG00000091405","protein_coding"
"3616","ENSMUSG00000074403","protein_coding"
"3617","ENSMUSG00000105827","protein_coding"
"3618","ENSMUSG00000015947","protein_coding"
"3619","ENSMUSG00000038403","protein_coding"
"3620","ENSMUSG00000038393","protein_coding"
"3621","ENSMUSG00000087610","protein_coding"
"3622","ENSMUSG00000028104","protein_coding"
"3623","ENSMUSG00000049097","protein_coding"
"3624","ENSMUSG00000049288","protein_coding"
"3625","ENSMUSG00000038374","protein_coding"
"3626","ENSMUSG00000028102","protein_coding"
"3627","ENSMUSG00000106447","protein_coding"
"3628","ENSMUSG00000090210","protein_coding"
"3629","ENSMUSG00000038354","protein_coding"
"3630","ENSMUSG00000028101","protein_coding"
"3631","ENSMUSG00000028100","protein_coding"
"3632","ENSMUSG00000028099","protein_coding"
"3633","ENSMUSG00000028098","protein_coding"
"3634","ENSMUSG00000038304","protein_coding"
"3635","ENSMUSG00000038298","protein_coding"
"3636","ENSMUSG00000028096","protein_coding"
"3637","ENSMUSG00000057123","protein_coding"
"3638","ENSMUSG00000049908","protein_coding"
"3639","ENSMUSG00000028093","protein_coding"
"3640","ENSMUSG00000038256","protein_coding"
"3641","ENSMUSG00000051392","protein_coding"
"3642","ENSMUSG00000028089","protein_coding"
"3643","ENSMUSG00000028088","protein_coding"
"3644","ENSMUSG00000038205","protein_coding"
"3645","ENSMUSG00000038170","protein_coding"
"3646","ENSMUSG00000027879","protein_coding"
"3647","ENSMUSG00000027878","protein_coding"
"3648","ENSMUSG00000043468","protein_coding"
"3649","ENSMUSG00000027876","protein_coding"
"3650","ENSMUSG00000027875","protein_coding"
"3651","ENSMUSG00000053398","protein_coding"
"3652","ENSMUSG00000050064","protein_coding"
"3653","ENSMUSG00000090817","protein_coding"
"3654","ENSMUSG00000095143","protein_coding"
"3655","ENSMUSG00000095388","protein_coding"
"3656","ENSMUSG00000038092","protein_coding"
"3657","ENSMUSG00000063730","protein_coding"
"3658","ENSMUSG00000062410","protein_coding"
"3659","ENSMUSG00000027869","protein_coding"
"3660","ENSMUSG00000027871","protein_coding"
"3661","ENSMUSG00000027870","protein_coding"
"3662","ENSMUSG00000004233","protein_coding"
"3663","ENSMUSG00000027868","protein_coding"
"3664","ENSMUSG00000027867","protein_coding"
"3665","ENSMUSG00000033285","protein_coding"
"3666","ENSMUSG00000027865","protein_coding"
"3667","ENSMUSG00000044468","protein_coding"
"3668","ENSMUSG00000008763","protein_coding"
"3669","ENSMUSG00000051076","protein_coding"
"3670","ENSMUSG00000033233","protein_coding"
"3671","ENSMUSG00000033222","protein_coding"
"3672","ENSMUSG00000086564","protein_coding"
"3673","ENSMUSG00000027864","protein_coding"
"3674","ENSMUSG00000027863","protein_coding"
"3675","ENSMUSG00000042035","protein_coding"
"3676","ENSMUSG00000033161","protein_coding"
"3677","ENSMUSG00000044313","protein_coding"
"3678","ENSMUSG00000033147","protein_coding"
"3679","ENSMUSG00000048540","protein_coding"
"3680","ENSMUSG00000027861","protein_coding"
"3681","ENSMUSG00000027860","protein_coding"
"3682","ENSMUSG00000027859","protein_coding"
"3683","ENSMUSG00000027858","protein_coding"
"3684","ENSMUSG00000027857","protein_coding"
"3685","ENSMUSG00000027855","protein_coding"
"3686","ENSMUSG00000048938","protein_coding"
"3687","ENSMUSG00000027854","protein_coding"
"3688","ENSMUSG00000068823","protein_coding"
"3689","ENSMUSG00000027852","protein_coding"
"3690","ENSMUSG00000070385","protein_coding"
"3691","ENSMUSG00000007379","protein_coding"
"3692","ENSMUSG00000005687","protein_coding"
"3693","ENSMUSG00000033014","protein_coding"
"3694","ENSMUSG00000027849","protein_coding"
"3695","ENSMUSG00000087119","protein_coding"
"3696","ENSMUSG00000027848","protein_coding"
"3697","ENSMUSG00000008730","protein_coding"
"3698","ENSMUSG00000027845","protein_coding"
"3699","ENSMUSG00000032952","protein_coding"
"3700","ENSMUSG00000105053","protein_coding"
"3701","ENSMUSG00000044165","protein_coding"
"3702","ENSMUSG00000027843","protein_coding"
"3703","ENSMUSG00000044098","protein_coding"
"3704","ENSMUSG00000058388","protein_coding"
"3705","ENSMUSG00000052539","protein_coding"
"3706","ENSMUSG00000032913","protein_coding"
"3707","ENSMUSG00000032902","protein_coding"
"3708","ENSMUSG00000055865","protein_coding"
"3709","ENSMUSG00000002228","protein_coding"
"3710","ENSMUSG00000002233","protein_coding"
"3711","ENSMUSG00000002227","protein_coding"
"3712","ENSMUSG00000070372","protein_coding"
"3713","ENSMUSG00000045576","protein_coding"
"3714","ENSMUSG00000027840","protein_coding"
"3715","ENSMUSG00000062127","protein_coding"
"3716","ENSMUSG00000040896","protein_coding"
"3717","ENSMUSG00000027905","protein_coding"
"3718","ENSMUSG00000048458","protein_coding"
"3719","ENSMUSG00000068798","protein_coding"
"3720","ENSMUSG00000000562","protein_coding"
"3721","ENSMUSG00000074344","protein_coding"
"3722","ENSMUSG00000118531","protein_coding"
"3723","ENSMUSG00000074342","protein_coding"
"3724","ENSMUSG00000000563","protein_coding"
"3725","ENSMUSG00000000561","protein_coding"
"3726","ENSMUSG00000074340","protein_coding"
"3727","ENSMUSG00000010136","protein_coding"
"3728","ENSMUSG00000043873","protein_coding"
"3729","ENSMUSG00000062778","protein_coding"
"3730","ENSMUSG00000040809","protein_coding"
"3731","ENSMUSG00000063779","protein_coding"
"3732","ENSMUSG00000027902","protein_coding"
"3733","ENSMUSG00000027901","protein_coding"
"3734","ENSMUSG00000040774","protein_coding"
"3735","ENSMUSG00000027900","protein_coding"
"3736","ENSMUSG00000056260","protein_coding"
"3737","ENSMUSG00000040747","protein_coding"
"3738","ENSMUSG00000043529","protein_coding"
"3739","ENSMUSG00000047959","protein_coding"
"3740","ENSMUSG00000040724","protein_coding"
"3741","ENSMUSG00000042861","protein_coding"
"3742","ENSMUSG00000046213","protein_coding"
"3743","ENSMUSG00000070368","protein_coding"
"3744","ENSMUSG00000087260","protein_coding"
"3745","ENSMUSG00000027896","protein_coding"
"3746","ENSMUSG00000048109","protein_coding"
"3747","ENSMUSG00000027895","protein_coding"
"3748","ENSMUSG00000027894","protein_coding"
"3749","ENSMUSG00000055891","protein_coding"
"3750","ENSMUSG00000014603","protein_coding"
"3751","ENSMUSG00000014601","protein_coding"
"3752","ENSMUSG00000027893","protein_coding"
"3753","ENSMUSG00000014599","protein_coding"
"3754","ENSMUSG00000040600","protein_coding"
"3755","ENSMUSG00000004032","protein_coding"
"3756","ENSMUSG00000004035","protein_coding"
"3757","ENSMUSG00000068762","protein_coding"
"3758","ENSMUSG00000004038","protein_coding"
"3759","ENSMUSG00000040562","protein_coding"
"3760","ENSMUSG00000058135","protein_coding"
"3761","ENSMUSG00000027890","protein_coding"
"3762","ENSMUSG00000027889","protein_coding"
"3763","ENSMUSG00000009108","protein_coding"
"3764","ENSMUSG00000000001","protein_coding"
"3765","ENSMUSG00000046793","protein_coding"
"3766","ENSMUSG00000050947","protein_coding"
"3767","ENSMUSG00000048796","protein_coding"
"3768","ENSMUSG00000048997","protein_coding"
"3769","ENSMUSG00000027887","protein_coding"
"3770","ENSMUSG00000068749","protein_coding"
"3771","ENSMUSG00000068747","protein_coding"
"3772","ENSMUSG00000068745","protein_coding"
"3773","ENSMUSG00000068744","protein_coding"
"3774","ENSMUSG00000068740","protein_coding"
"3775","ENSMUSG00000068739","protein_coding"
"3776","ENSMUSG00000040412","protein_coding"
"3777","ENSMUSG00000027886","protein_coding"
"3778","ENSMUSG00000068732","protein_coding"
"3779","ENSMUSG00000048100","protein_coding"
"3780","ENSMUSG00000040389","protein_coding"
"3781","ENSMUSG00000027884","protein_coding"
"3782","ENSMUSG00000027883","protein_coding"
"3783","ENSMUSG00000049565","protein_coding"
"3784","ENSMUSG00000027882","protein_coding"
"3785","ENSMUSG00000045326","protein_coding"
"3786","ENSMUSG00000027881","protein_coding"
"3787","ENSMUSG00000045662","protein_coding"
"3788","ENSMUSG00000040339","protein_coding"
"3789","ENSMUSG00000027880","protein_coding"
"3790","ENSMUSG00000040322","protein_coding"
"3791","ENSMUSG00000033721","protein_coding"
"3792","ENSMUSG00000059857","protein_coding"
"3793","ENSMUSG00000049300","protein_coding"
"3794","ENSMUSG00000074268","protein_coding"
"3795","ENSMUSG00000096770","protein_coding"
"3796","ENSMUSG00000093931","protein_coding"
"3797","ENSMUSG00000096569","protein_coding"
"3798","ENSMUSG00000070360","protein_coding"
"3799","ENSMUSG00000074264","protein_coding"
"3800","ENSMUSG00000027981","protein_coding"
"3801","ENSMUSG00000027966","protein_coding"
"3802","ENSMUSG00000027965","protein_coding"
"3803","ENSMUSG00000045092","protein_coding"
"3804","ENSMUSG00000033554","protein_coding"
"3805","ENSMUSG00000054414","protein_coding"
"3806","ENSMUSG00000027963","protein_coding"
"3807","ENSMUSG00000027962","protein_coding"
"3808","ENSMUSG00000068696","protein_coding"
"3809","ENSMUSG00000033502","protein_coding"
"3810","ENSMUSG00000000339","protein_coding"
"3811","ENSMUSG00000000340","protein_coding"
"3812","ENSMUSG00000027961","protein_coding"
"3813","ENSMUSG00000033439","protein_coding"
"3814","ENSMUSG00000027959","protein_coding"
"3815","ENSMUSG00000089911","protein_coding"
"3816","ENSMUSG00000105103","protein_coding"
"3817","ENSMUSG00000027957","protein_coding"
"3818","ENSMUSG00000033400","protein_coding"
"3819","ENSMUSG00000033386","protein_coding"
"3820","ENSMUSG00000033377","protein_coding"
"3821","ENSMUSG00000080907","protein_coding"
"3822","ENSMUSG00000044667","protein_coding"
"3823","ENSMUSG00000033342","protein_coding"
"3824","ENSMUSG00000028007","protein_coding"
"3825","ENSMUSG00000033308","protein_coding"
"3826","ENSMUSG00000028134","protein_coding"
"3827","ENSMUSG00000028133","protein_coding"
"3828","ENSMUSG00000028132","protein_coding"
"3829","ENSMUSG00000039887","protein_coding"
"3830","ENSMUSG00000053931","protein_coding"
"3831","ENSMUSG00000039865","protein_coding"
"3832","ENSMUSG00000028128","protein_coding"
"3833","ENSMUSG00000028127","protein_coding"
"3834","ENSMUSG00000039831","protein_coding"
"3835","ENSMUSG00000028125","protein_coding"
"3836","ENSMUSG00000028124","protein_coding"
"3837","ENSMUSG00000039756","protein_coding"
"3838","ENSMUSG00000028121","protein_coding"
"3839","ENSMUSG00000039735","protein_coding"
"3840","ENSMUSG00000053965","protein_coding"
"3841","ENSMUSG00000023057","protein_coding"
"3842","ENSMUSG00000054091","protein_coding"
"3843","ENSMUSG00000039701","protein_coding"
"3844","ENSMUSG00000028116","protein_coding"
"3845","ENSMUSG00000050315","protein_coding"
"3846","ENSMUSG00000039234","protein_coding"
"3847","ENSMUSG00000028114","protein_coding"
"3848","ENSMUSG00000027978","protein_coding"
"3849","ENSMUSG00000027977","protein_coding"
"3850","ENSMUSG00000044528","protein_coding"
"3851","ENSMUSG00000027973","protein_coding"
"3852","ENSMUSG00000039174","protein_coding"
"3853","ENSMUSG00000027971","protein_coding"
"3854","ENSMUSG00000032854","protein_coding"
"3855","ENSMUSG00000046561","protein_coding"
"3856","ENSMUSG00000053819","protein_coding"
"3857","ENSMUSG00000032826","protein_coding"
"3858","ENSMUSG00000027968","protein_coding"
"3859","ENSMUSG00000051278","protein_coding"
"3860","ENSMUSG00000027967","protein_coding"
"3861","ENSMUSG00000028028","protein_coding"
"3862","ENSMUSG00000046688","protein_coding"
"3863","ENSMUSG00000074238","protein_coding"
"3864","ENSMUSG00000050549","protein_coding"
"3865","ENSMUSG00000028023","protein_coding"
"3866","ENSMUSG00000028024","protein_coding"
"3867","ENSMUSG00000041220","protein_coding"
"3868","ENSMUSG00000028017","protein_coding"
"3869","ENSMUSG00000093865","protein_coding"
"3870","ENSMUSG00000028012","protein_coding"
"3871","ENSMUSG00000028010","protein_coding"
"3872","ENSMUSG00000058952","protein_coding"
"3873","ENSMUSG00000027999","protein_coding"
"3874","ENSMUSG00000027997","protein_coding"
"3875","ENSMUSG00000027994","protein_coding"
"3876","ENSMUSG00000001052","protein_coding"
"3877","ENSMUSG00000058897","protein_coding"
"3878","ENSMUSG00000019232","protein_coding"
"3879","ENSMUSG00000041084","protein_coding"
"3880","ENSMUSG00000062006","protein_coding"
"3881","ENSMUSG00000027985","protein_coding"
"3882","ENSMUSG00000027984","protein_coding"
"3883","ENSMUSG00000027983","protein_coding"
"3884","ENSMUSG00000050931","protein_coding"
"3885","ENSMUSG00000028032","protein_coding"
"3886","ENSMUSG00000028031","protein_coding"
"3887","ENSMUSG00000091721","protein_coding"
"3888","ENSMUSG00000028029","protein_coding"
"3889","ENSMUSG00000028030","protein_coding"
"3890","ENSMUSG00000040998","protein_coding"
"3891","ENSMUSG00000028018","protein_coding"
"3892","ENSMUSG00000028016","protein_coding"
"3893","ENSMUSG00000040969","protein_coding"
"3894","ENSMUSG00000028013","protein_coding"
"3895","ENSMUSG00000040943","protein_coding"
"3896","ENSMUSG00000044365","protein_coding"
"3897","ENSMUSG00000028172","protein_coding"
"3898","ENSMUSG00000045328","protein_coding"
"3899","ENSMUSG00000028167","protein_coding"
"3900","ENSMUSG00000037994","protein_coding"
"3901","ENSMUSG00000050150","protein_coding"
"3902","ENSMUSG00000028165","protein_coding"
"3903","ENSMUSG00000078578","protein_coding"
"3904","ENSMUSG00000028164","protein_coding"
"3905","ENSMUSG00000028163","protein_coding"
"3906","ENSMUSG00000053897","protein_coding"
"3907","ENSMUSG00000037922","protein_coding"
"3908","ENSMUSG00000028161","protein_coding"
"3909","ENSMUSG00000054690","protein_coding"
"3910","ENSMUSG00000046818","protein_coding"
"3911","ENSMUSG00000037894","protein_coding"
"3912","ENSMUSG00000074212","protein_coding"
"3913","ENSMUSG00000091512","protein_coding"
"3914","ENSMUSG00000028159","protein_coding"
"3915","ENSMUSG00000090066","protein_coding"
"3916","ENSMUSG00000028158","protein_coding"
"3917","ENSMUSG00000004127","protein_coding"
"3918","ENSMUSG00000012042","protein_coding"
"3919","ENSMUSG00000055301","protein_coding"
"3920","ENSMUSG00000074207","protein_coding"
"3921","ENSMUSG00000053054","protein_coding"
"3922","ENSMUSG00000074206","protein_coding"
"3923","ENSMUSG00000037797","protein_coding"
"3924","ENSMUSG00000028138","protein_coding"
"3925","ENSMUSG00000005813","protein_coding"
"3926","ENSMUSG00000028156","protein_coding"
"3927","ENSMUSG00000028152","protein_coding"
"3928","ENSMUSG00000028149","protein_coding"
"3929","ENSMUSG00000047940","protein_coding"
"3930","ENSMUSG00000047674","protein_coding"
"3931","ENSMUSG00000059921","protein_coding"
"3932","ENSMUSG00000052430","protein_coding"
"3933","ENSMUSG00000028273","protein_coding"
"3934","ENSMUSG00000105504","protein_coding"
"3935","ENSMUSG00000040253","protein_coding"
"3936","ENSMUSG00000028268","protein_coding"
"3937","ENSMUSG00000040264","protein_coding"
"3938","ENSMUSG00000028270","protein_coding"
"3939","ENSMUSG00000040213","protein_coding"
"3940","ENSMUSG00000028271","protein_coding"
"3941","ENSMUSG00000004591","protein_coding"
"3942","ENSMUSG00000028266","protein_coding"
"3943","ENSMUSG00000040151","protein_coding"
"3944","ENSMUSG00000037072","protein_coding"
"3945","ENSMUSG00000037062","protein_coding"
"3946","ENSMUSG00000056025","protein_coding"
"3947","ENSMUSG00000028262","protein_coding"
"3948","ENSMUSG00000037033","protein_coding"
"3949","ENSMUSG00000074195","protein_coding"
"3950","ENSMUSG00000068547","protein_coding"
"3951","ENSMUSG00000028255","protein_coding"
"3952","ENSMUSG00000036960","protein_coding"
"3953","ENSMUSG00000028256","protein_coding"
"3954","ENSMUSG00000028197","protein_coding"
"3955","ENSMUSG00000074182","protein_coding"
"3956","ENSMUSG00000028195","protein_coding"
"3957","ENSMUSG00000028194","protein_coding"
"3958","ENSMUSG00000028191","protein_coding"
"3959","ENSMUSG00000036873","protein_coding"
"3960","ENSMUSG00000036863","protein_coding"
"3961","ENSMUSG00000043020","protein_coding"
"3962","ENSMUSG00000036853","protein_coding"
"3963","ENSMUSG00000011008","protein_coding"
"3964","ENSMUSG00000036832","protein_coding"
"3965","ENSMUSG00000036825","protein_coding"
"3966","ENSMUSG00000028189","protein_coding"
"3967","ENSMUSG00000028188","protein_coding"
"3968","ENSMUSG00000068523","protein_coding"
"3969","ENSMUSG00000028187","protein_coding"
"3970","ENSMUSG00000028186","protein_coding"
"3971","ENSMUSG00000028185","protein_coding"
"3972","ENSMUSG00000090202","protein_coding"
"3973","ENSMUSG00000048652","protein_coding"
"3974","ENSMUSG00000005034","protein_coding"
"3975","ENSMUSG00000036745","protein_coding"
"3976","ENSMUSG00000028184","protein_coding"
"3977","ENSMUSG00000039167","protein_coding"
"3978","ENSMUSG00000028037","protein_coding"
"3979","ENSMUSG00000039146","protein_coding"
"3980","ENSMUSG00000028036","protein_coding"
"3981","ENSMUSG00000039131","protein_coding"
"3982","ENSMUSG00000028035","protein_coding"
"3983","ENSMUSG00000028034","protein_coding"
"3984","ENSMUSG00000039103","protein_coding"
"3985","ENSMUSG00000054942","protein_coding"
"3986","ENSMUSG00000025437","protein_coding"
"3987","ENSMUSG00000039068","protein_coding"
"3988","ENSMUSG00000039058","protein_coding"
"3989","ENSMUSG00000039047","protein_coding"
"3990","ENSMUSG00000039037","protein_coding"
"3991","ENSMUSG00000052544","protein_coding"
"3992","ENSMUSG00000038997","protein_coding"
"3993","ENSMUSG00000005493","protein_coding"
"3994","ENSMUSG00000038975","protein_coding"
"3995","ENSMUSG00000062908","protein_coding"
"3996","ENSMUSG00000028360","protein_coding"
"3997","ENSMUSG00000096225","protein_coding"
"3998","ENSMUSG00000047583","protein_coding"
"3999","ENSMUSG00000028199","protein_coding"
"4000","ENSMUSG00000078161","protein_coding"
"4001","ENSMUSG00000040086","protein_coding"
"4002","ENSMUSG00000053870","protein_coding"
"4003","ENSMUSG00000028182","protein_coding"
"4004","ENSMUSG00000040037","protein_coding"
"4005","ENSMUSG00000028180","protein_coding"
"4006","ENSMUSG00000040016","protein_coding"
"4007","ENSMUSG00000028179","protein_coding"
"4008","ENSMUSG00000039988","protein_coding"
"4009","ENSMUSG00000055436","protein_coding"
"4010","ENSMUSG00000063052","protein_coding"
"4011","ENSMUSG00000028176","protein_coding"
"4012","ENSMUSG00000028175","protein_coding"
"4013","ENSMUSG00000028174","protein_coding"
"4014","ENSMUSG00000028173","protein_coding"
"4015","ENSMUSG00000115072","protein_coding"
"4016","ENSMUSG00000115466","protein_coding"
"4017","ENSMUSG00000028232","protein_coding"
"4018","ENSMUSG00000028233","protein_coding"
"4019","ENSMUSG00000042228","protein_coding"
"4020","ENSMUSG00000028234","protein_coding"
"4021","ENSMUSG00000078365","protein_coding"
"4022","ENSMUSG00000003282","protein_coding"
"4023","ENSMUSG00000042198","protein_coding"
"4024","ENSMUSG00000068240","protein_coding"
"4025","ENSMUSG00000028236","protein_coding"
"4026","ENSMUSG00000071019","protein_coding"
"4027","ENSMUSG00000045573","protein_coding"
"4028","ENSMUSG00000066324","protein_coding"
"4029","ENSMUSG00000049119","protein_coding"
"4030","ENSMUSG00000028243","protein_coding"
"4031","ENSMUSG00000028240","protein_coding"
"4032","ENSMUSG00000028249","protein_coding"
"4033","ENSMUSG00000028245","protein_coding"
"4034","ENSMUSG00000041272","protein_coding"
"4035","ENSMUSG00000041261","protein_coding"
"4036","ENSMUSG00000047187","protein_coding"
"4037","ENSMUSG00000041235","protein_coding"
"4038","ENSMUSG00000041216","protein_coding"
"4039","ENSMUSG00000028207","protein_coding"
"4040","ENSMUSG00000051279","protein_coding"
"4041","ENSMUSG00000059482","protein_coding"
"4042","ENSMUSG00000049969","protein_coding"
"4043","ENSMUSG00000050323","protein_coding"
"4044","ENSMUSG00000028211","protein_coding"
"4045","ENSMUSG00000028212","protein_coding"
"4046","ENSMUSG00000040738","protein_coding"
"4047","ENSMUSG00000045205","protein_coding"
"4048","ENSMUSG00000040728","protein_coding"
"4049","ENSMUSG00000040720","protein_coding"
"4050","ENSMUSG00000078773","protein_coding"
"4051","ENSMUSG00000094595","protein_coding"
"4052","ENSMUSG00000028214","protein_coding"
"4053","ENSMUSG00000028217","protein_coding"
"4054","ENSMUSG00000049225","protein_coding"
"4055","ENSMUSG00000049488","protein_coding"
"4056","ENSMUSG00000052137","protein_coding"
"4057","ENSMUSG00000046667","protein_coding"
"4058","ENSMUSG00000028218","protein_coding"
"4059","ENSMUSG00000055963","protein_coding"
"4060","ENSMUSG00000006586","protein_coding"
"4061","ENSMUSG00000040569","protein_coding"
"4062","ENSMUSG00000023151","protein_coding"
"4063","ENSMUSG00000040550","protein_coding"
"4064","ENSMUSG00000028221","protein_coding"
"4065","ENSMUSG00000086587","protein_coding"
"4066","ENSMUSG00000040536","protein_coding"
"4067","ENSMUSG00000043252","protein_coding"
"4068","ENSMUSG00000028222","protein_coding"
"4069","ENSMUSG00000028223","protein_coding"
"4070","ENSMUSG00000028224","protein_coding"
"4071","ENSMUSG00000041153","protein_coding"
"4072","ENSMUSG00000041135","protein_coding"
"4073","ENSMUSG00000028226","protein_coding"
"4074","ENSMUSG00000073991","protein_coding"
"4075","ENSMUSG00000056494","protein_coding"
"4076","ENSMUSG00000028228","protein_coding"
"4077","ENSMUSG00000028229","protein_coding"
"4078","ENSMUSG00000041058","protein_coding"
"4079","ENSMUSG00000041052","protein_coding"
"4080","ENSMUSG00000028238","protein_coding"
"4081","ENSMUSG00000073988","protein_coding"
"4082","ENSMUSG00000073987","protein_coding"
"4083","ENSMUSG00000055761","protein_coding"
"4084","ENSMUSG00000040478","protein_coding"
"4085","ENSMUSG00000028252","protein_coding"
"4086","ENSMUSG00000028251","protein_coding"
"4087","ENSMUSG00000040455","protein_coding"
"4088","ENSMUSG00000028248","protein_coding"
"4089","ENSMUSG00000028247","protein_coding"
"4090","ENSMUSG00000028246","protein_coding"
"4091","ENSMUSG00000040410","protein_coding"
"4092","ENSMUSG00000095139","protein_coding"
"4093","ENSMUSG00000045751","protein_coding"
"4094","ENSMUSG00000040387","protein_coding"
"4095","ENSMUSG00000028261","protein_coding"
"4096","ENSMUSG00000040372","protein_coding"
"4097","ENSMUSG00000028259","protein_coding"
"4098","ENSMUSG00000040359","protein_coding"
"4099","ENSMUSG00000055373","protein_coding"
"4100","ENSMUSG00000040520","protein_coding"
"4101","ENSMUSG00000028289","protein_coding"
"4102","ENSMUSG00000028284","protein_coding"
"4103","ENSMUSG00000040270","protein_coding"
"4104","ENSMUSG00000051056","protein_coding"
"4105","ENSMUSG00000028282","protein_coding"
"4106","ENSMUSG00000058006","protein_coding"
"4107","ENSMUSG00000045854","protein_coding"
"4108","ENSMUSG00000040183","protein_coding"
"4109","ENSMUSG00000028278","protein_coding"
"4110","ENSMUSG00000028277","protein_coding"
"4111","ENSMUSG00000023267","protein_coding"
"4112","ENSMUSG00000028280","protein_coding"
"4113","ENSMUSG00000054659","protein_coding"
"4114","ENSMUSG00000054679","protein_coding"
"4115","ENSMUSG00000040128","protein_coding"
"4116","ENSMUSG00000028274","protein_coding"
"4117","ENSMUSG00000044288","protein_coding"
"4118","ENSMUSG00000028264","protein_coding"
"4119","ENSMUSG00000028291","protein_coding"
"4120","ENSMUSG00000040044","protein_coding"
"4121","ENSMUSG00000028292","protein_coding"
"4122","ENSMUSG00000028293","protein_coding"
"4123","ENSMUSG00000028294","protein_coding"
"4124","ENSMUSG00000071015","protein_coding"
"4125","ENSMUSG00000028295","protein_coding"
"4126","ENSMUSG00000039967","protein_coding"
"4127","ENSMUSG00000028298","protein_coding"
"4128","ENSMUSG00000073910","protein_coding"
"4129","ENSMUSG00000042993","protein_coding"
"4130","ENSMUSG00000028300","protein_coding"
"4131","ENSMUSG00000045083","protein_coding"
"4132","ENSMUSG00000028287","protein_coding"
"4133","ENSMUSG00000028405","protein_coding"
"4134","ENSMUSG00000040296","protein_coding"
"4135","ENSMUSG00000036822","protein_coding"
"4136","ENSMUSG00000028407","protein_coding"
"4137","ENSMUSG00000071014","protein_coding"
"4138","ENSMUSG00000046593","protein_coding"
"4139","ENSMUSG00000028411","protein_coding"
"4140","ENSMUSG00000028410","protein_coding"
"4141","ENSMUSG00000028409","protein_coding"
"4142","ENSMUSG00000028413","protein_coding"
"4143","ENSMUSG00000028415","protein_coding"
"4144","ENSMUSG00000028416","protein_coding"
"4145","ENSMUSG00000028419","protein_coding"
"4146","ENSMUSG00000028423","protein_coding"
"4147","ENSMUSG00000028427","protein_coding"
"4148","ENSMUSG00000028435","protein_coding"
"4149","ENSMUSG00000028430","protein_coding"
"4150","ENSMUSG00000036241","protein_coding"
"4151","ENSMUSG00000028433","protein_coding"
"4152","ENSMUSG00000028436","protein_coding"
"4153","ENSMUSG00000028437","protein_coding"
"4154","ENSMUSG00000028438","protein_coding"
"4155","ENSMUSG00000028443","protein_coding"
"4156","ENSMUSG00000046312","protein_coding"
"4157","ENSMUSG00000028441","protein_coding"
"4158","ENSMUSG00000028439","protein_coding"
"4159","ENSMUSG00000061322","protein_coding"
"4160","ENSMUSG00000028445","protein_coding"
"4161","ENSMUSG00000028444","protein_coding"
"4162","ENSMUSG00000073889","protein_coding"
"4163","ENSMUSG00000036114","protein_coding"
"4164","ENSMUSG00000028447","protein_coding"
"4165","ENSMUSG00000066224","protein_coding"
"4166","ENSMUSG00000036078","protein_coding"
"4167","ENSMUSG00000036073","protein_coding"
"4168","ENSMUSG00000073888","protein_coding"
"4169","ENSMUSG00000094065","protein_coding"
"4170","ENSMUSG00000078747","protein_coding"
"4171","ENSMUSG00000078746","protein_coding"
"4172","ENSMUSG00000073878","protein_coding"
"4173","ENSMUSG00000073877","protein_coding"
"4174","ENSMUSG00000073876","protein_coding"
"4175","ENSMUSG00000095675","protein_coding"
"4176","ENSMUSG00000094695","protein_coding"
"4177","ENSMUSG00000093996","protein_coding"
"4178","ENSMUSG00000095234","protein_coding"
"4179","ENSMUSG00000094066","protein_coding"
"4180","ENSMUSG00000096596","protein_coding"
"4181","ENSMUSG00000096826","protein_coding"
"4182","ENSMUSG00000078735","protein_coding"
"4183","ENSMUSG00000071005","protein_coding"
"4184","ENSMUSG00000094686","protein_coding"
"4185","ENSMUSG00000078722","protein_coding"
"4186","ENSMUSG00000078721","protein_coding"
"4187","ENSMUSG00000050141","protein_coding"
"4188","ENSMUSG00000036062","protein_coding"
"4189","ENSMUSG00000036052","protein_coding"
"4190","ENSMUSG00000028451","protein_coding"
"4191","ENSMUSG00000028452","protein_coding"
"4192","ENSMUSG00000028453","protein_coding"
"4193","ENSMUSG00000028454","protein_coding"
"4194","ENSMUSG00000028455","protein_coding"
"4195","ENSMUSG00000036002","protein_coding"
"4196","ENSMUSG00000028456","protein_coding"
"4197","ENSMUSG00000028457","protein_coding"
"4198","ENSMUSG00000035969","protein_coding"
"4199","ENSMUSG00000042788","protein_coding"
"4200","ENSMUSG00000028458","protein_coding"
"4201","ENSMUSG00000028459","protein_coding"
"4202","ENSMUSG00000028460","protein_coding"
"4203","ENSMUSG00000028461","protein_coding"
"4204","ENSMUSG00000051517","protein_coding"
"4205","ENSMUSG00000028463","protein_coding"
"4206","ENSMUSG00000028464","protein_coding"
"4207","ENSMUSG00000028465","protein_coding"
"4208","ENSMUSG00000028466","protein_coding"
"4209","ENSMUSG00000028467","protein_coding"
"4210","ENSMUSG00000028468","protein_coding"
"4211","ENSMUSG00000078719","protein_coding"
"4212","ENSMUSG00000028469","protein_coding"
"4213","ENSMUSG00000066196","protein_coding"
"4214","ENSMUSG00000028470","protein_coding"
"4215","ENSMUSG00000043633","protein_coding"
"4216","ENSMUSG00000078716","protein_coding"
"4217","ENSMUSG00000050215","protein_coding"
"4218","ENSMUSG00000046450","protein_coding"
"4219","ENSMUSG00000071001","protein_coding"
"4220","ENSMUSG00000028475","protein_coding"
"4221","ENSMUSG00000044801","protein_coding"
"4222","ENSMUSG00000111338","protein_coding"
"4223","ENSMUSG00000110970","protein_coding"
"4224","ENSMUSG00000111611","protein_coding"
"4225","ENSMUSG00000071000","protein_coding"
"4226","ENSMUSG00000028476","protein_coding"
"4227","ENSMUSG00000028480","protein_coding"
"4228","ENSMUSG00000070999","protein_coding"
"4229","ENSMUSG00000028478","protein_coding"
"4230","ENSMUSG00000028479","protein_coding"
"4231","ENSMUSG00000035696","protein_coding"
"4232","ENSMUSG00000035683","protein_coding"
"4233","ENSMUSG00000014030","protein_coding"
"4234","ENSMUSG00000035649","protein_coding"
"4235","ENSMUSG00000035637","protein_coding"
"4236","ENSMUSG00000049657","protein_coding"
"4237","ENSMUSG00000028318","protein_coding"
"4238","ENSMUSG00000048232","protein_coding"
"4239","ENSMUSG00000078713","protein_coding"
"4240","ENSMUSG00000035615","protein_coding"
"4241","ENSMUSG00000035601","protein_coding"
"4242","ENSMUSG00000028322","protein_coding"
"4243","ENSMUSG00000035572","protein_coding"
"4244","ENSMUSG00000045973","protein_coding"
"4245","ENSMUSG00000044813","protein_coding"
"4246","ENSMUSG00000035561","protein_coding"
"4247","ENSMUSG00000035551","protein_coding"
"4248","ENSMUSG00000028327","protein_coding"
"4249","ENSMUSG00000035539","protein_coding"
"4250","ENSMUSG00000035517","protein_coding"
"4251","ENSMUSG00000028328","protein_coding"
"4252","ENSMUSG00000035495","protein_coding"
"4253","ENSMUSG00000028330","protein_coding"
"4254","ENSMUSG00000028329","protein_coding"
"4255","ENSMUSG00000070990","protein_coding"
"4256","ENSMUSG00000028331","protein_coding"
"4257","ENSMUSG00000028332","protein_coding"
"4258","ENSMUSG00000028333","protein_coding"
"4259","ENSMUSG00000028334","protein_coding"
"4260","ENSMUSG00000039853","protein_coding"
"4261","ENSMUSG00000028337","protein_coding"
"4262","ENSMUSG00000039813","protein_coding"
"4263","ENSMUSG00000039809","protein_coding"
"4264","ENSMUSG00000066191","protein_coding"
"4265","ENSMUSG00000039774","protein_coding"
"4266","ENSMUSG00000028339","protein_coding"
"4267","ENSMUSG00000007613","protein_coding"
"4268","ENSMUSG00000039740","protein_coding"
"4269","ENSMUSG00000053317","protein_coding"
"4270","ENSMUSG00000028341","protein_coding"
"4271","ENSMUSG00000061455","protein_coding"
"4272","ENSMUSG00000028343","protein_coding"
"4273","ENSMUSG00000028344","protein_coding"
"4274","ENSMUSG00000028345","protein_coding"
"4275","ENSMUSG00000039693","protein_coding"
"4276","ENSMUSG00000028347","protein_coding"
"4277","ENSMUSG00000028348","protein_coding"
"4278","ENSMUSG00000063446","protein_coding"
"4279","ENSMUSG00000060317","protein_coding"
"4280","ENSMUSG00000070985","protein_coding"
"4281","ENSMUSG00000039653","protein_coding"
"4282","ENSMUSG00000044018","protein_coding"
"4283","ENSMUSG00000039634","protein_coding"
"4284","ENSMUSG00000028307","protein_coding"
"4285","ENSMUSG00000039611","protein_coding"
"4286","ENSMUSG00000028309","protein_coding"
"4287","ENSMUSG00000039579","protein_coding"
"4288","ENSMUSG00000028310","protein_coding"
"4289","ENSMUSG00000039555","protein_coding"
"4290","ENSMUSG00000028312","protein_coding"
"4291","ENSMUSG00000028314","protein_coding"
"4292","ENSMUSG00000089717","protein_coding"
"4293","ENSMUSG00000049648","protein_coding"
"4294","ENSMUSG00000051593","protein_coding"
"4295","ENSMUSG00000082216","protein_coding"
"4296","ENSMUSG00000070983","protein_coding"
"4297","ENSMUSG00000015242","protein_coding"
"4298","ENSMUSG00000015247","protein_coding"
"4299","ENSMUSG00000015243","protein_coding"
"4300","ENSMUSG00000028412","protein_coding"
"4301","ENSMUSG00000054752","protein_coding"
"4302","ENSMUSG00000028414","protein_coding"
"4303","ENSMUSG00000028417","protein_coding"
"4304","ENSMUSG00000028420","protein_coding"
"4305","ENSMUSG00000060206","protein_coding"
"4306","ENSMUSG00000028426","protein_coding"
"4307","ENSMUSG00000003032","protein_coding"
"4308","ENSMUSG00000070980","protein_coding"
"4309","ENSMUSG00000070979","protein_coding"
"4310","ENSMUSG00000028431","protein_coding"
"4311","ENSMUSG00000038827","protein_coding"
"4312","ENSMUSG00000038816","protein_coding"
"4313","ENSMUSG00000055296","protein_coding"
"4314","ENSMUSG00000045589","protein_coding"
"4315","ENSMUSG00000028434","protein_coding"
"4316","ENSMUSG00000038764","protein_coding"
"4317","ENSMUSG00000090053","protein_coding"
"4318","ENSMUSG00000089945","protein_coding"
"4319","ENSMUSG00000038729","protein_coding"
"4320","ENSMUSG00000052117","protein_coding"
"4321","ENSMUSG00000028367","protein_coding"
"4322","ENSMUSG00000038709","protein_coding"
"4323","ENSMUSG00000028369","protein_coding"
"4324","ENSMUSG00000057280","protein_coding"
"4325","ENSMUSG00000038668","protein_coding"
"4326","ENSMUSG00000043385","protein_coding"
"4327","ENSMUSG00000050812","protein_coding"
"4328","ENSMUSG00000038630","protein_coding"
"4329","ENSMUSG00000028378","protein_coding"
"4330","ENSMUSG00000070972","protein_coding"
"4331","ENSMUSG00000038607","protein_coding"
"4332","ENSMUSG00000038598","protein_coding"
"4333","ENSMUSG00000028381","protein_coding"
"4334","ENSMUSG00000038578","protein_coding"
"4335","ENSMUSG00000028382","protein_coding"
"4336","ENSMUSG00000028383","protein_coding"
"4337","ENSMUSG00000045071","protein_coding"
"4338","ENSMUSG00000038544","protein_coding"
"4339","ENSMUSG00000028385","protein_coding"
"4340","ENSMUSG00000028386","protein_coding"
"4341","ENSMUSG00000041333","protein_coding"
"4342","ENSMUSG00000078689","protein_coding"
"4343","ENSMUSG00000073842","protein_coding"
"4344","ENSMUSG00000078688","protein_coding"
"4345","ENSMUSG00000078687","protein_coding"
"4346","ENSMUSG00000078686","protein_coding"
"4347","ENSMUSG00000078683","protein_coding"
"4348","ENSMUSG00000078680","protein_coding"
"4349","ENSMUSG00000073834","protein_coding"
"4350","ENSMUSG00000094793","protein_coding"
"4351","ENSMUSG00000110439","protein_coding"
"4352","ENSMUSG00000089873","protein_coding"
"4353","ENSMUSG00000073830","protein_coding"
"4354","ENSMUSG00000096674","protein_coding"
"4355","ENSMUSG00000078675","protein_coding"
"4356","ENSMUSG00000096688","protein_coding"
"4357","ENSMUSG00000078674","protein_coding"
"4358","ENSMUSG00000078673","protein_coding"
"4359","ENSMUSG00000058523","protein_coding"
"4360","ENSMUSG00000078672","protein_coding"
"4361","ENSMUSG00000066154","protein_coding"
"4362","ENSMUSG00000066153","protein_coding"
"4363","ENSMUSG00000028389","protein_coding"
"4364","ENSMUSG00000066152","protein_coding"
"4365","ENSMUSG00000066151","protein_coding"
"4366","ENSMUSG00000066150","protein_coding"
"4367","ENSMUSG00000066149","protein_coding"
"4368","ENSMUSG00000066148","protein_coding"
"4369","ENSMUSG00000063851","protein_coding"
"4370","ENSMUSG00000028391","protein_coding"
"4371","ENSMUSG00000028392","protein_coding"
"4372","ENSMUSG00000038422","protein_coding"
"4373","ENSMUSG00000028393","protein_coding"
"4374","ENSMUSG00000028394","protein_coding"
"4375","ENSMUSG00000058046","protein_coding"
"4376","ENSMUSG00000059810","protein_coding"
"4377","ENSMUSG00000028358","protein_coding"
"4378","ENSMUSG00000028356","protein_coding"
"4379","ENSMUSG00000028357","protein_coding"
"4380","ENSMUSG00000045672","protein_coding"
"4381","ENSMUSG00000039196","protein_coding"
"4382","ENSMUSG00000028359","protein_coding"
"4383","ENSMUSG00000061540","protein_coding"
"4384","ENSMUSG00000039158","protein_coding"
"4385","ENSMUSG00000039137","protein_coding"
"4386","ENSMUSG00000039105","protein_coding"
"4387","ENSMUSG00000045917","protein_coding"
"4388","ENSMUSG00000084782","protein_coding"
"4389","ENSMUSG00000058935","protein_coding"
"4390","ENSMUSG00000050395","protein_coding"
"4391","ENSMUSG00000028362","protein_coding"
"4392","ENSMUSG00000028364","protein_coding"
"4393","ENSMUSG00000028370","protein_coding"
"4394","ENSMUSG00000028373","protein_coding"
"4395","ENSMUSG00000051675","protein_coding"
"4396","ENSMUSG00000039005","protein_coding"
"4397","ENSMUSG00000028351","protein_coding"
"4398","ENSMUSG00000039298","protein_coding"
"4399","ENSMUSG00000039270","protein_coding"
"4400","ENSMUSG00000066141","protein_coding"
"4401","ENSMUSG00000008305","protein_coding"
"4402","ENSMUSG00000059343","protein_coding"
"4403","ENSMUSG00000066137","protein_coding"
"4404","ENSMUSG00000121585","protein_coding"
"4405","ENSMUSG00000094116","protein_coding"
"4406","ENSMUSG00000096700","protein_coding"
"4407","ENSMUSG00000095935","protein_coding"
"4408","ENSMUSG00000095048","protein_coding"
"4409","ENSMUSG00000095341","protein_coding"
"4410","ENSMUSG00000043003","protein_coding"
"4411","ENSMUSG00000096530","protein_coding"
"4412","ENSMUSG00000096750","protein_coding"
"4413","ENSMUSG00000096333","protein_coding"
"4414","ENSMUSG00000093962","protein_coding"
"4415","ENSMUSG00000028396","protein_coding"
"4416","ENSMUSG00000049122","protein_coding"
"4417","ENSMUSG00000028397","protein_coding"
"4418","ENSMUSG00000028398","protein_coding"
"4419","ENSMUSG00000028399","protein_coding"
"4420","ENSMUSG00000005994","protein_coding"
"4421","ENSMUSG00000048706","protein_coding"
"4422","ENSMUSG00000028402","protein_coding"
"4423","ENSMUSG00000008575","protein_coding"
"4424","ENSMUSG00000028403","protein_coding"
"4425","ENSMUSG00000038192","protein_coding"
"4426","ENSMUSG00000059049","protein_coding"
"4427","ENSMUSG00000038172","protein_coding"
"4428","ENSMUSG00000028483","protein_coding"
"4429","ENSMUSG00000028484","protein_coding"
"4430","ENSMUSG00000052407","protein_coding"
"4431","ENSMUSG00000028487","protein_coding"
"4432","ENSMUSG00000038070","protein_coding"
"4433","ENSMUSG00000028488","protein_coding"
"4434","ENSMUSG00000066113","protein_coding"
"4435","ENSMUSG00000028492","protein_coding"
"4436","ENSMUSG00000070934","protein_coding"
"4437","ENSMUSG00000038047","protein_coding"
"4438","ENSMUSG00000028494","protein_coding"
"4439","ENSMUSG00000038024","protein_coding"
"4440","ENSMUSG00000028495","protein_coding"
"4441","ENSMUSG00000038007","protein_coding"
"4442","ENSMUSG00000037996","protein_coding"
"4443","ENSMUSG00000028496","protein_coding"
"4444","ENSMUSG00000038368","protein_coding"
"4445","ENSMUSG00000028497","protein_coding"
"4446","ENSMUSG00000048806","protein_coding"
"4447","ENSMUSG00000096011","protein_coding"
"4448","ENSMUSG00000095896","protein_coding"
"4449","ENSMUSG00000095270","protein_coding"
"4450","ENSMUSG00000073811","protein_coding"
"4451","ENSMUSG00000038330","protein_coding"
"4452","ENSMUSG00000063376","protein_coding"
"4453","ENSMUSG00000078355","protein_coding"
"4454","ENSMUSG00000078354","protein_coding"
"4455","ENSMUSG00000100079","protein_coding"
"4456","ENSMUSG00000070923","protein_coding"
"4457","ENSMUSG00000094618","protein_coding"
"4458","ENSMUSG00000100505","protein_coding"
"4459","ENSMUSG00000094271","protein_coding"
"4460","ENSMUSG00000096582","protein_coding"
"4461","ENSMUSG00000096591","protein_coding"
"4462","ENSMUSG00000096854","protein_coding"
"4463","ENSMUSG00000099545","protein_coding"
"4464","ENSMUSG00000100234","protein_coding"
"4465","ENSMUSG00000101163","protein_coding"
"4466","ENSMUSG00000099518","protein_coding"
"4467","ENSMUSG00000099420","protein_coding"
"4468","ENSMUSG00000095101","protein_coding"
"4469","ENSMUSG00000094648","protein_coding"
"4470","ENSMUSG00000070908","protein_coding"
"4471","ENSMUSG00000100713","protein_coding"
"4472","ENSMUSG00000100549","protein_coding"
"4473","ENSMUSG00000101252","protein_coding"
"4474","ENSMUSG00000096682","protein_coding"
"4475","ENSMUSG00000070904","protein_coding"
"4476","ENSMUSG00000095498","protein_coding"
"4477","ENSMUSG00000045364","protein_coding"
"4478","ENSMUSG00000062937","protein_coding"
"4479","ENSMUSG00000044303","protein_coding"
"4480","ENSMUSG00000073802","protein_coding"
"4481","ENSMUSG00000043753","protein_coding"
"4482","ENSMUSG00000070902","protein_coding"
"4483","ENSMUSG00000008489","protein_coding"
"4484","ENSMUSG00000028533","protein_coding"
"4485","ENSMUSG00000066107","protein_coding"
"4486","ENSMUSG00000054000","protein_coding"
"4487","ENSMUSG00000028578","protein_coding"
"4488","ENSMUSG00000028577","protein_coding"
"4489","ENSMUSG00000028576","protein_coding"
"4490","ENSMUSG00000049799","protein_coding"
"4491","ENSMUSG00000006386","protein_coding"
"4492","ENSMUSG00000028575","protein_coding"
"4493","ENSMUSG00000062627","protein_coding"
"4494","ENSMUSG00000052684","protein_coding"
"4495","ENSMUSG00000028573","protein_coding"
"4496","ENSMUSG00000028572","protein_coding"
"4497","ENSMUSG00000028571","protein_coding"
"4498","ENSMUSG00000081225","protein_coding"
"4499","ENSMUSG00000081362","protein_coding"
"4500","ENSMUSG00000066097","protein_coding"
"4501","ENSMUSG00000082932","protein_coding"
"4502","ENSMUSG00000052914","protein_coding"
"4503","ENSMUSG00000015224","protein_coding"
"4504","ENSMUSG00000052520","protein_coding"
"4505","ENSMUSG00000078639","protein_coding"
"4506","ENSMUSG00000048747","protein_coding"
"4507","ENSMUSG00000028565","protein_coding"
"4508","ENSMUSG00000028563","protein_coding"
"4509","ENSMUSG00000061859","protein_coding"
"4510","ENSMUSG00000087166","protein_coding"
"4511","ENSMUSG00000035407","protein_coding"
"4512","ENSMUSG00000073794","protein_coding"
"4513","ENSMUSG00000028560","protein_coding"
"4514","ENSMUSG00000028556","protein_coding"
"4515","ENSMUSG00000028553","protein_coding"
"4516","ENSMUSG00000028550","protein_coding"
"4517","ENSMUSG00000067261","protein_coding"
"4518","ENSMUSG00000073792","protein_coding"
"4519","ENSMUSG00000028549","protein_coding"
"4520","ENSMUSG00000073791","protein_coding"
"4521","ENSMUSG00000025791","protein_coding"
"4522","ENSMUSG00000035305","protein_coding"
"4523","ENSMUSG00000069733","protein_coding"
"4524","ENSMUSG00000028532","protein_coding"
"4525","ENSMUSG00000035275","protein_coding"
"4526","ENSMUSG00000028530","protein_coding"
"4527","ENSMUSG00000028527","protein_coding"
"4528","ENSMUSG00000028528","protein_coding"
"4529","ENSMUSG00000035212","protein_coding"
"4530","ENSMUSG00000057722","protein_coding"
"4531","ENSMUSG00000035201","protein_coding"
"4532","ENSMUSG00000046133","protein_coding"
"4533","ENSMUSG00000037028","protein_coding"
"4534","ENSMUSG00000070890","protein_coding"
"4535","ENSMUSG00000078626","protein_coding"
"4536","ENSMUSG00000078625","protein_coding"
"4537","ENSMUSG00000028525","protein_coding"
"4538","ENSMUSG00000028524","protein_coding"
"4539","ENSMUSG00000028523","protein_coding"
"4540","ENSMUSG00000066090","protein_coding"
"4541","ENSMUSG00000035126","protein_coding"
"4542","ENSMUSG00000028522","protein_coding"
"4543","ENSMUSG00000028521","protein_coding"
"4544","ENSMUSG00000028520","protein_coding"
"4545","ENSMUSG00000035069","protein_coding"
"4546","ENSMUSG00000028519","protein_coding"
"4547","ENSMUSG00000029656","protein_coding"
"4548","ENSMUSG00000035031","protein_coding"
"4549","ENSMUSG00000078612","protein_coding"
"4550","ENSMUSG00000028518","protein_coding"
"4551","ENSMUSG00000028517","protein_coding"
"4552","ENSMUSG00000028514","protein_coding"
"4553","ENSMUSG00000044254","protein_coding"
"4554","ENSMUSG00000025418","protein_coding"
"4555","ENSMUSG00000085933","protein_coding"
"4556","ENSMUSG00000034926","protein_coding"
"4557","ENSMUSG00000054362","protein_coding"
"4558","ENSMUSG00000034919","protein_coding"
"4559","ENSMUSG00000043572","protein_coding"
"4560","ENSMUSG00000025413","protein_coding"
"4561","ENSMUSG00000047502","protein_coding"
"4562","ENSMUSG00000034871","protein_coding"
"4563","ENSMUSG00000034853","protein_coding"
"4564","ENSMUSG00000061887","protein_coding"
"4565","ENSMUSG00000028622","protein_coding"
"4566","ENSMUSG00000028621","protein_coding"
"4567","ENSMUSG00000047636","protein_coding"
"4568","ENSMUSG00000028619","protein_coding"
"4569","ENSMUSG00000028618","protein_coding"
"4570","ENSMUSG00000070877","protein_coding"
"4571","ENSMUSG00000028617","protein_coding"
"4572","ENSMUSG00000063172","protein_coding"
"4573","ENSMUSG00000034785","protein_coding"
"4574","ENSMUSG00000057375","protein_coding"
"4575","ENSMUSG00000028614","protein_coding"
"4576","ENSMUSG00000034762","protein_coding"
"4577","ENSMUSG00000028610","protein_coding"
"4578","ENSMUSG00000028613","protein_coding"
"4579","ENSMUSG00000028609","protein_coding"
"4580","ENSMUSG00000028608","protein_coding"
"4581","ENSMUSG00000028607","protein_coding"
"4582","ENSMUSG00000008932","protein_coding"
"4583","ENSMUSG00000028600","protein_coding"
"4584","ENSMUSG00000028603","protein_coding"
"4585","ENSMUSG00000028601","protein_coding"
"4586","ENSMUSG00000034645","protein_coding"
"4587","ENSMUSG00000034636","protein_coding"
"4588","ENSMUSG00000048351","protein_coding"
"4589","ENSMUSG00000059816","protein_coding"
"4590","ENSMUSG00000028597","protein_coding"
"4591","ENSMUSG00000034610","protein_coding"
"4592","ENSMUSG00000063800","protein_coding"
"4593","ENSMUSG00000028587","protein_coding"
"4594","ENSMUSG00000028582","protein_coding"
"4595","ENSMUSG00000034557","protein_coding"
"4596","ENSMUSG00000028568","protein_coding"
"4597","ENSMUSG00000028567","protein_coding"
"4598","ENSMUSG00000073775","protein_coding"
"4599","ENSMUSG00000003411","protein_coding"
"4600","ENSMUSG00000053510","protein_coding"
"4601","ENSMUSG00000028559","protein_coding"
"4602","ENSMUSG00000028558","protein_coding"
"4603","ENSMUSG00000028552","protein_coding"
"4604","ENSMUSG00000028555","protein_coding"
"4605","ENSMUSG00000028557","protein_coding"
"4606","ENSMUSG00000060491","protein_coding"
"4607","ENSMUSG00000028551","protein_coding"
"4608","ENSMUSG00000010517","protein_coding"
"4609","ENSMUSG00000047143","protein_coding"
"4610","ENSMUSG00000028546","protein_coding"
"4611","ENSMUSG00000061298","protein_coding"
"4612","ENSMUSG00000028545","protein_coding"
"4613","ENSMUSG00000034401","protein_coding"
"4614","ENSMUSG00000028544","protein_coding"
"4615","ENSMUSG00000078599","protein_coding"
"4616","ENSMUSG00000049214","protein_coding"
"4617","ENSMUSG00000089773","protein_coding"
"4618","ENSMUSG00000055960","protein_coding"
"4619","ENSMUSG00000070868","protein_coding"
"4620","ENSMUSG00000049972","protein_coding"
"4621","ENSMUSG00000034359","protein_coding"
"4622","ENSMUSG00000048766","protein_coding"
"4623","ENSMUSG00000087194","protein_coding"
"4624","ENSMUSG00000078598","protein_coding"
"4625","ENSMUSG00000057977","protein_coding"
"4626","ENSMUSG00000070867","protein_coding"
"4627","ENSMUSG00000055210","protein_coding"
"4628","ENSMUSG00000044518","protein_coding"
"4629","ENSMUSG00000028719","protein_coding"
"4630","ENSMUSG00000028718","protein_coding"
"4631","ENSMUSG00000028717","protein_coding"
"4632","ENSMUSG00000028716","protein_coding"
"4633","ENSMUSG00000047155","protein_coding"
"4634","ENSMUSG00000083138","protein_coding"
"4635","ENSMUSG00000066071","protein_coding"
"4636","ENSMUSG00000078597","protein_coding"
"4637","ENSMUSG00000084346","protein_coding"
"4638","ENSMUSG00000028715","protein_coding"
"4639","ENSMUSG00000066072","protein_coding"
"4640","ENSMUSG00000028712","protein_coding"
"4641","ENSMUSG00000063929","protein_coding"
"4642","ENSMUSG00000028713","protein_coding"
"4643","ENSMUSG00000034210","protein_coding"
"4644","ENSMUSG00000044556","protein_coding"
"4645","ENSMUSG00000028710","protein_coding"
"4646","ENSMUSG00000028709","protein_coding"
"4647","ENSMUSG00000028708","protein_coding"
"4648","ENSMUSG00000073774","protein_coding"
"4649","ENSMUSG00000034185","protein_coding"
"4650","ENSMUSG00000028707","protein_coding"
"4651","ENSMUSG00000034171","protein_coding"
"4652","ENSMUSG00000028706","protein_coding"
"4653","ENSMUSG00000063882","protein_coding"
"4654","ENSMUSG00000028703","protein_coding"
"4655","ENSMUSG00000028702","protein_coding"
"4656","ENSMUSG00000028700","protein_coding"
"4657","ENSMUSG00000028701","protein_coding"
"4658","ENSMUSG00000028699","protein_coding"
"4659","ENSMUSG00000078593","protein_coding"
"4660","ENSMUSG00000111410","protein_coding"
"4661","ENSMUSG00000028698","protein_coding"
"4662","ENSMUSG00000003810","protein_coding"
"4663","ENSMUSG00000028696","protein_coding"
"4664","ENSMUSG00000055900","protein_coding"
"4665","ENSMUSG00000034042","protein_coding"
"4666","ENSMUSG00000034035","protein_coding"
"4667","ENSMUSG00000028693","protein_coding"
"4668","ENSMUSG00000028692","protein_coding"
"4669","ENSMUSG00000028691","protein_coding"
"4670","ENSMUSG00000028690","protein_coding"
"4671","ENSMUSG00000028689","protein_coding"
"4672","ENSMUSG00000033985","protein_coding"
"4673","ENSMUSG00000028688","protein_coding"
"4674","ENSMUSG00000028687","protein_coding"
"4675","ENSMUSG00000043155","protein_coding"
"4676","ENSMUSG00000033948","protein_coding"
"4677","ENSMUSG00000028684","protein_coding"
"4678","ENSMUSG00000046861","protein_coding"
"4679","ENSMUSG00000028683","protein_coding"
"4680","ENSMUSG00000028681","protein_coding"
"4681","ENSMUSG00000073771","protein_coding"
"4682","ENSMUSG00000047671","protein_coding"
"4683","ENSMUSG00000028680","protein_coding"
"4684","ENSMUSG00000047675","protein_coding"
"4685","ENSMUSG00000028678","protein_coding"
"4686","ENSMUSG00000060268","protein_coding"
"4687","ENSMUSG00000048772","protein_coding"
"4688","ENSMUSG00000028677","protein_coding"
"4689","ENSMUSG00000033423","protein_coding"
"4690","ENSMUSG00000009640","protein_coding"
"4691","ENSMUSG00000048626","protein_coding"
"4692","ENSMUSG00000028542","protein_coding"
"4693","ENSMUSG00000078588","protein_coding"
"4694","ENSMUSG00000028541","protein_coding"
"4695","ENSMUSG00000033379","protein_coding"
"4696","ENSMUSG00000028540","protein_coding"
"4697","ENSMUSG00000033365","protein_coding"
"4698","ENSMUSG00000028539","protein_coding"
"4699","ENSMUSG00000028538","protein_coding"
"4700","ENSMUSG00000033326","protein_coding"
"4701","ENSMUSG00000033295","protein_coding"
"4702","ENSMUSG00000006395","protein_coding"
"4703","ENSMUSG00000033253","protein_coding"
"4704","ENSMUSG00000006392","protein_coding"
"4705","ENSMUSG00000006390","protein_coding"
"4706","ENSMUSG00000006398","protein_coding"
"4707","ENSMUSG00000006389","protein_coding"
"4708","ENSMUSG00000033191","protein_coding"
"4709","ENSMUSG00000028536","protein_coding"
"4710","ENSMUSG00000050854","protein_coding"
"4711","ENSMUSG00000028730","protein_coding"
"4712","ENSMUSG00000028729","protein_coding"
"4713","ENSMUSG00000043698","protein_coding"
"4714","ENSMUSG00000043383","protein_coding"
"4715","ENSMUSG00000046790","protein_coding"
"4716","ENSMUSG00000070821","protein_coding"
"4717","ENSMUSG00000070820","protein_coding"
"4718","ENSMUSG00000095218","protein_coding"
"4719","ENSMUSG00000111159","protein_coding"
"4720","ENSMUSG00000066061","protein_coding"
"4721","ENSMUSG00000110947","protein_coding"
"4722","ENSMUSG00000073769","protein_coding"
"4723","ENSMUSG00000073768","protein_coding"
"4724","ENSMUSG00000096705","protein_coding"
"4725","ENSMUSG00000111259","protein_coding"
"4726","ENSMUSG00000024903","protein_coding"
"4727","ENSMUSG00000028645","protein_coding"
"4728","ENSMUSG00000045268","protein_coding"
"4729","ENSMUSG00000028644","protein_coding"
"4730","ENSMUSG00000028643","protein_coding"
"4731","ENSMUSG00000078584","protein_coding"
"4732","ENSMUSG00000028642","protein_coding"
"4733","ENSMUSG00000028641","protein_coding"
"4734","ENSMUSG00000066058","protein_coding"
"4735","ENSMUSG00000028639","protein_coding"
"4736","ENSMUSG00000060288","protein_coding"
"4737","ENSMUSG00000028637","protein_coding"
"4738","ENSMUSG00000028636","protein_coding"
"4739","ENSMUSG00000070806","protein_coding"
"4740","ENSMUSG00000048899","protein_coding"
"4741","ENSMUSG00000087385","protein_coding"
"4742","ENSMUSG00000032998","protein_coding"
"4743","ENSMUSG00000023247","protein_coding"
"4744","ENSMUSG00000032978","protein_coding"
"4745","ENSMUSG00000028634","protein_coding"
"4746","ENSMUSG00000115115","protein_coding"
"4747","ENSMUSG00000028635","protein_coding"
"4748","ENSMUSG00000052135","protein_coding"
"4749","ENSMUSG00000000085","protein_coding"
"4750","ENSMUSG00000047518","protein_coding"
"4751","ENSMUSG00000028633","protein_coding"
"4752","ENSMUSG00000070803","protein_coding"
"4753","ENSMUSG00000028631","protein_coding"
"4754","ENSMUSG00000032897","protein_coding"
"4755","ENSMUSG00000032890","protein_coding"
"4756","ENSMUSG00000028629","protein_coding"
"4757","ENSMUSG00000064141","protein_coding"
"4758","ENSMUSG00000032870","protein_coding"
"4759","ENSMUSG00000028626","protein_coding"
"4760","ENSMUSG00000043207","protein_coding"
"4761","ENSMUSG00000078577","protein_coding"
"4762","ENSMUSG00000049878","protein_coding"
"4763","ENSMUSG00000073764","protein_coding"
"4764","ENSMUSG00000078576","protein_coding"
"4765","ENSMUSG00000078575","protein_coding"
"4766","ENSMUSG00000023263","protein_coding"
"4767","ENSMUSG00000028657","protein_coding"
"4768","ENSMUSG00000028656","protein_coding"
"4769","ENSMUSG00000028655","protein_coding"
"4770","ENSMUSG00000028654","protein_coding"
"4771","ENSMUSG00000028653","protein_coding"
"4772","ENSMUSG00000002384","protein_coding"
"4773","ENSMUSG00000076438","protein_coding"
"4774","ENSMUSG00000028651","protein_coding"
"4775","ENSMUSG00000046093","protein_coding"
"4776","ENSMUSG00000054958","protein_coding"
"4777","ENSMUSG00000032744","protein_coding"
"4778","ENSMUSG00000011257","protein_coding"
"4779","ENSMUSG00000032726","protein_coding"
"4780","ENSMUSG00000076436","protein_coding"
"4781","ENSMUSG00000028649","protein_coding"
"4782","ENSMUSG00000028648","protein_coding"
"4783","ENSMUSG00000023075","protein_coding"
"4784","ENSMUSG00000043333","protein_coding"
"4785","ENSMUSG00000028647","protein_coding"
"4786","ENSMUSG00000028646","protein_coding"
"4787","ENSMUSG00000090125","protein_coding"
"4788","ENSMUSG00000028907","protein_coding"
"4789","ENSMUSG00000032643","protein_coding"
"4790","ENSMUSG00000028902","protein_coding"
"4791","ENSMUSG00000028894","protein_coding"
"4792","ENSMUSG00000028890","protein_coding"
"4793","ENSMUSG00000078570","protein_coding"
"4794","ENSMUSG00000028889","protein_coding"
"4795","ENSMUSG00000042763","protein_coding"
"4796","ENSMUSG00000028876","protein_coding"
"4797","ENSMUSG00000028873","protein_coding"
"4798","ENSMUSG00000044730","protein_coding"
"4799","ENSMUSG00000028871","protein_coding"
"4800","ENSMUSG00000028869","protein_coding"
"4801","ENSMUSG00000042707","protein_coding"
"4802","ENSMUSG00000050213","protein_coding"
"4803","ENSMUSG00000028863","protein_coding"
"4804","ENSMUSG00000042677","protein_coding"
"4805","ENSMUSG00000001985","protein_coding"
"4806","ENSMUSG00000028859","protein_coding"
"4807","ENSMUSG00000028861","protein_coding"
"4808","ENSMUSG00000042616","protein_coding"
"4809","ENSMUSG00000050188","protein_coding"
"4810","ENSMUSG00000042608","protein_coding"
"4811","ENSMUSG00000050212","protein_coding"
"4812","ENSMUSG00000073758","protein_coding"
"4813","ENSMUSG00000043962","protein_coding"
"4814","ENSMUSG00000028849","protein_coding"
"4815","ENSMUSG00000028847","protein_coding"
"4816","ENSMUSG00000056174","protein_coding"
"4817","ENSMUSG00000042558","protein_coding"
"4818","ENSMUSG00000028845","protein_coding"
"4819","ENSMUSG00000028842","protein_coding"
"4820","ENSMUSG00000041530","protein_coding"
"4821","ENSMUSG00000042500","protein_coding"
"4822","ENSMUSG00000042489","protein_coding"
"4823","ENSMUSG00000073755","protein_coding"
"4824","ENSMUSG00000028837","protein_coding"
"4825","ENSMUSG00000042477","protein_coding"
"4826","ENSMUSG00000028833","protein_coding"
"4827","ENSMUSG00000028830","protein_coding"
"4828","ENSMUSG00000042446","protein_coding"
"4829","ENSMUSG00000028820","protein_coding"
"4830","ENSMUSG00000043872","protein_coding"
"4831","ENSMUSG00000042408","protein_coding"
"4832","ENSMUSG00000070737","protein_coding"
"4833","ENSMUSG00000042388","protein_coding"
"4834","ENSMUSG00000042380","protein_coding"
"4835","ENSMUSG00000050234","protein_coding"
"4836","ENSMUSG00000042367","protein_coding"
"4837","ENSMUSG00000046623","protein_coding"
"4838","ENSMUSG00000042357","protein_coding"
"4839","ENSMUSG00000028813","protein_coding"
"4840","ENSMUSG00000028804","protein_coding"
"4841","ENSMUSG00000048686","protein_coding"
"4842","ENSMUSG00000061894","protein_coding"
"4843","ENSMUSG00000062545","protein_coding"
"4844","ENSMUSG00000028796","protein_coding"
"4845","ENSMUSG00000028794","protein_coding"
"4846","ENSMUSG00000028799","protein_coding"
"4847","ENSMUSG00000041000","protein_coding"
"4848","ENSMUSG00000028789","protein_coding"
"4849","ENSMUSG00000028792","protein_coding"
"4850","ENSMUSG00000028793","protein_coding"
"4851","ENSMUSG00000028786","protein_coding"
"4852","ENSMUSG00000028785","protein_coding"
"4853","ENSMUSG00000001334","protein_coding"
"4854","ENSMUSG00000040928","protein_coding"
"4855","ENSMUSG00000028811","protein_coding"
"4856","ENSMUSG00000050390","protein_coding"
"4857","ENSMUSG00000001333","protein_coding"
"4858","ENSMUSG00000057236","protein_coding"
"4859","ENSMUSG00000057572","protein_coding"
"4860","ENSMUSG00000028807","protein_coding"
"4861","ENSMUSG00000048485","protein_coding"
"4862","ENSMUSG00000040859","protein_coding"
"4863","ENSMUSG00000000411","protein_coding"
"4864","ENSMUSG00000078554","protein_coding"
"4865","ENSMUSG00000047945","protein_coding"
"4866","ENSMUSG00000028800","protein_coding"
"4867","ENSMUSG00000000409","protein_coding"
"4868","ENSMUSG00000050493","protein_coding"
"4869","ENSMUSG00000028798","protein_coding"
"4870","ENSMUSG00000028797","protein_coding"
"4871","ENSMUSG00000078552","protein_coding"
"4872","ENSMUSG00000040795","protein_coding"
"4873","ENSMUSG00000028795","protein_coding"
"4874","ENSMUSG00000053841","protein_coding"
"4875","ENSMUSG00000003731","protein_coding"
"4876","ENSMUSG00000053730","protein_coding"
"4877","ENSMUSG00000028790","protein_coding"
"4878","ENSMUSG00000028788","protein_coding"
"4879","ENSMUSG00000028784","protein_coding"
"4880","ENSMUSG00000028782","protein_coding"
"4881","ENSMUSG00000040690","protein_coding"
"4882","ENSMUSG00000028779","protein_coding"
"4883","ENSMUSG00000028778","protein_coding"
"4884","ENSMUSG00000028776","protein_coding"
"4885","ENSMUSG00000023120","protein_coding"
"4886","ENSMUSG00000023232","protein_coding"
"4887","ENSMUSG00000028773","protein_coding"
"4888","ENSMUSG00000028772","protein_coding"
"4889","ENSMUSG00000074088","protein_coding"
"4890","ENSMUSG00000078532","protein_coding"
"4891","ENSMUSG00000028580","protein_coding"
"4892","ENSMUSG00000025743","protein_coding"
"4893","ENSMUSG00000028581","protein_coding"
"4894","ENSMUSG00000040533","protein_coding"
"4895","ENSMUSG00000028909","protein_coding"
"4896","ENSMUSG00000028910","protein_coding"
"4897","ENSMUSG00000028911","protein_coding"
"4898","ENSMUSG00000070720","protein_coding"
"4899","ENSMUSG00000028906","protein_coding"
"4900","ENSMUSG00000050511","protein_coding"
"4901","ENSMUSG00000040025","protein_coding"
"4902","ENSMUSG00000028901","protein_coding"
"4903","ENSMUSG00000028899","protein_coding"
"4904","ENSMUSG00000089687","protein_coding"
"4905","ENSMUSG00000028898","protein_coding"
"4906","ENSMUSG00000028896","protein_coding"
"4907","ENSMUSG00000066043","protein_coding"
"4908","ENSMUSG00000066042","protein_coding"
"4909","ENSMUSG00000028893","protein_coding"
"4910","ENSMUSG00000054428","protein_coding"
"4911","ENSMUSG00000054405","protein_coding"
"4912","ENSMUSG00000056529","protein_coding"
"4913","ENSMUSG00000028886","protein_coding"
"4914","ENSMUSG00000037752","protein_coding"
"4915","ENSMUSG00000028885","protein_coding"
"4916","ENSMUSG00000028884","protein_coding"
"4917","ENSMUSG00000037731","protein_coding"
"4918","ENSMUSG00000028882","protein_coding"
"4919","ENSMUSG00000028879","protein_coding"
"4920","ENSMUSG00000028878","protein_coding"
"4921","ENSMUSG00000028874","protein_coding"
"4922","ENSMUSG00000037692","protein_coding"
"4923","ENSMUSG00000028868","protein_coding"
"4924","ENSMUSG00000049649","protein_coding"
"4925","ENSMUSG00000028865","protein_coding"
"4926","ENSMUSG00000028862","protein_coding"
"4927","ENSMUSG00000028860","protein_coding"
"4928","ENSMUSG00000028857","protein_coding"
"4929","ENSMUSG00000037622","protein_coding"
"4930","ENSMUSG00000028854","protein_coding"
"4931","ENSMUSG00000046694","protein_coding"
"4932","ENSMUSG00000056596","protein_coding"
"4933","ENSMUSG00000037600","protein_coding"
"4934","ENSMUSG00000028851","protein_coding"
"4935","ENSMUSG00000037583","protein_coding"
"4936","ENSMUSG00000028850","protein_coding"
"4937","ENSMUSG00000028848","protein_coding"
"4938","ENSMUSG00000047281","protein_coding"
"4939","ENSMUSG00000037553","protein_coding"
"4940","ENSMUSG00000043257","protein_coding"
"4941","ENSMUSG00000007880","protein_coding"
"4942","ENSMUSG00000003644","protein_coding"
"4943","ENSMUSG00000003038","protein_coding"
"4944","ENSMUSG00000012117","protein_coding"
"4945","ENSMUSG00000050966","protein_coding"
"4946","ENSMUSG00000049410","protein_coding"
"4947","ENSMUSG00000012123","protein_coding"
"4948","ENSMUSG00000000682","protein_coding"
"4949","ENSMUSG00000012126","protein_coding"
"4950","ENSMUSG00000028843","protein_coding"
"4951","ENSMUSG00000037443","protein_coding"
"4952","ENSMUSG00000073747","protein_coding"
"4953","ENSMUSG00000048003","protein_coding"
"4954","ENSMUSG00000028841","protein_coding"
"4955","ENSMUSG00000028840","protein_coding"
"4956","ENSMUSG00000086322","protein_coding"
"4957","ENSMUSG00000108398","protein_coding"
"4958","ENSMUSG00000050105","protein_coding"
"4959","ENSMUSG00000050890","protein_coding"
"4960","ENSMUSG00000028834","protein_coding"
"4961","ENSMUSG00000028836","protein_coding"
"4962","ENSMUSG00000028838","protein_coding"
"4963","ENSMUSG00000037366","protein_coding"
"4964","ENSMUSG00000028832","protein_coding"
"4965","ENSMUSG00000037348","protein_coding"
"4966","ENSMUSG00000078521","protein_coding"
"4967","ENSMUSG00000046671","protein_coding"
"4968","ENSMUSG00000050989","protein_coding"
"4969","ENSMUSG00000037306","protein_coding"
"4970","ENSMUSG00000037295","protein_coding"
"4971","ENSMUSG00000028826","protein_coding"
"4972","ENSMUSG00000028825","protein_coding"
"4973","ENSMUSG00000028822","protein_coding"
"4974","ENSMUSG00000037266","protein_coding"
"4975","ENSMUSG00000028821","protein_coding"
"4976","ENSMUSG00000070691","protein_coding"
"4977","ENSMUSG00000037242","protein_coding"
"4978","ENSMUSG00000028809","protein_coding"
"4979","ENSMUSG00000043924","protein_coding"
"4980","ENSMUSG00000059713","protein_coding"
"4981","ENSMUSG00000028803","protein_coding"
"4982","ENSMUSG00000028801","protein_coding"
"4983","ENSMUSG00000037188","protein_coding"
"4984","ENSMUSG00000062157","protein_coding"
"4985","ENSMUSG00000037157","protein_coding"
"4986","ENSMUSG00000037139","protein_coding"
"4987","ENSMUSG00000028676","protein_coding"
"4988","ENSMUSG00000028675","protein_coding"
"4989","ENSMUSG00000062585","protein_coding"
"4990","ENSMUSG00000028673","protein_coding"
"4991","ENSMUSG00000028672","protein_coding"
"4992","ENSMUSG00000028671","protein_coding"
"4993","ENSMUSG00000028670","protein_coding"
"4994","ENSMUSG00000028669","protein_coding"
"4995","ENSMUSG00000028668","protein_coding"
"4996","ENSMUSG00000059291","protein_coding"
"4997","ENSMUSG00000007872","protein_coding"
"4998","ENSMUSG00000018983","protein_coding"
"4999","ENSMUSG00000036995","protein_coding"
"5000","ENSMUSG00000001604","protein_coding"
"5001","ENSMUSG00000051351","protein_coding"
"5002","ENSMUSG00000066037","protein_coding"
"5003","ENSMUSG00000070687","protein_coding"
"5004","ENSMUSG00000001089","protein_coding"
"5005","ENSMUSG00000036940","protein_coding"
"5006","ENSMUSG00000036921","protein_coding"
"5007","ENSMUSG00000070683","protein_coding"
"5008","ENSMUSG00000028664","protein_coding"
"5009","ENSMUSG00000036905","protein_coding"
"5010","ENSMUSG00000036896","protein_coding"
"5011","ENSMUSG00000036887","protein_coding"
"5012","ENSMUSG00000028661","protein_coding"
"5013","ENSMUSG00000060862","protein_coding"
"5014","ENSMUSG00000036856","protein_coding"
"5015","ENSMUSG00000006699","protein_coding"
"5016","ENSMUSG00000078520","protein_coding"
"5017","ENSMUSG00000023433","protein_coding"
"5018","ENSMUSG00000041399","protein_coding"
"5019","ENSMUSG00000028763","protein_coding"
"5020","ENSMUSG00000094035","protein_coding"
"5021","ENSMUSG00000043411","protein_coding"
"5022","ENSMUSG00000041351","protein_coding"
"5023","ENSMUSG00000028766","protein_coding"
"5024","ENSMUSG00000121582","protein_coding"
"5025","ENSMUSG00000057530","protein_coding"
"5026","ENSMUSG00000028760","protein_coding"
"5027","ENSMUSG00000028759","protein_coding"
"5028","ENSMUSG00000045349","protein_coding"
"5029","ENSMUSG00000028758","protein_coding"
"5030","ENSMUSG00000028757","protein_coding"
"5031","ENSMUSG00000028756","protein_coding"
"5032","ENSMUSG00000028755","protein_coding"
"5033","ENSMUSG00000078235","protein_coding"
"5034","ENSMUSG00000041241","protein_coding"
"5035","ENSMUSG00000046447","protein_coding"
"5036","ENSMUSG00000028753","protein_coding"
"5037","ENSMUSG00000043621","protein_coding"
"5038","ENSMUSG00000028750","protein_coding"
"5039","ENSMUSG00000028749","protein_coding"
"5040","ENSMUSG00000041202","protein_coding"
"5041","ENSMUSG00000041193","protein_coding"
"5042","ENSMUSG00000058908","protein_coding"
"5043","ENSMUSG00000078518","protein_coding"
"5044","ENSMUSG00000028751","protein_coding"
"5045","ENSMUSG00000041161","protein_coding"
"5046","ENSMUSG00000070661","protein_coding"
"5047","ENSMUSG00000041143","protein_coding"
"5048","ENSMUSG00000028747","protein_coding"
"5049","ENSMUSG00000041120","protein_coding"
"5050","ENSMUSG00000050608","protein_coding"
"5051","ENSMUSG00000028745","protein_coding"
"5052","ENSMUSG00000028744","protein_coding"
"5053","ENSMUSG00000028743","protein_coding"
"5054","ENSMUSG00000028741","protein_coding"
"5055","ENSMUSG00000078517","protein_coding"
"5056","ENSMUSG00000066036","protein_coding"
"5057","ENSMUSG00000041025","protein_coding"
"5058","ENSMUSG00000094439","protein_coding"
"5059","ENSMUSG00000028737","protein_coding"
"5060","ENSMUSG00000028738","protein_coding"
"5061","ENSMUSG00000028736","protein_coding"
"5062","ENSMUSG00000078234","protein_coding"
"5063","ENSMUSG00000040972","protein_coding"
"5064","ENSMUSG00000040964","protein_coding"
"5065","ENSMUSG00000040945","protein_coding"
"5066","ENSMUSG00000040935","protein_coding"
"5067","ENSMUSG00000025330","protein_coding"
"5068","ENSMUSG00000025328","protein_coding"
"5069","ENSMUSG00000025329","protein_coding"
"5070","ENSMUSG00000028927","protein_coding"
"5071","ENSMUSG00000009863","protein_coding"
"5072","ENSMUSG00000036622","protein_coding"
"5073","ENSMUSG00000060572","protein_coding"
"5074","ENSMUSG00000040860","protein_coding"
"5075","ENSMUSG00000028923","protein_coding"
"5076","ENSMUSG00000045004","protein_coding"
"5077","ENSMUSG00000040842","protein_coding"
"5078","ENSMUSG00000028920","protein_coding"
"5079","ENSMUSG00000073733","protein_coding"
"5080","ENSMUSG00000028919","protein_coding"
"5081","ENSMUSG00000006445","protein_coding"
"5082","ENSMUSG00000006218","protein_coding"
"5083","ENSMUSG00000033770","protein_coding"
"5084","ENSMUSG00000006216","protein_coding"
"5085","ENSMUSG00000006221","protein_coding"
"5086","ENSMUSG00000070637","protein_coding"
"5087","ENSMUSG00000006215","protein_coding"
"5088","ENSMUSG00000040761","protein_coding"
"5089","ENSMUSG00000006219","protein_coding"
"5090","ENSMUSG00000043085","protein_coding"
"5091","ENSMUSG00000040740","protein_coding"
"5092","ENSMUSG00000028917","protein_coding"
"5093","ENSMUSG00000078515","protein_coding"
"5094","ENSMUSG00000040715","protein_coding"
"5095","ENSMUSG00000040706","protein_coding"
"5096","ENSMUSG00000040697","protein_coding"
"5097","ENSMUSG00000028914","protein_coding"
"5098","ENSMUSG00000058579","protein_coding"
"5099","ENSMUSG00000062478","protein_coding"
"5100","ENSMUSG00000040659","protein_coding"
"5101","ENSMUSG00000051435","protein_coding"
"5102","ENSMUSG00000040616","protein_coding"
"5103","ENSMUSG00000040606","protein_coding"
"5104","ENSMUSG00000110067","protein_coding"
"5105","ENSMUSG00000057637","protein_coding"
"5106","ENSMUSG00000028583","protein_coding"
"5107","ENSMUSG00000028584","protein_coding"
"5108","ENSMUSG00000041805","protein_coding"
"5109","ENSMUSG00000046862","protein_coding"
"5110","ENSMUSG00000047799","protein_coding"
"5111","ENSMUSG00000095409","protein_coding"
"5112","ENSMUSG00000070616","protein_coding"
"5113","ENSMUSG00000096154","protein_coding"
"5114","ENSMUSG00000070618","protein_coding"
"5115","ENSMUSG00000066688","protein_coding"
"5116","ENSMUSG00000078513","protein_coding"
"5117","ENSMUSG00000070617","protein_coding"
"5118","ENSMUSG00000046435","protein_coding"
"5119","ENSMUSG00000066031","protein_coding"
"5120","ENSMUSG00000059218","protein_coding"
"5121","ENSMUSG00000029451","protein_coding"
"5122","ENSMUSG00000078512","protein_coding"
"5123","ENSMUSG00000078511","protein_coding"
"5124","ENSMUSG00000078510","protein_coding"
"5125","ENSMUSG00000078509","protein_coding"
"5126","ENSMUSG00000073724","protein_coding"
"5127","ENSMUSG00000073723","protein_coding"
"5128","ENSMUSG00000050810","protein_coding"
"5129","ENSMUSG00000066030","protein_coding"
"5130","ENSMUSG00000046262","protein_coding"
"5131","ENSMUSG00000036749","protein_coding"
"5132","ENSMUSG00000078508","protein_coding"
"5133","ENSMUSG00000070619","protein_coding"
"5134","ENSMUSG00000073721","protein_coding"
"5135","ENSMUSG00000028591","protein_coding"
"5136","ENSMUSG00000028589","protein_coding"
"5137","ENSMUSG00000078507","protein_coding"
"5138","ENSMUSG00000028593","protein_coding"
"5139","ENSMUSG00000078506","protein_coding"
"5140","ENSMUSG00000070609","protein_coding"
"5141","ENSMUSG00000078505","protein_coding"
"5142","ENSMUSG00000041735","protein_coding"
"5143","ENSMUSG00000078504","protein_coding"
"5144","ENSMUSG00000066026","protein_coding"
"5145","ENSMUSG00000020220","protein_coding"
"5146","ENSMUSG00000028599","protein_coding"
"5147","ENSMUSG00000028602","protein_coding"
"5148","ENSMUSG00000078503","protein_coding"
"5149","ENSMUSG00000078502","protein_coding"
"5150","ENSMUSG00000058186","protein_coding"
"5151","ENSMUSG00000078500","protein_coding"
"5152","ENSMUSG00000066009","protein_coding"
"5153","ENSMUSG00000066007","protein_coding"
"5154","ENSMUSG00000070605","protein_coding"
"5155","ENSMUSG00000056300","protein_coding"
"5156","ENSMUSG00000063245","protein_coding"
"5157","ENSMUSG00000045699","protein_coding"
"5158","ENSMUSG00000086147","protein_coding"
"5159","ENSMUSG00000067919","protein_coding"
"5160","ENSMUSG00000067916","protein_coding"
"5161","ENSMUSG00000078498","protein_coding"
"5162","ENSMUSG00000078497","protein_coding"
"5163","ENSMUSG00000078496","protein_coding"
"5164","ENSMUSG00000065999","protein_coding"
"5165","ENSMUSG00000066000","protein_coding"
"5166","ENSMUSG00000062518","protein_coding"
"5167","ENSMUSG00000078495","protein_coding"
"5168","ENSMUSG00000059423","protein_coding"
"5169","ENSMUSG00000029022","protein_coding"
"5170","ENSMUSG00000070583","protein_coding"
"5171","ENSMUSG00000029020","protein_coding"
"5172","ENSMUSG00000019055","protein_coding"
"5173","ENSMUSG00000044496","protein_coding"
"5174","ENSMUSG00000029019","protein_coding"
"5175","ENSMUSG00000041616","protein_coding"
"5176","ENSMUSG00000029016","protein_coding"
"5177","ENSMUSG00000029009","protein_coding"
"5178","ENSMUSG00000029007","protein_coding"
"5179","ENSMUSG00000029005","protein_coding"
"5180","ENSMUSG00000029003","protein_coding"
"5181","ENSMUSG00000055401","protein_coding"
"5182","ENSMUSG00000029001","protein_coding"
"5183","ENSMUSG00000041556","protein_coding"
"5184","ENSMUSG00000041544","protein_coding"
"5185","ENSMUSG00000047719","protein_coding"
"5186","ENSMUSG00000028991","protein_coding"
"5187","ENSMUSG00000028989","protein_coding"
"5188","ENSMUSG00000017264","protein_coding"
"5189","ENSMUSG00000006442","protein_coding"
"5190","ENSMUSG00000028979","protein_coding"
"5191","ENSMUSG00000041459","protein_coding"
"5192","ENSMUSG00000070577","protein_coding"
"5193","ENSMUSG00000028977","protein_coding"
"5194","ENSMUSG00000028975","protein_coding"
"5195","ENSMUSG00000028974","protein_coding"
"5196","ENSMUSG00000028971","protein_coding"
"5197","ENSMUSG00000073705","protein_coding"
"5198","ENSMUSG00000028961","protein_coding"
"5199","ENSMUSG00000063077","protein_coding"
"5200","ENSMUSG00000028960","protein_coding"
"5201","ENSMUSG00000028996","protein_coding"
"5202","ENSMUSG00000028992","protein_coding"
"5203","ENSMUSG00000087198","protein_coding"
"5204","ENSMUSG00000028990","protein_coding"
"5205","ENSMUSG00000028988","protein_coding"
"5206","ENSMUSG00000039953","protein_coding"
"5207","ENSMUSG00000039936","protein_coding"
"5208","ENSMUSG00000044700","protein_coding"
"5209","ENSMUSG00000028982","protein_coding"
"5210","ENSMUSG00000039911","protein_coding"
"5211","ENSMUSG00000028980","protein_coding"
"5212","ENSMUSG00000047875","protein_coding"
"5213","ENSMUSG00000028976","protein_coding"
"5214","ENSMUSG00000062064","protein_coding"
"5215","ENSMUSG00000028972","protein_coding"
"5216","ENSMUSG00000063524","protein_coding"
"5217","ENSMUSG00000039852","protein_coding"
"5218","ENSMUSG00000039838","protein_coding"
"5219","ENSMUSG00000028967","protein_coding"
"5220","ENSMUSG00000028964","protein_coding"
"5221","ENSMUSG00000028965","protein_coding"
"5222","ENSMUSG00000014592","protein_coding"
"5223","ENSMUSG00000028963","protein_coding"
"5224","ENSMUSG00000028957","protein_coding"
"5225","ENSMUSG00000028955","protein_coding"
"5226","ENSMUSG00000039768","protein_coding"
"5227","ENSMUSG00000039759","protein_coding"
"5228","ENSMUSG00000047777","protein_coding"
"5229","ENSMUSG00000073700","protein_coding"
"5230","ENSMUSG00000028952","protein_coding"
"5231","ENSMUSG00000028950","protein_coding"
"5232","ENSMUSG00000028948","protein_coding"
"5233","ENSMUSG00000039713","protein_coding"
"5234","ENSMUSG00000024793","protein_coding"
"5235","ENSMUSG00000028943","protein_coding"
"5236","ENSMUSG00000028940","protein_coding"
"5237","ENSMUSG00000028937","protein_coding"
"5238","ENSMUSG00000042804","protein_coding"
"5239","ENSMUSG00000028946","protein_coding"
"5240","ENSMUSG00000039662","protein_coding"
"5241","ENSMUSG00000058498","protein_coding"
"5242","ENSMUSG00000028936","protein_coding"
"5243","ENSMUSG00000005045","protein_coding"
"5244","ENSMUSG00000028931","protein_coding"
"5245","ENSMUSG00000039577","protein_coding"
"5246","ENSMUSG00000039546","protein_coding"
"5247","ENSMUSG00000047613","protein_coding"
"5248","ENSMUSG00000029027","protein_coding"
"5249","ENSMUSG00000039523","protein_coding"
"5250","ENSMUSG00000029028","protein_coding"
"5251","ENSMUSG00000078350","protein_coding"
"5252","ENSMUSG00000039492","protein_coding"
"5253","ENSMUSG00000029026","protein_coding"
"5254","ENSMUSG00000029029","protein_coding"
"5255","ENSMUSG00000029030","protein_coding"
"5256","ENSMUSG00000057751","protein_coding"
"5257","ENSMUSG00000029032","protein_coding"
"5258","ENSMUSG00000039410","protein_coding"
"5259","ENSMUSG00000051276","protein_coding"
"5260","ENSMUSG00000046637","protein_coding"
"5261","ENSMUSG00000058183","protein_coding"
"5262","ENSMUSG00000029059","protein_coding"
"5263","ENSMUSG00000042333","protein_coding"
"5264","ENSMUSG00000048001","protein_coding"
"5265","ENSMUSG00000029056","protein_coding"
"5266","ENSMUSG00000029055","protein_coding"
"5267","ENSMUSG00000029047","protein_coding"
"5268","ENSMUSG00000029048","protein_coding"
"5269","ENSMUSG00000029049","protein_coding"
"5270","ENSMUSG00000029050","protein_coding"
"5271","ENSMUSG00000073684","protein_coding"
"5272","ENSMUSG00000029053","protein_coding"
"5273","ENSMUSG00000029054","protein_coding"
"5274","ENSMUSG00000078490","protein_coding"
"5275","ENSMUSG00000023153","protein_coding"
"5276","ENSMUSG00000029064","protein_coding"
"5277","ENSMUSG00000029063","protein_coding"
"5278","ENSMUSG00000042202","protein_coding"
"5279","ENSMUSG00000029062","protein_coding"
"5280","ENSMUSG00000029061","protein_coding"
"5281","ENSMUSG00000029060","protein_coding"
"5282","ENSMUSG00000074738","protein_coding"
"5283","ENSMUSG00000029038","protein_coding"
"5284","ENSMUSG00000084845","protein_coding"
"5285","ENSMUSG00000029036","protein_coding"
"5286","ENSMUSG00000042116","protein_coding"
"5287","ENSMUSG00000073680","protein_coding"
"5288","ENSMUSG00000078487","protein_coding"
"5289","ENSMUSG00000029066","protein_coding"
"5290","ENSMUSG00000029068","protein_coding"
"5291","ENSMUSG00000065990","protein_coding"
"5292","ENSMUSG00000029070","protein_coding"
"5293","ENSMUSG00000029071","protein_coding"
"5294","ENSMUSG00000029072","protein_coding"
"5295","ENSMUSG00000029073","protein_coding"
"5296","ENSMUSG00000029034","protein_coding"
"5297","ENSMUSG00000051557","protein_coding"
"5298","ENSMUSG00000029033","protein_coding"
"5299","ENSMUSG00000023286","protein_coding"
"5300","ENSMUSG00000023571","protein_coding"
"5301","ENSMUSG00000050796","protein_coding"
"5302","ENSMUSG00000029076","protein_coding"
"5303","ENSMUSG00000029075","protein_coding"
"5304","ENSMUSG00000041954","protein_coding"
"5305","ENSMUSG00000029074","protein_coding"
"5306","ENSMUSG00000059939","protein_coding"
"5307","ENSMUSG00000110404","protein_coding"
"5308","ENSMUSG00000041936","protein_coding"
"5309","ENSMUSG00000035692","protein_coding"
"5310","ENSMUSG00000078486","protein_coding"
"5311","ENSMUSG00000078485","protein_coding"
"5312","ENSMUSG00002076083","protein_coding"
"5313","ENSMUSG00000095567","protein_coding"
"5314","ENSMUSG00000096351","protein_coding"
"5315","ENSMUSG00000057021","protein_coding"
"5316","ENSMUSG00000098947","protein_coding"
"5317","ENSMUSG00000040274","protein_coding"
"5318","ENSMUSG00000058503","protein_coding"
"5319","ENSMUSG00000008307","protein_coding"
"5320","ENSMUSG00000040302","protein_coding"
"5321","ENSMUSG00000005907","protein_coding"
"5322","ENSMUSG00000007415","protein_coding"
"5323","ENSMUSG00000014529","protein_coding"
"5324","ENSMUSG00000040351","protein_coding"
"5325","ENSMUSG00000000600","protein_coding"
"5326","ENSMUSG00000040367","protein_coding"
"5327","ENSMUSG00000040429","protein_coding"
"5328","ENSMUSG00000040407","protein_coding"
"5329","ENSMUSG00000001467","protein_coding"
"5330","ENSMUSG00000053178","protein_coding"
"5331","ENSMUSG00000044674","protein_coding"
"5332","ENSMUSG00000028926","protein_coding"
"5333","ENSMUSG00000079666","protein_coding"
"5334","ENSMUSG00000046798","protein_coding"
"5335","ENSMUSG00000040464","protein_coding"
"5336","ENSMUSG00000073234","protein_coding"
"5337","ENSMUSG00000040473","protein_coding"
"5338","ENSMUSG00000015653","protein_coding"
"5339","ENSMUSG00000015652","protein_coding"
"5340","ENSMUSG00000092094","protein_coding"
"5341","ENSMUSG00000040514","protein_coding"
"5342","ENSMUSG00000012428","protein_coding"
"5343","ENSMUSG00000003161","protein_coding"
"5344","ENSMUSG00000040537","protein_coding"
"5345","ENSMUSG00000002297","protein_coding"
"5346","ENSMUSG00000054099","protein_coding"
"5347","ENSMUSG00000040570","protein_coding"
"5348","ENSMUSG00000040584","protein_coding"
"5349","ENSMUSG00000028970","protein_coding"
"5350","ENSMUSG00000042476","protein_coding"
"5351","ENSMUSG00000003623","protein_coding"
"5352","ENSMUSG00000079659","protein_coding"
"5353","ENSMUSG00000042508","protein_coding"
"5354","ENSMUSG00000056004","protein_coding"
"5355","ENSMUSG00000003974","protein_coding"
"5356","ENSMUSG00000069355","protein_coding"
"5357","ENSMUSG00000091933","protein_coding"
"5358","ENSMUSG00000095710","protein_coding"
"5359","ENSMUSG00000094025","protein_coding"
"5360","ENSMUSG00000095918","protein_coding"
"5361","ENSMUSG00000096846","protein_coding"
"5362","ENSMUSG00000095829","protein_coding"
"5363","ENSMUSG00000096732","protein_coding"
"5364","ENSMUSG00000095296","protein_coding"
"5365","ENSMUSG00000091903","protein_coding"
"5366","ENSMUSG00000094105","protein_coding"
"5367","ENSMUSG00000094205","protein_coding"
"5368","ENSMUSG00000067848","protein_coding"
"5369","ENSMUSG00000040254","protein_coding"
"5370","ENSMUSG00000028883","protein_coding"
"5371","ENSMUSG00000067855","protein_coding"
"5372","ENSMUSG00000063531","protein_coding"
"5373","ENSMUSG00000061601","protein_coding"
"5374","ENSMUSG00000033219","protein_coding"
"5375","ENSMUSG00000091255","protein_coding"
"5376","ENSMUSG00000072188","protein_coding"
"5377","ENSMUSG00000091897","protein_coding"
"5378","ENSMUSG00000099762","protein_coding"
"5379","ENSMUSG00000106445","protein_coding"
"5380","ENSMUSG00000096878","protein_coding"
"5381","ENSMUSG00000070933","protein_coding"
"5382","ENSMUSG00000069720","protein_coding"
"5383","ENSMUSG00000073208","protein_coding"
"5384","ENSMUSG00000040118","protein_coding"
"5385","ENSMUSG00000028864","protein_coding"
"5386","ENSMUSG00000109903","protein_coding"
"5387","ENSMUSG00000091827","protein_coding"
"5388","ENSMUSG00000058643","protein_coding"
"5389","ENSMUSG00000028780","protein_coding"
"5390","ENSMUSG00000002944","protein_coding"
"5391","ENSMUSG00000028777","protein_coding"
"5392","ENSMUSG00000057614","protein_coding"
"5393","ENSMUSG00000040003","protein_coding"
"5394","ENSMUSG00000039987","protein_coding"
"5395","ENSMUSG00000045435","protein_coding"
"5396","ENSMUSG00000039968","protein_coding"
"5397","ENSMUSG00000028771","protein_coding"
"5398","ENSMUSG00000039934","protein_coding"
"5399","ENSMUSG00000064280","protein_coding"
"5400","ENSMUSG00000039899","protein_coding"
"5401","ENSMUSG00000047221","protein_coding"
"5402","ENSMUSG00000048520","protein_coding"
"5403","ENSMUSG00000039883","protein_coding"
"5404","ENSMUSG00000038525","protein_coding"
"5405","ENSMUSG00000044968","protein_coding"
"5406","ENSMUSG00000029017","protein_coding"
"5407","ENSMUSG00000029014","protein_coding"
"5408","ENSMUSG00000028932","protein_coding"
"5409","ENSMUSG00000029015","protein_coding"
"5410","ENSMUSG00000042453","protein_coding"
"5411","ENSMUSG00000029012","protein_coding"
"5412","ENSMUSG00000106379","protein_coding"
"5413","ENSMUSG00000029004","protein_coding"
"5414","ENSMUSG00000062604","protein_coding"
"5415","ENSMUSG00000057541","protein_coding"
"5416","ENSMUSG00000028999","protein_coding"
"5417","ENSMUSG00000028998","protein_coding"
"5418","ENSMUSG00000028995","protein_coding"
"5419","ENSMUSG00000028986","protein_coding"
"5420","ENSMUSG00000048439","protein_coding"
"5421","ENSMUSG00000038319","protein_coding"
"5422","ENSMUSG00000028978","protein_coding"
"5423","ENSMUSG00000038295","protein_coding"
"5424","ENSMUSG00000028973","protein_coding"
"5425","ENSMUSG00000038276","protein_coding"
"5426","ENSMUSG00000028969","protein_coding"
"5427","ENSMUSG00000028962","protein_coding"
"5428","ENSMUSG00000028959","protein_coding"
"5429","ENSMUSG00000028958","protein_coding"
"5430","ENSMUSG00000023353","protein_coding"
"5431","ENSMUSG00000067724","protein_coding"
"5432","ENSMUSG00000038204","protein_coding"
"5433","ENSMUSG00000038199","protein_coding"
"5434","ENSMUSG00000028953","protein_coding"
"5435","ENSMUSG00000038181","protein_coding"
"5436","ENSMUSG00000028949","protein_coding"
"5437","ENSMUSG00000028954","protein_coding"
"5438","ENSMUSG00000055235","protein_coding"
"5439","ENSMUSG00000038135","protein_coding"
"5440","ENSMUSG00000028945","protein_coding"
"5441","ENSMUSG00000028944","protein_coding"
"5442","ENSMUSG00000028938","protein_coding"
"5443","ENSMUSG00000038072","protein_coding"
"5444","ENSMUSG00000054116","protein_coding"
"5445","ENSMUSG00000038056","protein_coding"
"5446","ENSMUSG00000038044","protein_coding"
"5447","ENSMUSG00000028933","protein_coding"
"5448","ENSMUSG00000056367","protein_coding"
"5449","ENSMUSG00000104824","protein_coding"
"5450","ENSMUSG00000095550","protein_coding"
"5451","ENSMUSG00000106627","protein_coding"
"5452","ENSMUSG00000096045","protein_coding"
"5453","ENSMUSG00000091049","protein_coding"
"5454","ENSMUSG00000067700","protein_coding"
"5455","ENSMUSG00000073119","protein_coding"
"5456","ENSMUSG00000073117","protein_coding"
"5457","ENSMUSG00000073116","protein_coding"
"5458","ENSMUSG00000051940","protein_coding"
"5459","ENSMUSG00000067698","protein_coding"
"5460","ENSMUSG00000059645","protein_coding"
"5461","ENSMUSG00000061576","protein_coding"
"5462","ENSMUSG00000048703","protein_coding"
"5463","ENSMUSG00000002221","protein_coding"
"5464","ENSMUSG00000039106","protein_coding"
"5465","ENSMUSG00000045294","protein_coding"
"5466","ENSMUSG00000039095","protein_coding"
"5467","ENSMUSG00000044681","protein_coding"
"5468","ENSMUSG00000048271","protein_coding"
"5469","ENSMUSG00000002633","protein_coding"
"5470","ENSMUSG00000029130","protein_coding"
"5471","ENSMUSG00000010721","protein_coding"
"5472","ENSMUSG00000001569","protein_coding"
"5473","ENSMUSG00000001566","protein_coding"
"5474","ENSMUSG00000039000","protein_coding"
"5475","ENSMUSG00000029131","protein_coding"
"5476","ENSMUSG00000025746","protein_coding"
"5477","ENSMUSG00000025747","protein_coding"
"5478","ENSMUSG00000044576","protein_coding"
"5479","ENSMUSG00000025745","protein_coding"
"5480","ENSMUSG00000059447","protein_coding"
"5481","ENSMUSG00000067642","protein_coding"
"5482","ENSMUSG00000075703","protein_coding"
"5483","ENSMUSG00000073102","protein_coding"
"5484","ENSMUSG00000062372","protein_coding"
"5485","ENSMUSG00000029182","protein_coding"
"5486","ENSMUSG00000053194","protein_coding"
"5487","ENSMUSG00000049265","protein_coding"
"5488","ENSMUSG00000029175","protein_coding"
"5489","ENSMUSG00000029177","protein_coding"
"5490","ENSMUSG00000029168","protein_coding"
"5491","ENSMUSG00000029166","protein_coding"
"5492","ENSMUSG00000038828","protein_coding"
"5493","ENSMUSG00000029165","protein_coding"
"5494","ENSMUSG00000038803","protein_coding"
"5495","ENSMUSG00000029163","protein_coding"
"5496","ENSMUSG00000029162","protein_coding"
"5497","ENSMUSG00000029161","protein_coding"
"5498","ENSMUSG00000006638","protein_coding"
"5499","ENSMUSG00000045302","protein_coding"
"5500","ENSMUSG00000006642","protein_coding"
"5501","ENSMUSG00000006641","protein_coding"
"5502","ENSMUSG00000013622","protein_coding"
"5503","ENSMUSG00000013629","protein_coding"
"5504","ENSMUSG00000029151","protein_coding"
"5505","ENSMUSG00000053856","protein_coding"
"5506","ENSMUSG00000062077","protein_coding"
"5507","ENSMUSG00000038676","protein_coding"
"5508","ENSMUSG00000107283","protein_coding"
"5509","ENSMUSG00000101678","protein_coding"
"5510","ENSMUSG00000106864","protein_coding"
"5511","ENSMUSG00000029145","protein_coding"
"5512","ENSMUSG00000029146","protein_coding"
"5513","ENSMUSG00000043059","protein_coding"
"5514","ENSMUSG00000029147","protein_coding"
"5515","ENSMUSG00000029148","protein_coding"
"5516","ENSMUSG00000029149","protein_coding"
"5517","ENSMUSG00000038564","protein_coding"
"5518","ENSMUSG00000038552","protein_coding"
"5519","ENSMUSG00000059434","protein_coding"
"5520","ENSMUSG00000062761","protein_coding"
"5521","ENSMUSG00000029138","protein_coding"
"5522","ENSMUSG00000064037","protein_coding"
"5523","ENSMUSG00000053134","protein_coding"
"5524","ENSMUSG00000029141","protein_coding"
"5525","ENSMUSG00000106918","protein_coding"
"5526","ENSMUSG00000029136","protein_coding"
"5527","ENSMUSG00000052139","protein_coding"
"5528","ENSMUSG00000029135","protein_coding"
"5529","ENSMUSG00000029134","protein_coding"
"5530","ENSMUSG00000014956","protein_coding"
"5531","ENSMUSG00000014932","protein_coding"
"5532","ENSMUSG00000023452","protein_coding"
"5533","ENSMUSG00000054280","protein_coding"
"5534","ENSMUSG00000037426","protein_coding"
"5535","ENSMUSG00000018965","protein_coding"
"5536","ENSMUSG00000011034","protein_coding"
"5537","ENSMUSG00000037379","protein_coding"
"5538","ENSMUSG00000037373","protein_coding"
"5539","ENSMUSG00000079562","protein_coding"
"5540","ENSMUSG00000037355","protein_coding"
"5541","ENSMUSG00000029112","protein_coding"
"5542","ENSMUSG00000037339","protein_coding"
"5543","ENSMUSG00000004642","protein_coding"
"5544","ENSMUSG00000019295","protein_coding"
"5545","ENSMUSG00000037313","protein_coding"
"5546","ENSMUSG00000054252","protein_coding"
"5547","ENSMUSG00000005299","protein_coding"
"5548","ENSMUSG00000057406","protein_coding"
"5549","ENSMUSG00000029111","protein_coding"
"5550","ENSMUSG00000070858","protein_coding"
"5551","ENSMUSG00000048142","protein_coding"
"5552","ENSMUSG00000045102","protein_coding"
"5553","ENSMUSG00000079555","protein_coding"
"5554","ENSMUSG00000037235","protein_coding"
"5555","ENSMUSG00000037224","protein_coding"
"5556","ENSMUSG00000109572","protein_coding"
"5557","ENSMUSG00000029110","protein_coding"
"5558","ENSMUSG00000037210","protein_coding"
"5559","ENSMUSG00000059866","protein_coding"
"5560","ENSMUSG00000054520","protein_coding"
"5561","ENSMUSG00000029106","protein_coding"
"5562","ENSMUSG00000001082","protein_coding"
"5563","ENSMUSG00000036693","protein_coding"
"5564","ENSMUSG00000052783","protein_coding"
"5565","ENSMUSG00000029104","protein_coding"
"5566","ENSMUSG00000051246","protein_coding"
"5567","ENSMUSG00000029101","protein_coding"
"5568","ENSMUSG00000029102","protein_coding"
"5569","ENSMUSG00000044716","protein_coding"
"5570","ENSMUSG00000029103","protein_coding"
"5571","ENSMUSG00000045318","protein_coding"
"5572","ENSMUSG00000067438","protein_coding"
"5573","ENSMUSG00000036596","protein_coding"
"5574","ENSMUSG00000029097","protein_coding"
"5575","ENSMUSG00000029098","protein_coding"
"5576","ENSMUSG00000029096","protein_coding"
"5577","ENSMUSG00000036553","protein_coding"
"5578","ENSMUSG00000029095","protein_coding"
"5579","ENSMUSG00000029094","protein_coding"
"5580","ENSMUSG00000029093","protein_coding"
"5581","ENSMUSG00000043430","protein_coding"
"5582","ENSMUSG00000029198","protein_coding"
"5583","ENSMUSG00000029196","protein_coding"
"5584","ENSMUSG00000050677","protein_coding"
"5585","ENSMUSG00000029192","protein_coding"
"5586","ENSMUSG00000029190","protein_coding"
"5587","ENSMUSG00000060708","protein_coding"
"5588","ENSMUSG00000055302","protein_coding"
"5589","ENSMUSG00000029119","protein_coding"
"5590","ENSMUSG00000029120","protein_coding"
"5591","ENSMUSG00000039474","protein_coding"
"5592","ENSMUSG00000063646","protein_coding"
"5593","ENSMUSG00000117286","protein_coding"
"5594","ENSMUSG00000113373","protein_coding"
"5595","ENSMUSG00000029121","protein_coding"
"5596","ENSMUSG00000029122","protein_coding"
"5597","ENSMUSG00000050248","protein_coding"
"5598","ENSMUSG00000029123","protein_coding"
"5599","ENSMUSG00000062329","protein_coding"
"5600","ENSMUSG00000048450","protein_coding"
"5601","ENSMUSG00000029125","protein_coding"
"5602","ENSMUSG00000029126","protein_coding"
"5603","ENSMUSG00000029127","protein_coding"
"5604","ENSMUSG00000067367","protein_coding"
"5605","ENSMUSG00000067365","protein_coding"
"5606","ENSMUSG00000051596","protein_coding"
"5607","ENSMUSG00000039358","protein_coding"
"5608","ENSMUSG00000005107","protein_coding"
"5609","ENSMUSG00000005103","protein_coding"
"5610","ENSMUSG00000046572","protein_coding"
"5611","ENSMUSG00000039315","protein_coding"
"5612","ENSMUSG00000051022","protein_coding"
"5613","ENSMUSG00000029128","protein_coding"
"5614","ENSMUSG00000049691","protein_coding"
"5615","ENSMUSG00000061755","protein_coding"
"5616","ENSMUSG00000039782","protein_coding"
"5617","ENSMUSG00000061535","protein_coding"
"5618","ENSMUSG00000039765","protein_coding"
"5619","ENSMUSG00000039753","protein_coding"
"5620","ENSMUSG00000029082","protein_coding"
"5621","ENSMUSG00000029084","protein_coding"
"5622","ENSMUSG00000033036","protein_coding"
"5623","ENSMUSG00000048373","protein_coding"
"5624","ENSMUSG00000029086","protein_coding"
"5625","ENSMUSG00000046985","protein_coding"
"5626","ENSMUSG00000039706","protein_coding"
"5627","ENSMUSG00000015806","protein_coding"
"5628","ENSMUSG00000049530","protein_coding"
"5629","ENSMUSG00000039682","protein_coding"
"5630","ENSMUSG00000015804","protein_coding"
"5631","ENSMUSG00000015879","protein_coding"
"5632","ENSMUSG00000015880","protein_coding"
"5633","ENSMUSG00000015882","protein_coding"
"5634","ENSMUSG00000031558","protein_coding"
"5635","ENSMUSG00000029089","protein_coding"
"5636","ENSMUSG00000029088","protein_coding"
"5637","ENSMUSG00000029090","protein_coding"
"5638","ENSMUSG00000029167","protein_coding"
"5639","ENSMUSG00000029169","protein_coding"
"5640","ENSMUSG00000072941","protein_coding"
"5641","ENSMUSG00000045790","protein_coding"
"5642","ENSMUSG00000039252","protein_coding"
"5643","ENSMUSG00000029173","protein_coding"
"5644","ENSMUSG00000029186","protein_coding"
"5645","ENSMUSG00000029179","protein_coding"
"5646","ENSMUSG00000029176","protein_coding"
"5647","ENSMUSG00000029188","protein_coding"
"5648","ENSMUSG00000029189","protein_coding"
"5649","ENSMUSG00000061461","protein_coding"
"5650","ENSMUSG00000039191","protein_coding"
"5651","ENSMUSG00000029193","protein_coding"
"5652","ENSMUSG00000039178","protein_coding"
"5653","ENSMUSG00000039156","protein_coding"
"5654","ENSMUSG00000029108","protein_coding"
"5655","ENSMUSG00000089992","protein_coding"
"5656","ENSMUSG00000037999","protein_coding"
"5657","ENSMUSG00000090326","protein_coding"
"5658","ENSMUSG00000090061","protein_coding"
"5659","ENSMUSG00000060512","protein_coding"
"5660","ENSMUSG00000047881","protein_coding"
"5661","ENSMUSG00000029171","protein_coding"
"5662","ENSMUSG00000029174","protein_coding"
"5663","ENSMUSG00000029178","protein_coding"
"5664","ENSMUSG00000044827","protein_coding"
"5665","ENSMUSG00000051498","protein_coding"
"5666","ENSMUSG00000029185","protein_coding"
"5667","ENSMUSG00000037913","protein_coding"
"5668","ENSMUSG00000054920","protein_coding"
"5669","ENSMUSG00000037890","protein_coding"
"5670","ENSMUSG00000029191","protein_coding"
"5671","ENSMUSG00000029195","protein_coding"
"5672","ENSMUSG00000047215","protein_coding"
"5673","ENSMUSG00000029199","protein_coding"
"5674","ENSMUSG00000029201","protein_coding"
"5675","ENSMUSG00000105835","protein_coding"
"5676","ENSMUSG00000037822","protein_coding"
"5677","ENSMUSG00000029203","protein_coding"
"5678","ENSMUSG00000029202","protein_coding"
"5679","ENSMUSG00000037795","protein_coding"
"5680","ENSMUSG00000029204","protein_coding"
"5681","ENSMUSG00000029205","protein_coding"
"5682","ENSMUSG00000070780","protein_coding"
"5683","ENSMUSG00000029206","protein_coding"
"5684","ENSMUSG00000029207","protein_coding"
"5685","ENSMUSG00000121580","protein_coding"
"5686","ENSMUSG00000029223","protein_coding"
"5687","ENSMUSG00000037736","protein_coding"
"5688","ENSMUSG00000012520","protein_coding"
"5689","ENSMUSG00000037720","protein_coding"
"5690","ENSMUSG00000029221","protein_coding"
"5691","ENSMUSG00000092060","protein_coding"
"5692","ENSMUSG00000050010","protein_coding"
"5693","ENSMUSG00000037685","protein_coding"
"5694","ENSMUSG00000068082","protein_coding"
"5695","ENSMUSG00000037653","protein_coding"
"5696","ENSMUSG00000029158","protein_coding"
"5697","ENSMUSG00000029208","protein_coding"
"5698","ENSMUSG00000029209","protein_coding"
"5699","ENSMUSG00000001260","protein_coding"
"5700","ENSMUSG00000000560","protein_coding"
"5701","ENSMUSG00000049387","protein_coding"
"5702","ENSMUSG00000029211","protein_coding"
"5703","ENSMUSG00000029212","protein_coding"
"5704","ENSMUSG00000029213","protein_coding"
"5705","ENSMUSG00000046808","protein_coding"
"5706","ENSMUSG00000005220","protein_coding"
"5707","ENSMUSG00000072889","protein_coding"
"5708","ENSMUSG00000063935","protein_coding"
"5709","ENSMUSG00000060204","protein_coding"
"5710","ENSMUSG00000067220","protein_coding"
"5711","ENSMUSG00000067219","protein_coding"
"5712","ENSMUSG00000054892","protein_coding"
"5713","ENSMUSG00000029217","protein_coding"
"5714","ENSMUSG00000036087","protein_coding"
"5715","ENSMUSG00000063656","protein_coding"
"5716","ENSMUSG00000029219","protein_coding"
"5717","ENSMUSG00000070733","protein_coding"
"5718","ENSMUSG00000029152","protein_coding"
"5719","ENSMUSG00000029153","protein_coding"
"5720","ENSMUSG00000029154","protein_coding"
"5721","ENSMUSG00000051674","protein_coding"
"5722","ENSMUSG00000067206","protein_coding"
"5723","ENSMUSG00000029156","protein_coding"
"5724","ENSMUSG00000029155","protein_coding"
"5725","ENSMUSG00000054814","protein_coding"
"5726","ENSMUSG00000049907","protein_coding"
"5727","ENSMUSG00000062110","protein_coding"
"5728","ENSMUSG00000029227","protein_coding"
"5729","ENSMUSG00000029228","protein_coding"
"5730","ENSMUSG00000029229","protein_coding"
"5731","ENSMUSG00000035946","protein_coding"
"5732","ENSMUSG00000029231","protein_coding"
"5733","ENSMUSG00000005672","protein_coding"
"5734","ENSMUSG00000062960","protein_coding"
"5735","ENSMUSG00000029233","protein_coding"
"5736","ENSMUSG00000029234","protein_coding"
"5737","ENSMUSG00000029238","protein_coding"
"5738","ENSMUSG00000029235","protein_coding"
"5739","ENSMUSG00000029236","protein_coding"
"5740","ENSMUSG00000091204","protein_coding"
"5741","ENSMUSG00000036435","protein_coding"
"5742","ENSMUSG00000036403","protein_coding"
"5743","ENSMUSG00000036377","protein_coding"
"5744","ENSMUSG00000055923","protein_coding"
"5745","ENSMUSG00000029246","protein_coding"
"5746","ENSMUSG00000029247","protein_coding"
"5747","ENSMUSG00000036323","protein_coding"
"5748","ENSMUSG00000063820","protein_coding"
"5749","ENSMUSG00000029248","protein_coding"
"5750","ENSMUSG00000059325","protein_coding"
"5751","ENSMUSG00000053030","protein_coding"
"5752","ENSMUSG00000029249","protein_coding"
"5753","ENSMUSG00000036285","protein_coding"
"5754","ENSMUSG00000029250","protein_coding"
"5755","ENSMUSG00000036256","protein_coding"
"5756","ENSMUSG00000037605","protein_coding"
"5757","ENSMUSG00000099863","protein_coding"
"5758","ENSMUSG00000049537","protein_coding"
"5759","ENSMUSG00000029245","protein_coding"
"5760","ENSMUSG00000029253","protein_coding"
"5761","ENSMUSG00000029254","protein_coding"
"5762","ENSMUSG00000035898","protein_coding"
"5763","ENSMUSG00000029255","protein_coding"
"5764","ENSMUSG00000061184","protein_coding"
"5765","ENSMUSG00000061259","protein_coding"
"5766","ENSMUSG00000072845","protein_coding"
"5767","ENSMUSG00000079451","protein_coding"
"5768","ENSMUSG00000048764","protein_coding"
"5769","ENSMUSG00000035861","protein_coding"
"5770","ENSMUSG00000054537","protein_coding"
"5771","ENSMUSG00000035851","protein_coding"
"5772","ENSMUSG00000029260","protein_coding"
"5773","ENSMUSG00000035836","protein_coding"
"5774","ENSMUSG00000035811","protein_coding"
"5775","ENSMUSG00000070704","protein_coding"
"5776","ENSMUSG00000054630","protein_coding"
"5777","ENSMUSG00000057425","protein_coding"
"5778","ENSMUSG00000035780","protein_coding"
"5779","ENSMUSG00000061906","protein_coding"
"5780","ENSMUSG00000029268","protein_coding"
"5781","ENSMUSG00000106677","protein_coding"
"5782","ENSMUSG00000107180","protein_coding"
"5783","ENSMUSG00000029269","protein_coding"
"5784","ENSMUSG00000029273","protein_coding"
"5785","ENSMUSG00000029272","protein_coding"
"5786","ENSMUSG00000070702","protein_coding"
"5787","ENSMUSG00000063157","protein_coding"
"5788","ENSMUSG00000061937","protein_coding"
"5789","ENSMUSG00000061388","protein_coding"
"5790","ENSMUSG00000002240","protein_coding"
"5791","ENSMUSG00000009580","protein_coding"
"5792","ENSMUSG00000001622","protein_coding"
"5793","ENSMUSG00000007457","protein_coding"
"5794","ENSMUSG00000100704","protein_coding"
"5795","ENSMUSG00000007907","protein_coding"
"5796","ENSMUSG00000029280","protein_coding"
"5797","ENSMUSG00000029281","protein_coding"
"5798","ENSMUSG00000090302","protein_coding"
"5799","ENSMUSG00000064156","protein_coding"
"5800","ENSMUSG00000029282","protein_coding"
"5801","ENSMUSG00000029288","protein_coding"
"5802","ENSMUSG00000029286","protein_coding"
"5803","ENSMUSG00000067149","protein_coding"
"5804","ENSMUSG00000070697","protein_coding"
"5805","ENSMUSG00000029291","protein_coding"
"5806","ENSMUSG00000044221","protein_coding"
"5807","ENSMUSG00000006262","protein_coding"
"5808","ENSMUSG00000029366","protein_coding"
"5809","ENSMUSG00000060961","protein_coding"
"5810","ENSMUSG00000035540","protein_coding"
"5811","ENSMUSG00000035528","protein_coding"
"5812","ENSMUSG00000043635","protein_coding"
"5813","ENSMUSG00000035505","protein_coding"
"5814","ENSMUSG00000055204","protein_coding"
"5815","ENSMUSG00000029368","protein_coding"
"5816","ENSMUSG00000054932","protein_coding"
"5817","ENSMUSG00000029369","protein_coding"
"5818","ENSMUSG00000070690","protein_coding"
"5819","ENSMUSG00000029370","protein_coding"
"5820","ENSMUSG00000029371","protein_coding"
"5821","ENSMUSG00000029372","protein_coding"
"5822","ENSMUSG00000029373","protein_coding"
"5823","ENSMUSG00000029379","protein_coding"
"5824","ENSMUSG00000029375","protein_coding"
"5825","ENSMUSG00000029380","protein_coding"
"5826","ENSMUSG00000058427","protein_coding"
"5827","ENSMUSG00000029376","protein_coding"
"5828","ENSMUSG00000035020","protein_coding"
"5829","ENSMUSG00000029377","protein_coding"
"5830","ENSMUSG00000029378","protein_coding"
"5831","ENSMUSG00000082361","protein_coding"
"5832","ENSMUSG00000034981","protein_coding"
"5833","ENSMUSG00000029397","protein_coding"
"5834","ENSMUSG00000096035","protein_coding"
"5835","ENSMUSG00000029403","protein_coding"
"5836","ENSMUSG00000029405","protein_coding"
"5837","ENSMUSG00000029407","protein_coding"
"5838","ENSMUSG00000029410","protein_coding"
"5839","ENSMUSG00000029413","protein_coding"
"5840","ENSMUSG00000029415","protein_coding"
"5841","ENSMUSG00000029417","protein_coding"
"5842","ENSMUSG00000034842","protein_coding"
"5843","ENSMUSG00000034855","protein_coding"
"5844","ENSMUSG00000060183","protein_coding"
"5845","ENSMUSG00000034826","protein_coding"
"5846","ENSMUSG00000029426","protein_coding"
"5847","ENSMUSG00000057068","protein_coding"
"5848","ENSMUSG00000047963","protein_coding"
"5849","ENSMUSG00000050050","protein_coding"
"5850","ENSMUSG00000029381","protein_coding"
"5851","ENSMUSG00000045314","protein_coding"
"5852","ENSMUSG00000058013","protein_coding"
"5853","ENSMUSG00000063015","protein_coding"
"5854","ENSMUSG00000029384","protein_coding"
"5855","ENSMUSG00000029385","protein_coding"
"5856","ENSMUSG00000096044","protein_coding"
"5857","ENSMUSG00000070686","protein_coding"
"5858","ENSMUSG00000107392","protein_coding"
"5859","ENSMUSG00000096230","protein_coding"
"5860","ENSMUSG00000072822","protein_coding"
"5861","ENSMUSG00000072821","protein_coding"
"5862","ENSMUSG00000096259","protein_coding"
"5863","ENSMUSG00000095718","protein_coding"
"5864","ENSMUSG00000074011","protein_coding"
"5865","ENSMUSG00000095074","protein_coding"
"5866","ENSMUSG00000095503","protein_coding"
"5867","ENSMUSG00000094195","protein_coding"
"5868","ENSMUSG00000095954","protein_coding"
"5869","ENSMUSG00000092166","protein_coding"
"5870","ENSMUSG00000095996","protein_coding"
"5871","ENSMUSG00000096066","protein_coding"
"5872","ENSMUSG00000079424","protein_coding"
"5873","ENSMUSG00000070677","protein_coding"
"5874","ENSMUSG00000079423","protein_coding"
"5875","ENSMUSG00000094043","protein_coding"
"5876","ENSMUSG00000096139","protein_coding"
"5877","ENSMUSG00000072814","protein_coding"
"5878","ENSMUSG00000072813","protein_coding"
"5879","ENSMUSG00000023078","protein_coding"
"5880","ENSMUSG00000034724","protein_coding"
"5881","ENSMUSG00000029486","protein_coding"
"5882","ENSMUSG00000034687","protein_coding"
"5883","ENSMUSG00000029484","protein_coding"
"5884","ENSMUSG00000034663","protein_coding"
"5885","ENSMUSG00000055725","protein_coding"
"5886","ENSMUSG00000046000","protein_coding"
"5887","ENSMUSG00000050553","protein_coding"
"5888","ENSMUSG00000029338","protein_coding"
"5889","ENSMUSG00000035456","protein_coding"
"5890","ENSMUSG00000029337","protein_coding"
"5891","ENSMUSG00000057816","protein_coding"
"5892","ENSMUSG00000029335","protein_coding"
"5893","ENSMUSG00000029334","protein_coding"
"5894","ENSMUSG00000089809","protein_coding"
"5895","ENSMUSG00000105078","protein_coding"
"5896","ENSMUSG00000000568","protein_coding"
"5897","ENSMUSG00000029328","protein_coding"
"5898","ENSMUSG00000029326","protein_coding"
"5899","ENSMUSG00000050640","protein_coding"
"5900","ENSMUSG00000035325","protein_coding"
"5901","ENSMUSG00000118665","protein_coding"
"5902","ENSMUSG00000035297","protein_coding"
"5903","ENSMUSG00000029322","protein_coding"
"5904","ENSMUSG00000029319","protein_coding"
"5905","ENSMUSG00000035273","protein_coding"
"5906","ENSMUSG00000035266","protein_coding"
"5907","ENSMUSG00000016833","protein_coding"
"5908","ENSMUSG00000035234","protein_coding"
"5909","ENSMUSG00000029314","protein_coding"
"5910","ENSMUSG00000035187","protein_coding"
"5911","ENSMUSG00000029330","protein_coding"
"5912","ENSMUSG00000043940","protein_coding"
"5913","ENSMUSG00000057315","protein_coding"
"5914","ENSMUSG00000046709","protein_coding"
"5915","ENSMUSG00000034573","protein_coding"
"5916","ENSMUSG00000029321","protein_coding"
"5917","ENSMUSG00000029320","protein_coding"
"5918","ENSMUSG00000029313","protein_coding"
"5919","ENSMUSG00000029312","protein_coding"
"5920","ENSMUSG00000034528","protein_coding"
"5921","ENSMUSG00000029311","protein_coding"
"5922","ENSMUSG00000029310","protein_coding"
"5923","ENSMUSG00000091034","protein_coding"
"5924","ENSMUSG00000029309","protein_coding"
"5925","ENSMUSG00000053268","protein_coding"
"5926","ENSMUSG00000029307","protein_coding"
"5927","ENSMUSG00000029306","protein_coding"
"5928","ENSMUSG00000053863","protein_coding"
"5929","ENSMUSG00000029304","protein_coding"
"5930","ENSMUSG00000034462","protein_coding"
"5931","ENSMUSG00000097392","protein_coding"
"5932","ENSMUSG00000120166","protein_coding"
"5933","ENSMUSG00000072774","protein_coding"
"5934","ENSMUSG00000029299","protein_coding"
"5935","ENSMUSG00000034438","protein_coding"
"5936","ENSMUSG00000029298","protein_coding"
"5937","ENSMUSG00000079363","protein_coding"
"5938","ENSMUSG00000079362","protein_coding"
"5939","ENSMUSG00000105096","protein_coding"
"5940","ENSMUSG00000104713","protein_coding"
"5941","ENSMUSG00000092021","protein_coding"
"5942","ENSMUSG00000070639","protein_coding"
"5943","ENSMUSG00000054720","protein_coding"
"5944","ENSMUSG00000046079","protein_coding"
"5945","ENSMUSG00000029290","protein_coding"
"5946","ENSMUSG00000034384","protein_coding"
"5947","ENSMUSG00000049606","protein_coding"
"5948","ENSMUSG00000043410","protein_coding"
"5949","ENSMUSG00000029283","protein_coding"
"5950","ENSMUSG00000029287","protein_coding"
"5951","ENSMUSG00000029279","protein_coding"
"5952","ENSMUSG00000033805","protein_coding"
"5953","ENSMUSG00000033794","protein_coding"
"5954","ENSMUSG00000111375","protein_coding"
"5955","ENSMUSG00000106631","protein_coding"
"5956","ENSMUSG00000089798","protein_coding"
"5957","ENSMUSG00000029276","protein_coding"
"5958","ENSMUSG00000033773","protein_coding"
"5959","ENSMUSG00000029275","protein_coding"
"5960","ENSMUSG00000011831","protein_coding"
"5961","ENSMUSG00000063447","protein_coding"
"5962","ENSMUSG00000058558","protein_coding"
"5963","ENSMUSG00000029270","protein_coding"
"5964","ENSMUSG00000029267","protein_coding"
"5965","ENSMUSG00000063406","protein_coding"
"5966","ENSMUSG00000056531","protein_coding"
"5967","ENSMUSG00000029265","protein_coding"
"5968","ENSMUSG00000029263","protein_coding"
"5969","ENSMUSG00000105867","protein_coding"
"5970","ENSMUSG00000029491","protein_coding"
"5971","ENSMUSG00000050856","protein_coding"
"5972","ENSMUSG00000029490","protein_coding"
"5973","ENSMUSG00000033623","protein_coding"
"5974","ENSMUSG00000033615","protein_coding"
"5975","ENSMUSG00000062234","protein_coding"
"5976","ENSMUSG00000013495","protein_coding"
"5977","ENSMUSG00000004815","protein_coding"
"5978","ENSMUSG00000033540","protein_coding"
"5979","ENSMUSG00000046959","protein_coding"
"5980","ENSMUSG00000008090","protein_coding"
"5981","ENSMUSG00000055385","protein_coding"
"5982","ENSMUSG00000004821","protein_coding"
"5983","ENSMUSG00000090961","protein_coding"
"5984","ENSMUSG00000091624","protein_coding"
"5985","ENSMUSG00000067010","protein_coding"
"5986","ENSMUSG00000091450","protein_coding"
"5987","ENSMUSG00000090688","protein_coding"
"5988","ENSMUSG00000091635","protein_coding"
"5989","ENSMUSG00000091059","protein_coding"
"5990","ENSMUSG00000091375","protein_coding"
"5991","ENSMUSG00000092080","protein_coding"
"5992","ENSMUSG00000091879","protein_coding"
"5993","ENSMUSG00000033467","protein_coding"
"5994","ENSMUSG00000072763","protein_coding"
"5995","ENSMUSG00000072762","protein_coding"
"5996","ENSMUSG00000121596","protein_coding"
"5997","ENSMUSG00000090015","protein_coding"
"5998","ENSMUSG00000121597","protein_coding"
"5999","ENSMUSG00000066613","protein_coding"
"6000","ENSMUSG00000090963","protein_coding"
"6001","ENSMUSG00000109771","protein_coding"
"6002","ENSMUSG00000064247","protein_coding"
"6003","ENSMUSG00000033434","protein_coding"
"6004","ENSMUSG00000023284","protein_coding"
"6005","ENSMUSG00000014668","protein_coding"
"6006","ENSMUSG00000029502","protein_coding"
"6007","ENSMUSG00000029501","protein_coding"
"6008","ENSMUSG00000029500","protein_coding"
"6009","ENSMUSG00000029499","protein_coding"
"6010","ENSMUSG00000007080","protein_coding"
"6011","ENSMUSG00000029503","protein_coding"
"6012","ENSMUSG00000072754","protein_coding"
"6013","ENSMUSG00000043323","protein_coding"
"6014","ENSMUSG00000033316","protein_coding"
"6015","ENSMUSG00000033294","protein_coding"
"6016","ENSMUSG00000029504","protein_coding"
"6017","ENSMUSG00000029505","protein_coding"
"6018","ENSMUSG00000029507","protein_coding"
"6019","ENSMUSG00000029512","protein_coding"
"6020","ENSMUSG00000043510","protein_coding"
"6021","ENSMUSG00000029521","protein_coding"
"6022","ENSMUSG00000033209","protein_coding"
"6023","ENSMUSG00000050017","protein_coding"
"6024","ENSMUSG00000070576","protein_coding"
"6025","ENSMUSG00000096949","protein_coding"
"6026","ENSMUSG00000066975","protein_coding"
"6027","ENSMUSG00000029343","protein_coding"
"6028","ENSMUSG00000029344","protein_coding"
"6029","ENSMUSG00000029345","protein_coding"
"6030","ENSMUSG00000029346","protein_coding"
"6031","ENSMUSG00000042328","protein_coding"
"6032","ENSMUSG00000051503","protein_coding"
"6033","ENSMUSG00000029348","protein_coding"
"6034","ENSMUSG00000058153","protein_coding"
"6035","ENSMUSG00000072722","protein_coding"
"6036","ENSMUSG00000072720","protein_coding"
"6037","ENSMUSG00000042249","protein_coding"
"6038","ENSMUSG00000042240","protein_coding"
"6039","ENSMUSG00000029352","protein_coding"
"6040","ENSMUSG00000051339","protein_coding"
"6041","ENSMUSG00000066964","protein_coding"
"6042","ENSMUSG00000042216","protein_coding"
"6043","ENSMUSG00000063430","protein_coding"
"6044","ENSMUSG00000042190","protein_coding"
"6045","ENSMUSG00000053334","protein_coding"
"6046","ENSMUSG00000018974","protein_coding"
"6047","ENSMUSG00000025825","protein_coding"
"6048","ENSMUSG00000054675","protein_coding"
"6049","ENSMUSG00000048163","protein_coding"
"6050","ENSMUSG00000004530","protein_coding"
"6051","ENSMUSG00000042121","protein_coding"
"6052","ENSMUSG00000042096","protein_coding"
"6053","ENSMUSG00000042078","protein_coding"
"6054","ENSMUSG00000029592","protein_coding"
"6055","ENSMUSG00000044339","protein_coding"
"6056","ENSMUSG00000029591","protein_coding"
"6057","ENSMUSG00000042010","protein_coding"
"6058","ENSMUSG00000042002","protein_coding"
"6059","ENSMUSG00000066952","protein_coding"
"6060","ENSMUSG00000001098","protein_coding"
"6061","ENSMUSG00000029577","protein_coding"
"6062","ENSMUSG00000029575","protein_coding"
"6063","ENSMUSG00000041939","protein_coding"
"6064","ENSMUSG00000041930","protein_coding"
"6065","ENSMUSG00000014158","protein_coding"
"6066","ENSMUSG00000011884","protein_coding"
"6067","ENSMUSG00000002486","protein_coding"
"6068","ENSMUSG00000041890","protein_coding"
"6069","ENSMUSG00000041870","protein_coding"
"6070","ENSMUSG00000072694","protein_coding"
"6071","ENSMUSG00000029564","protein_coding"
"6072","ENSMUSG00000029561","protein_coding"
"6073","ENSMUSG00000041827","protein_coding"
"6074","ENSMUSG00000029559","protein_coding"
"6075","ENSMUSG00000029556","protein_coding"
"6076","ENSMUSG00000029550","protein_coding"
"6077","ENSMUSG00000029545","protein_coding"
"6078","ENSMUSG00000046562","protein_coding"
"6079","ENSMUSG00000048578","protein_coding"
"6080","ENSMUSG00000029544","protein_coding"
"6081","ENSMUSG00000060152","protein_coding"
"6082","ENSMUSG00000041740","protein_coding"
"6083","ENSMUSG00000041733","protein_coding"
"6084","ENSMUSG00000009013","protein_coding"
"6085","ENSMUSG00000029538","protein_coding"
"6086","ENSMUSG00000029536","protein_coding"
"6087","ENSMUSG00000029535","protein_coding"
"6088","ENSMUSG00000041697","protein_coding"
"6089","ENSMUSG00000054256","protein_coding"
"6090","ENSMUSG00000029522","protein_coding"
"6091","ENSMUSG00000029524","protein_coding"
"6092","ENSMUSG00000029528","protein_coding"
"6093","ENSMUSG00000067274","protein_coding"
"6094","ENSMUSG00000041638","protein_coding"
"6095","ENSMUSG00000029518","protein_coding"
"6096","ENSMUSG00000041609","protein_coding"
"6097","ENSMUSG00000029516","protein_coding"
"6098","ENSMUSG00000029513","protein_coding"
"6099","ENSMUSG00000079278","protein_coding"
"6100","ENSMUSG00000043913","protein_coding"
"6101","ENSMUSG00000041548","protein_coding"
"6102","ENSMUSG00000063919","protein_coding"
"6103","ENSMUSG00000066900","protein_coding"
"6104","ENSMUSG00000061288","protein_coding"
"6105","ENSMUSG00000032959","protein_coding"
"6106","ENSMUSG00000066894","protein_coding"
"6107","ENSMUSG00000029364","protein_coding"
"6108","ENSMUSG00000029363","protein_coding"
"6109","ENSMUSG00000061578","protein_coding"
"6110","ENSMUSG00000029361","protein_coding"
"6111","ENSMUSG00000032898","protein_coding"
"6112","ENSMUSG00000029359","protein_coding"
"6113","ENSMUSG00000032867","protein_coding"
"6114","ENSMUSG00000046607","protein_coding"
"6115","ENSMUSG00000032850","protein_coding"
"6116","ENSMUSG00000032840","protein_coding"
"6117","ENSMUSG00000018076","protein_coding"
"6118","ENSMUSG00000018604","protein_coding"
"6119","ENSMUSG00000018263","protein_coding"
"6120","ENSMUSG00000029594","protein_coding"
"6121","ENSMUSG00000029595","protein_coding"
"6122","ENSMUSG00000029596","protein_coding"
"6123","ENSMUSG00000029597","protein_coding"
"6124","ENSMUSG00000029598","protein_coding"
"6125","ENSMUSG00000032754","protein_coding"
"6126","ENSMUSG00000032741","protein_coding"
"6127","ENSMUSG00000029601","protein_coding"
"6128","ENSMUSG00000029600","protein_coding"
"6129","ENSMUSG00000029599","protein_coding"
"6130","ENSMUSG00000094282","protein_coding"
"6131","ENSMUSG00000029602","protein_coding"
"6132","ENSMUSG00000029603","protein_coding"
"6133","ENSMUSG00000032690","protein_coding"
"6134","ENSMUSG00000032661","protein_coding"
"6135","ENSMUSG00000066867","protein_coding"
"6136","ENSMUSG00000001166","protein_coding"
"6137","ENSMUSG00000029605","protein_coding"
"6138","ENSMUSG00000053765","protein_coding"
"6139","ENSMUSG00000001168","protein_coding"
"6140","ENSMUSG00000066861","protein_coding"
"6141","ENSMUSG00000052776","protein_coding"
"6142","ENSMUSG00000032623","protein_coding"
"6143","ENSMUSG00000029608","protein_coding"
"6144","ENSMUSG00000043733","protein_coding"
"6145","ENSMUSG00000029614","protein_coding"
"6146","ENSMUSG00000042744","protein_coding"
"6147","ENSMUSG00000042726","protein_coding"
"6148","ENSMUSG00000042719","protein_coding"
"6149","ENSMUSG00000029616","protein_coding"
"6150","ENSMUSG00000029452","protein_coding"
"6151","ENSMUSG00000062438","protein_coding"
"6152","ENSMUSG00000072647","protein_coding"
"6153","ENSMUSG00000105340","protein_coding"
"6154","ENSMUSG00000029454","protein_coding"
"6155","ENSMUSG00000121598","protein_coding"
"6156","ENSMUSG00000029455","protein_coding"
"6157","ENSMUSG00000042647","protein_coding"
"6158","ENSMUSG00000029456","protein_coding"
"6159","ENSMUSG00000029458","protein_coding"
"6160","ENSMUSG00000042605","protein_coding"
"6161","ENSMUSG00000042594","protein_coding"
"6162","ENSMUSG00000044134","protein_coding"
"6163","ENSMUSG00000042589","protein_coding"
"6164","ENSMUSG00000013936","protein_coding"
"6165","ENSMUSG00000043036","protein_coding"
"6166","ENSMUSG00000004455","protein_coding"
"6167","ENSMUSG00000064267","protein_coding"
"6168","ENSMUSG00000038593","protein_coding"
"6169","ENSMUSG00000038582","protein_coding"
"6170","ENSMUSG00000038569","protein_coding"
"6171","ENSMUSG00000029462","protein_coding"
"6172","ENSMUSG00000029463","protein_coding"
"6173","ENSMUSG00000029464","protein_coding"
"6174","ENSMUSG00000029465","protein_coding"
"6175","ENSMUSG00000029466","protein_coding"
"6176","ENSMUSG00000029467","protein_coding"
"6177","ENSMUSG00000029469","protein_coding"
"6178","ENSMUSG00000029468","protein_coding"
"6179","ENSMUSG00000029470","protein_coding"
"6180","ENSMUSG00000029471","protein_coding"
"6181","ENSMUSG00000029472","protein_coding"
"6182","ENSMUSG00000029474","protein_coding"
"6183","ENSMUSG00000029475","protein_coding"
"6184","ENSMUSG00000049686","protein_coding"
"6185","ENSMUSG00000029477","protein_coding"
"6186","ENSMUSG00000054434","protein_coding"
"6187","ENSMUSG00000029449","protein_coding"
"6188","ENSMUSG00000038384","protein_coding"
"6189","ENSMUSG00000029440","protein_coding"
"6190","ENSMUSG00000029445","protein_coding"
"6191","ENSMUSG00000029442","protein_coding"
"6192","ENSMUSG00000029438","protein_coding"
"6193","ENSMUSG00000038342","protein_coding"
"6194","ENSMUSG00000029437","protein_coding"
"6195","ENSMUSG00000063409","protein_coding"
"6196","ENSMUSG00000029433","protein_coding"
"6197","ENSMUSG00000029431","protein_coding"
"6198","ENSMUSG00000114278","protein_coding"
"6199","ENSMUSG00000029434","protein_coding"
"6200","ENSMUSG00000049550","protein_coding"
"6201","ENSMUSG00000029427","protein_coding"
"6202","ENSMUSG00000029422","protein_coding"
"6203","ENSMUSG00000029414","protein_coding"
"6204","ENSMUSG00000045502","protein_coding"
"6205","ENSMUSG00000049241","protein_coding"
"6206","ENSMUSG00000023106","protein_coding"
"6207","ENSMUSG00000061882","protein_coding"
"6208","ENSMUSG00000000915","protein_coding"
"6209","ENSMUSG00000066278","protein_coding"
"6210","ENSMUSG00000029408","protein_coding"
"6211","ENSMUSG00000023707","protein_coding"
"6212","ENSMUSG00000029404","protein_coding"
"6213","ENSMUSG00000029406","protein_coding"
"6214","ENSMUSG00000038126","protein_coding"
"6215","ENSMUSG00000047635","protein_coding"
"6216","ENSMUSG00000029394","protein_coding"
"6217","ENSMUSG00000038095","protein_coding"
"6218","ENSMUSG00000049327","protein_coding"
"6219","ENSMUSG00000029401","protein_coding"
"6220","ENSMUSG00000029402","protein_coding"
"6221","ENSMUSG00000029392","protein_coding"
"6222","ENSMUSG00000029390","protein_coding"
"6223","ENSMUSG00000029389","protein_coding"
"6224","ENSMUSG00000029388","protein_coding"
"6225","ENSMUSG00000029387","protein_coding"
"6226","ENSMUSG00000118662","protein_coding"
"6227","ENSMUSG00000038023","protein_coding"
"6228","ENSMUSG00000038011","protein_coding"
"6229","ENSMUSG00000037979","protein_coding"
"6230","ENSMUSG00000079215","protein_coding"
"6231","ENSMUSG00000037962","protein_coding"
"6232","ENSMUSG00000029478","protein_coding"
"6233","ENSMUSG00000037936","protein_coding"
"6234","ENSMUSG00000008348","protein_coding"
"6235","ENSMUSG00000029480","protein_coding"
"6236","ENSMUSG00000037905","protein_coding"
"6237","ENSMUSG00000029482","protein_coding"
"6238","ENSMUSG00000070498","protein_coding"
"6239","ENSMUSG00000034324","protein_coding"
"6240","ENSMUSG00000029416","protein_coding"
"6241","ENSMUSG00000049971","protein_coding"
"6242","ENSMUSG00000034310","protein_coding"
"6243","ENSMUSG00000081683","protein_coding"
"6244","ENSMUSG00000029423","protein_coding"
"6245","ENSMUSG00000029420","protein_coding"
"6246","ENSMUSG00000029428","protein_coding"
"6247","ENSMUSG00000029430","protein_coding"
"6248","ENSMUSG00000044017","protein_coding"
"6249","ENSMUSG00000029439","protein_coding"
"6250","ENSMUSG00000029436","protein_coding"
"6251","ENSMUSG00000051034","protein_coding"
"6252","ENSMUSG00000034219","protein_coding"
"6253","ENSMUSG00000034211","protein_coding"
"6254","ENSMUSG00000029432","protein_coding"
"6255","ENSMUSG00000029446","protein_coding"
"6256","ENSMUSG00000029447","protein_coding"
"6257","ENSMUSG00000025538","protein_coding"
"6258","ENSMUSG00000025537","protein_coding"
"6259","ENSMUSG00000070493","protein_coding"
"6260","ENSMUSG00000034173","protein_coding"
"6261","ENSMUSG00000095789","protein_coding"
"6262","ENSMUSG00000066735","protein_coding"
"6263","ENSMUSG00000025534","protein_coding"
"6264","ENSMUSG00000025533","protein_coding"
"6265","ENSMUSG00000025532","protein_coding"
"6266","ENSMUSG00000034118","protein_coding"
"6267","ENSMUSG00000034110","protein_coding"
"6268","ENSMUSG00000025340","protein_coding"
"6269","ENSMUSG00000053094","protein_coding"
"6270","ENSMUSG00000025337","protein_coding"
"6271","ENSMUSG00000056310","protein_coding"
"6272","ENSMUSG00000060371","protein_coding"
"6273","ENSMUSG00000034040","protein_coding"
"6274","ENSMUSG00000029673","protein_coding"
"6275","ENSMUSG00000015944","protein_coding"
"6276","ENSMUSG00000061979","protein_coding"
"6277","ENSMUSG00000015942","protein_coding"
"6278","ENSMUSG00000015950","protein_coding"
"6279","ENSMUSG00000060261","protein_coding"
"6280","ENSMUSG00000023079","protein_coding"
"6281","ENSMUSG00000063146","protein_coding"
"6282","ENSMUSG00000085957","protein_coding"
"6283","ENSMUSG00000023104","protein_coding"
"6284","ENSMUSG00000040751","protein_coding"
"6285","ENSMUSG00000040731","protein_coding"
"6286","ENSMUSG00000029674","protein_coding"
"6287","ENSMUSG00000029675","protein_coding"
"6288","ENSMUSG00000040576","protein_coding"
"6289","ENSMUSG00000008843","protein_coding"
"6290","ENSMUSG00000040557","protein_coding"
"6291","ENSMUSG00000047501","protein_coding"
"6292","ENSMUSG00000070473","protein_coding"
"6293","ENSMUSG00000040532","protein_coding"
"6294","ENSMUSG00000007207","protein_coding"
"6295","ENSMUSG00000005378","protein_coding"
"6296","ENSMUSG00000061118","protein_coding"
"6297","ENSMUSG00000043614","protein_coding"
"6298","ENSMUSG00000005373","protein_coding"
"6299","ENSMUSG00000005374","protein_coding"
"6300","ENSMUSG00000029681","protein_coding"
"6301","ENSMUSG00000002748","protein_coding"
"6302","ENSMUSG00000049551","protein_coding"
"6303","ENSMUSG00000040013","protein_coding"
"6304","ENSMUSG00000053388","protein_coding"
"6305","ENSMUSG00000000916","protein_coding"
"6306","ENSMUSG00000053293","protein_coding"
"6307","ENSMUSG00000039959","protein_coding"
"6308","ENSMUSG00000070464","protein_coding"
"6309","ENSMUSG00000004814","protein_coding"
"6310","ENSMUSG00000039917","protein_coding"
"6311","ENSMUSG00000005514","protein_coding"
"6312","ENSMUSG00000039886","protein_coding"
"6313","ENSMUSG00000019178","protein_coding"
"6314","ENSMUSG00000019179","protein_coding"
"6315","ENSMUSG00000039860","protein_coding"
"6316","ENSMUSG00000004951","protein_coding"
"6317","ENSMUSG00000051391","protein_coding"
"6318","ENSMUSG00000029699","protein_coding"
"6319","ENSMUSG00000004948","protein_coding"
"6320","ENSMUSG00000004947","protein_coding"
"6321","ENSMUSG00000042985","protein_coding"
"6322","ENSMUSG00000006143","protein_coding"
"6323","ENSMUSG00000004952","protein_coding"
"6324","ENSMUSG00000039771","protein_coding"
"6325","ENSMUSG00000029703","protein_coding"
"6326","ENSMUSG00000039754","protein_coding"
"6327","ENSMUSG00000039747","protein_coding"
"6328","ENSMUSG00000039737","protein_coding"
"6329","ENSMUSG00000005057","protein_coding"
"6330","ENSMUSG00000029705","protein_coding"
"6331","ENSMUSG00000005474","protein_coding"
"6332","ENSMUSG00000004415","protein_coding"
"6333","ENSMUSG00000007987","protein_coding"
"6334","ENSMUSG00000019054","protein_coding"
"6335","ENSMUSG00000001739","protein_coding"
"6336","ENSMUSG00000059518","protein_coding"
"6337","ENSMUSG00000004846","protein_coding"
"6338","ENSMUSG00000037428","protein_coding"
"6339","ENSMUSG00000004849","protein_coding"
"6340","ENSMUSG00000037411","protein_coding"
"6341","ENSMUSG00000043279","protein_coding"
"6342","ENSMUSG00000037390","protein_coding"
"6343","ENSMUSG00000118522","protein_coding"
"6344","ENSMUSG00000094840","protein_coding"
"6345","ENSMUSG00000023328","protein_coding"
"6346","ENSMUSG00000051502","protein_coding"
"6347","ENSMUSG00000037364","protein_coding"
"6348","ENSMUSG00000023348","protein_coding"
"6349","ENSMUSG00000037344","protein_coding"
"6350","ENSMUSG00000029710","protein_coding"
"6351","ENSMUSG00000079173","protein_coding"
"6352","ENSMUSG00000029711","protein_coding"
"6353","ENSMUSG00000029715","protein_coding"
"6354","ENSMUSG00000029714","protein_coding"
"6355","ENSMUSG00000029713","protein_coding"
"6356","ENSMUSG00000029712","protein_coding"
"6357","ENSMUSG00000029716","protein_coding"
"6358","ENSMUSG00000037221","protein_coding"
"6359","ENSMUSG00000029718","protein_coding"
"6360","ENSMUSG00000089984","protein_coding"
"6361","ENSMUSG00000093445","protein_coding"
"6362","ENSMUSG00000029720","protein_coding"
"6363","ENSMUSG00000079165","protein_coding"
"6364","ENSMUSG00000047182","protein_coding"
"6365","ENSMUSG00000029722","protein_coding"
"6366","ENSMUSG00000045348","protein_coding"
"6367","ENSMUSG00000029723","protein_coding"
"6368","ENSMUSG00000121581","protein_coding"
"6369","ENSMUSG00000029725","protein_coding"
"6370","ENSMUSG00000029726","protein_coding"
"6371","ENSMUSG00000037108","protein_coding"
"6372","ENSMUSG00000046245","protein_coding"
"6373","ENSMUSG00000066684","protein_coding"
"6374","ENSMUSG00000066682","protein_coding"
"6375","ENSMUSG00000029727","protein_coding"
"6376","ENSMUSG00000056966","protein_coding"
"6377","ENSMUSG00000037053","protein_coding"
"6378","ENSMUSG00000075599","protein_coding"
"6379","ENSMUSG00000079156","protein_coding"
"6380","ENSMUSG00000075598","protein_coding"
"6381","ENSMUSG00000029729","protein_coding"
"6382","ENSMUSG00000037017","protein_coding"
"6383","ENSMUSG00000037007","protein_coding"
"6384","ENSMUSG00000019494","protein_coding"
"6385","ENSMUSG00000029730","protein_coding"
"6386","ENSMUSG00000019518","protein_coding"
"6387","ENSMUSG00000036980","protein_coding"
"6388","ENSMUSG00000036968","protein_coding"
"6389","ENSMUSG00000049285","protein_coding"
"6390","ENSMUSG00000047592","protein_coding"
"6391","ENSMUSG00000050552","protein_coding"
"6392","ENSMUSG00000036948","protein_coding"
"6393","ENSMUSG00000075593","protein_coding"
"6394","ENSMUSG00000106247","protein_coding"
"6395","ENSMUSG00000029510","protein_coding"
"6396","ENSMUSG00000036928","protein_coding"
"6397","ENSMUSG00000109713","protein_coding"
"6398","ENSMUSG00000036898","protein_coding"
"6399","ENSMUSG00000029526","protein_coding"
"6400","ENSMUSG00000058291","protein_coding"
"6401","ENSMUSG00000056014","protein_coding"
"6402","ENSMUSG00000025854","protein_coding"
"6403","ENSMUSG00000094504","protein_coding"
"6404","ENSMUSG00000025856","protein_coding"
"6405","ENSMUSG00000025855","protein_coding"
"6406","ENSMUSG00000025857","protein_coding"
"6407","ENSMUSG00000036817","protein_coding"
"6408","ENSMUSG00000025858","protein_coding"
"6409","ENSMUSG00000056413","protein_coding"
"6410","ENSMUSG00000045438","protein_coding"
"6411","ENSMUSG00000029541","protein_coding"
"6412","ENSMUSG00000053553","protein_coding"
"6413","ENSMUSG00000044197","protein_coding"
"6414","ENSMUSG00000044092","protein_coding"
"6415","ENSMUSG00000053647","protein_coding"
"6416","ENSMUSG00000053581","protein_coding"
"6417","ENSMUSG00000029546","protein_coding"
"6418","ENSMUSG00000036718","protein_coding"
"6419","ENSMUSG00000029547","protein_coding"
"6420","ENSMUSG00000018143","protein_coding"
"6421","ENSMUSG00000036687","protein_coding"
"6422","ENSMUSG00000098140","protein_coding"
"6423","ENSMUSG00000029551","protein_coding"
"6424","ENSMUSG00000048988","protein_coding"
"6425","ENSMUSG00000029554","protein_coding"
"6426","ENSMUSG00000036639","protein_coding"
"6427","ENSMUSG00000029557","protein_coding"
"6428","ENSMUSG00000029560","protein_coding"
"6429","ENSMUSG00000056076","protein_coding"
"6430","ENSMUSG00000106350","protein_coding"
"6431","ENSMUSG00000036599","protein_coding"
"6432","ENSMUSG00000036586","protein_coding"
"6433","ENSMUSG00000029570","protein_coding"
"6434","ENSMUSG00000036565","protein_coding"
"6435","ENSMUSG00000036555","protein_coding"
"6436","ENSMUSG00000000148","protein_coding"
"6437","ENSMUSG00000050022","protein_coding"
"6438","ENSMUSG00000000149","protein_coding"
"6439","ENSMUSG00000036526","protein_coding"
"6440","ENSMUSG00000039683","protein_coding"
"6441","ENSMUSG00000056493","protein_coding"
"6442","ENSMUSG00000039623","protein_coding"
"6443","ENSMUSG00000029576","protein_coding"
"6444","ENSMUSG00000074817","protein_coding"
"6445","ENSMUSG00000039533","protein_coding"
"6446","ENSMUSG00000029578","protein_coding"
"6447","ENSMUSG00000050822","protein_coding"
"6448","ENSMUSG00000039477","protein_coding"
"6449","ENSMUSG00000066640","protein_coding"
"6450","ENSMUSG00000029580","protein_coding"
"6451","ENSMUSG00000029581","protein_coding"
"6452","ENSMUSG00000045078","protein_coding"
"6453","ENSMUSG00000090981","protein_coding"
"6454","ENSMUSG00000061898","protein_coding"
"6455","ENSMUSG00000029586","protein_coding"
"6456","ENSMUSG00000039296","protein_coding"
"6457","ENSMUSG00000029587","protein_coding"
"6458","ENSMUSG00000046658","protein_coding"
"6459","ENSMUSG00000093910","protein_coding"
"6460","ENSMUSG00000039244","protein_coding"
"6461","ENSMUSG00000001844","protein_coding"
"6462","ENSMUSG00000010825","protein_coding"
"6463","ENSMUSG00000079111","protein_coding"
"6464","ENSMUSG00000039206","protein_coding"
"6465","ENSMUSG00000001847","protein_coding"
"6466","ENSMUSG00000118332","protein_coding"
"6467","ENSMUSG00000083012","protein_coding"
"6468","ENSMUSG00000018001","protein_coding"
"6469","ENSMUSG00000051306","protein_coding"
"6470","ENSMUSG00000029613","protein_coding"
"6471","ENSMUSG00000029607","protein_coding"
"6472","ENSMUSG00000029610","protein_coding"
"6473","ENSMUSG00000079109","protein_coding"
"6474","ENSMUSG00000075569","protein_coding"
"6475","ENSMUSG00000029617","protein_coding"
"6476","ENSMUSG00000029618","protein_coding"
"6477","ENSMUSG00000038970","protein_coding"
"6478","ENSMUSG00000052271","protein_coding"
"6479","ENSMUSG00000066621","protein_coding"
"6480","ENSMUSG00000047843","protein_coding"
"6481","ENSMUSG00000038859","protein_coding"
"6482","ENSMUSG00000059991","protein_coding"
"6483","ENSMUSG00000043388","protein_coding"
"6484","ENSMUSG00000045482","protein_coding"
"6485","ENSMUSG00000038780","protein_coding"
"6486","ENSMUSG00000038770","protein_coding"
"6487","ENSMUSG00000061707","protein_coding"
"6488","ENSMUSG00000029620","protein_coding"
"6489","ENSMUSG00000029621","protein_coding"
"6490","ENSMUSG00000029622","protein_coding"
"6491","ENSMUSG00000029623","protein_coding"
"6492","ENSMUSG00000038722","protein_coding"
"6493","ENSMUSG00000029624","protein_coding"
"6494","ENSMUSG00000029625","protein_coding"
"6495","ENSMUSG00000038690","protein_coding"
"6496","ENSMUSG00000029627","protein_coding"
"6497","ENSMUSG00000055991","protein_coding"
"6498","ENSMUSG00000007812","protein_coding"
"6499","ENSMUSG00000070420","protein_coding"
"6500","ENSMUSG00000070419","protein_coding"
"6501","ENSMUSG00000038656","protein_coding"
"6502","ENSMUSG00000075552","protein_coding"
"6503","ENSMUSG00000075551","protein_coding"
"6504","ENSMUSG00000054417","protein_coding"
"6505","ENSMUSG00000056035","protein_coding"
"6506","ENSMUSG00000029630","protein_coding"
"6507","ENSMUSG00000061292","protein_coding"
"6508","ENSMUSG00000104752","protein_coding"
"6509","ENSMUSG00000096798","protein_coding"
"6510","ENSMUSG00000095040","protein_coding"
"6511","ENSMUSG00000029634","protein_coding"
"6512","ENSMUSG00000029635","protein_coding"
"6513","ENSMUSG00000029636","protein_coding"
"6514","ENSMUSG00000096344","protein_coding"
"6515","ENSMUSG00000096527","protein_coding"
"6516","ENSMUSG00000079093","protein_coding"
"6517","ENSMUSG00000041505","protein_coding"
"6518","ENSMUSG00000079091","protein_coding"
"6519","ENSMUSG00000096664","protein_coding"
"6520","ENSMUSG00000095557","protein_coding"
"6521","ENSMUSG00000041468","protein_coding"
"6522","ENSMUSG00000029640","protein_coding"
"6523","ENSMUSG00000041453","protein_coding"
"6524","ENSMUSG00000029641","protein_coding"
"6525","ENSMUSG00000016503","protein_coding"
"6526","ENSMUSG00000016510","protein_coding"
"6527","ENSMUSG00000016520","protein_coding"
"6528","ENSMUSG00000029642","protein_coding"
"6529","ENSMUSG00000053129","protein_coding"
"6530","ENSMUSG00000029644","protein_coding"
"6531","ENSMUSG00000029646","protein_coding"
"6532","ENSMUSG00000075543","protein_coding"
"6533","ENSMUSG00000042817","protein_coding"
"6534","ENSMUSG00000029647","protein_coding"
"6535","ENSMUSG00000029648","protein_coding"
"6536","ENSMUSG00000029649","protein_coding"
"6537","ENSMUSG00000029650","protein_coding"
"6538","ENSMUSG00000029651","protein_coding"
"6539","ENSMUSG00000041313","protein_coding"
"6540","ENSMUSG00000001687","protein_coding"
"6541","ENSMUSG00000041298","protein_coding"
"6542","ENSMUSG00000066551","protein_coding"
"6543","ENSMUSG00000041264","protein_coding"
"6544","ENSMUSG00000060063","protein_coding"
"6545","ENSMUSG00000029659","protein_coding"
"6546","ENSMUSG00000029660","protein_coding"
"6547","ENSMUSG00000029658","protein_coding"
"6548","ENSMUSG00000029657","protein_coding"
"6549","ENSMUSG00000051950","protein_coding"
"6550","ENSMUSG00000053368","protein_coding"
"6551","ENSMUSG00000056602","protein_coding"
"6552","ENSMUSG00000056586","protein_coding"
"6553","ENSMUSG00000041147","protein_coding"
"6554","ENSMUSG00000041132","protein_coding"
"6555","ENSMUSG00000029655","protein_coding"
"6556","ENSMUSG00000034021","protein_coding"
"6557","ENSMUSG00000058488","protein_coding"
"6558","ENSMUSG00000016128","protein_coding"
"6559","ENSMUSG00000107011","protein_coding"
"6560","ENSMUSG00000091794","protein_coding"
"6561","ENSMUSG00000033970","protein_coding"
"6562","ENSMUSG00000106893","protein_coding"
"6563","ENSMUSG00000047735","protein_coding"
"6564","ENSMUSG00000044156","protein_coding"
"6565","ENSMUSG00000001376","protein_coding"
"6566","ENSMUSG00000023964","protein_coding"
"6567","ENSMUSG00000029664","protein_coding"
"6568","ENSMUSG00000029663","protein_coding"
"6569","ENSMUSG00000032766","protein_coding"
"6570","ENSMUSG00000032757","protein_coding"
"6571","ENSMUSG00000029661","protein_coding"
"6572","ENSMUSG00000015189","protein_coding"
"6573","ENSMUSG00000004631","protein_coding"
"6574","ENSMUSG00000092035","protein_coding"
"6575","ENSMUSG00000032827","protein_coding"
"6576","ENSMUSG00000002588","protein_coding"
"6577","ENSMUSG00000029759","protein_coding"
"6578","ENSMUSG00000032667","protein_coding"
"6579","ENSMUSG00000042607","protein_coding"
"6580","ENSMUSG00000019577","protein_coding"
"6581","ENSMUSG00000029757","protein_coding"
"6582","ENSMUSG00000015112","protein_coding"
"6583","ENSMUSG00000042541","protein_coding"
"6584","ENSMUSG00000029754","protein_coding"
"6585","ENSMUSG00000029755","protein_coding"
"6586","ENSMUSG00000042505","protein_coding"
"6587","ENSMUSG00000061762","protein_coding"
"6588","ENSMUSG00000029752","protein_coding"
"6589","ENSMUSG00000042460","protein_coding"
"6590","ENSMUSG00000068794","protein_coding"
"6591","ENSMUSG00000042447","protein_coding"
"6592","ENSMUSG00000012483","protein_coding"
"6593","ENSMUSG00000089862","protein_coding"
"6594","ENSMUSG00000107705","protein_coding"
"6595","ENSMUSG00000029638","protein_coding"
"6596","ENSMUSG00000062995","protein_coding"
"6597","ENSMUSG00000046178","protein_coding"
"6598","ENSMUSG00000029632","protein_coding"
"6599","ENSMUSG00000029629","protein_coding"
"6600","ENSMUSG00000032625","protein_coding"
"6601","ENSMUSG00000029571","protein_coding"
"6602","ENSMUSG00000079679","protein_coding"
"6603","ENSMUSG00000029569","protein_coding"
"6604","ENSMUSG00000042742","protein_coding"
"6605","ENSMUSG00000048216","protein_coding"
"6606","ENSMUSG00000052419","protein_coding"
"6607","ENSMUSG00000042717","protein_coding"
"6608","ENSMUSG00000029563","protein_coding"
"6609","ENSMUSG00000041390","protein_coding"
"6610","ENSMUSG00000029553","protein_coding"
"6611","ENSMUSG00000029552","protein_coding"
"6612","ENSMUSG00000000058","protein_coding"
"6613","ENSMUSG00000007655","protein_coding"
"6614","ENSMUSG00000009376","protein_coding"
"6615","ENSMUSG00000015733","protein_coding"
"6616","ENSMUSG00000029534","protein_coding"
"6617","ENSMUSG00000010797","protein_coding"
"6618","ENSMUSG00000010796","protein_coding"
"6619","ENSMUSG00000041301","protein_coding"
"6620","ENSMUSG00000000416","protein_coding"
"6621","ENSMUSG00000044155","protein_coding"
"6622","ENSMUSG00000029517","protein_coding"
"6623","ENSMUSG00000060882","protein_coding"
"6624","ENSMUSG00000029669","protein_coding"
"6625","ENSMUSG00000029670","protein_coding"
"6626","ENSMUSG00000062980","protein_coding"
"6627","ENSMUSG00000029671","protein_coding"
"6628","ENSMUSG00000029672","protein_coding"
"6629","ENSMUSG00000068748","protein_coding"
"6630","ENSMUSG00000029695","protein_coding"
"6631","ENSMUSG00000029697","protein_coding"
"6632","ENSMUSG00000017978","protein_coding"
"6633","ENSMUSG00000051956","protein_coding"
"6634","ENSMUSG00000078179","protein_coding"
"6635","ENSMUSG00000043865","protein_coding"
"6636","ENSMUSG00000029700","protein_coding"
"6637","ENSMUSG00000046192","protein_coding"
"6638","ENSMUSG00000023089","protein_coding"
"6639","ENSMUSG00000029685","protein_coding"
"6640","ENSMUSG00000029683","protein_coding"
"6641","ENSMUSG00000029684","protein_coding"
"6642","ENSMUSG00000029679","protein_coding"
"6643","ENSMUSG00000029680","protein_coding"
"6644","ENSMUSG00000029682","protein_coding"
"6645","ENSMUSG00000029678","protein_coding"
"6646","ENSMUSG00000048022","protein_coding"
"6647","ENSMUSG00000039904","protein_coding"
"6648","ENSMUSG00000029676","protein_coding"
"6649","ENSMUSG00000024211","protein_coding"
"6650","ENSMUSG00000039841","protein_coding"
"6651","ENSMUSG00000029708","protein_coding"
"6652","ENSMUSG00000020440","protein_coding"
"6653","ENSMUSG00000029707","protein_coding"
"6654","ENSMUSG00000029706","protein_coding"
"6655","ENSMUSG00000001424","protein_coding"
"6656","ENSMUSG00000049939","protein_coding"
"6657","ENSMUSG00000059201","protein_coding"
"6658","ENSMUSG00000029701","protein_coding"
"6659","ENSMUSG00000079654","protein_coding"
"6660","ENSMUSG00000003500","protein_coding"
"6661","ENSMUSG00000043421","protein_coding"
"6662","ENSMUSG00000079652","protein_coding"
"6663","ENSMUSG00000039742","protein_coding"
"6664","ENSMUSG00000029767","protein_coding"
"6665","ENSMUSG00000058831","protein_coding"
"6666","ENSMUSG00000029769","protein_coding"
"6667","ENSMUSG00000068699","protein_coding"
"6668","ENSMUSG00000004285","protein_coding"
"6669","ENSMUSG00000090685","protein_coding"
"6670","ENSMUSG00000059022","protein_coding"
"6671","ENSMUSG00000029771","protein_coding"
"6672","ENSMUSG00000012535","protein_coding"
"6673","ENSMUSG00000001763","protein_coding"
"6674","ENSMUSG00000001761","protein_coding"
"6675","ENSMUSG00000029772","protein_coding"
"6676","ENSMUSG00000039629","protein_coding"
"6677","ENSMUSG00000058440","protein_coding"
"6678","ENSMUSG00000039159","protein_coding"
"6679","ENSMUSG00000039130","protein_coding"
"6680","ENSMUSG00000029775","protein_coding"
"6681","ENSMUSG00000029782","protein_coding"
"6682","ENSMUSG00000029784","protein_coding"
"6683","ENSMUSG00000071553","protein_coding"
"6684","ENSMUSG00000039070","protein_coding"
"6685","ENSMUSG00000029788","protein_coding"
"6686","ENSMUSG00000054446","protein_coding"
"6687","ENSMUSG00000029790","protein_coding"
"6688","ENSMUSG00000051855","protein_coding"
"6689","ENSMUSG00000025607","protein_coding"
"6690","ENSMUSG00000039032","protein_coding"
"6691","ENSMUSG00000073209","protein_coding"
"6692","ENSMUSG00000025609","protein_coding"
"6693","ENSMUSG00000025608","protein_coding"
"6694","ENSMUSG00000029766","protein_coding"
"6695","ENSMUSG00000029765","protein_coding"
"6696","ENSMUSG00000053768","protein_coding"
"6697","ENSMUSG00000029763","protein_coding"
"6698","ENSMUSG00000056215","protein_coding"
"6699","ENSMUSG00000018999","protein_coding"
"6700","ENSMUSG00000001642","protein_coding"
"6701","ENSMUSG00000029762","protein_coding"
"6702","ENSMUSG00000061758","protein_coding"
"6703","ENSMUSG00000052131","protein_coding"
"6704","ENSMUSG00000038871","protein_coding"
"6705","ENSMUSG00000029761","protein_coding"
"6706","ENSMUSG00000038836","protein_coding"
"6707","ENSMUSG00000057137","protein_coding"
"6708","ENSMUSG00000046806","protein_coding"
"6709","ENSMUSG00000058486","protein_coding"
"6710","ENSMUSG00000029848","protein_coding"
"6711","ENSMUSG00000029847","protein_coding"
"6712","ENSMUSG00000038784","protein_coding"
"6713","ENSMUSG00000038759","protein_coding"
"6714","ENSMUSG00000073155","protein_coding"
"6715","ENSMUSG00000029843","protein_coding"
"6716","ENSMUSG00000047420","protein_coding"
"6717","ENSMUSG00000029840","protein_coding"
"6718","ENSMUSG00000045613","protein_coding"
"6719","ENSMUSG00000029838","protein_coding"
"6720","ENSMUSG00000038665","protein_coding"
"6721","ENSMUSG00000038648","protein_coding"
"6722","ENSMUSG00000038641","protein_coding"
"6723","ENSMUSG00000029833","protein_coding"
"6724","ENSMUSG00000029830","protein_coding"
"6725","ENSMUSG00000038600","protein_coding"
"6726","ENSMUSG00000029829","protein_coding"
"6727","ENSMUSG00000063455","protein_coding"
"6728","ENSMUSG00000047749","protein_coding"
"6729","ENSMUSG00000029826","protein_coding"
"6730","ENSMUSG00000056832","protein_coding"
"6731","ENSMUSG00000038538","protein_coding"
"6732","ENSMUSG00000019689","protein_coding"
"6733","ENSMUSG00000029823","protein_coding"
"6734","ENSMUSG00000071537","protein_coding"
"6735","ENSMUSG00000079598","protein_coding"
"6736","ENSMUSG00000061436","protein_coding"
"6737","ENSMUSG00000029925","protein_coding"
"6738","ENSMUSG00000038507","protein_coding"
"6739","ENSMUSG00000042599","protein_coding"
"6740","ENSMUSG00000029924","protein_coding"
"6741","ENSMUSG00000029923","protein_coding"
"6742","ENSMUSG00000029922","protein_coding"
"6743","ENSMUSG00000038456","protein_coding"
"6744","ENSMUSG00000046947","protein_coding"
"6745","ENSMUSG00000107071","protein_coding"
"6746","ENSMUSG00000002416","protein_coding"
"6747","ENSMUSG00000002413","protein_coding"
"6748","ENSMUSG00000029918","protein_coding"
"6749","ENSMUSG00000057716","protein_coding"
"6750","ENSMUSG00000029916","protein_coding"
"6751","ENSMUSG00000037172","protein_coding"
"6752","ENSMUSG00000037159","protein_coding"
"6753","ENSMUSG00000029911","protein_coding"
"6754","ENSMUSG00000052850","protein_coding"
"6755","ENSMUSG00000037140","protein_coding"
"6756","ENSMUSG00000029909","protein_coding"
"6757","ENSMUSG00000068259","protein_coding"
"6758","ENSMUSG00000045514","protein_coding"
"6759","ENSMUSG00000029915","protein_coding"
"6760","ENSMUSG00000058250","protein_coding"
"6761","ENSMUSG00000068587","protein_coding"
"6762","ENSMUSG00000102802","protein_coding"
"6763","ENSMUSG00000029885","protein_coding"
"6764","ENSMUSG00000051936","protein_coding"
"6765","ENSMUSG00000029883","protein_coding"
"6766","ENSMUSG00000094808","protein_coding"
"6767","ENSMUSG00000096525","protein_coding"
"6768","ENSMUSG00000029882","protein_coding"
"6769","ENSMUSG00000054106","protein_coding"
"6770","ENSMUSG00000036938","protein_coding"
"6771","ENSMUSG00000071521","protein_coding"
"6772","ENSMUSG00000071519","protein_coding"
"6773","ENSMUSG00000058119","protein_coding"
"6774","ENSMUSG00000071517","protein_coding"
"6775","ENSMUSG00000062751","protein_coding"
"6776","ENSMUSG00000057163","protein_coding"
"6777","ENSMUSG00000029869","protein_coding"
"6778","ENSMUSG00000029868","protein_coding"
"6779","ENSMUSG00000036899","protein_coding"
"6780","ENSMUSG00000029867","protein_coding"
"6781","ENSMUSG00000029866","protein_coding"
"6782","ENSMUSG00000045479","protein_coding"
"6783","ENSMUSG00000058499","protein_coding"
"6784","ENSMUSG00000014104","protein_coding"
"6785","ENSMUSG00000029865","protein_coding"
"6786","ENSMUSG00000062833","protein_coding"
"6787","ENSMUSG00000023289","protein_coding"
"6788","ENSMUSG00000047102","protein_coding"
"6789","ENSMUSG00000051917","protein_coding"
"6790","ENSMUSG00000029864","protein_coding"
"6791","ENSMUSG00000071506","protein_coding"
"6792","ENSMUSG00000029863","protein_coding"
"6793","ENSMUSG00000029862","protein_coding"
"6794","ENSMUSG00000029861","protein_coding"
"6795","ENSMUSG00000029860","protein_coding"
"6796","ENSMUSG00000029859","protein_coding"
"6797","ENSMUSG00000046652","protein_coding"
"6798","ENSMUSG00000056203","protein_coding"
"6799","ENSMUSG00000048284","protein_coding"
"6800","ENSMUSG00000068574","protein_coding"
"6801","ENSMUSG00000091983","protein_coding"
"6802","ENSMUSG00000090631","protein_coding"
"6803","ENSMUSG00000071494","protein_coding"
"6804","ENSMUSG00000018656","protein_coding"
"6805","ENSMUSG00000029851","protein_coding"
"6806","ENSMUSG00000036667","protein_coding"
"6807","ENSMUSG00000095831","protein_coding"
"6808","ENSMUSG00000095236","protein_coding"
"6809","ENSMUSG00000094192","protein_coding"
"6810","ENSMUSG00000108058","protein_coding"
"6811","ENSMUSG00000054431","protein_coding"
"6812","ENSMUSG00000049168","protein_coding"
"6813","ENSMUSG00000043119","protein_coding"
"6814","ENSMUSG00000045708","protein_coding"
"6815","ENSMUSG00000073111","protein_coding"
"6816","ENSMUSG00000073110","protein_coding"
"6817","ENSMUSG00000094669","protein_coding"
"6818","ENSMUSG00000094200","protein_coding"
"6819","ENSMUSG00000071481","protein_coding"
"6820","ENSMUSG00000043605","protein_coding"
"6821","ENSMUSG00000048693","protein_coding"
"6822","ENSMUSG00000059411","protein_coding"
"6823","ENSMUSG00000061210","protein_coding"
"6824","ENSMUSG00000033542","protein_coding"
"6825","ENSMUSG00000029736","protein_coding"
"6826","ENSMUSG00000029735","protein_coding"
"6827","ENSMUSG00000039419","protein_coding"
"6828","ENSMUSG00000029686","protein_coding"
"6829","ENSMUSG00000029687","protein_coding"
"6830","ENSMUSG00000025823","protein_coding"
"6831","ENSMUSG00000051499","protein_coding"
"6832","ENSMUSG00000062519","protein_coding"
"6833","ENSMUSG00000025821","protein_coding"
"6834","ENSMUSG00000052763","protein_coding"
"6835","ENSMUSG00000045466","protein_coding"
"6836","ENSMUSG00000071477","protein_coding"
"6837","ENSMUSG00000057691","protein_coding"
"6838","ENSMUSG00000042810","protein_coding"
"6839","ENSMUSG00000068551","protein_coding"
"6840","ENSMUSG00000029797","protein_coding"
"6841","ENSMUSG00000039347","protein_coding"
"6842","ENSMUSG00000073096","protein_coding"
"6843","ENSMUSG00000009281","protein_coding"
"6844","ENSMUSG00000107588","protein_coding"
"6845","ENSMUSG00000052751","protein_coding"
"6846","ENSMUSG00000107789","protein_coding"
"6847","ENSMUSG00000007216","protein_coding"
"6848","ENSMUSG00000053297","protein_coding"
"6849","ENSMUSG00000064262","protein_coding"
"6850","ENSMUSG00000051124","protein_coding"
"6851","ENSMUSG00000054435","protein_coding"
"6852","ENSMUSG00000047867","protein_coding"
"6853","ENSMUSG00000098715","protein_coding"
"6854","ENSMUSG00000043931","protein_coding"
"6855","ENSMUSG00000090019","protein_coding"
"6856","ENSMUSG00000043505","protein_coding"
"6857","ENSMUSG00000039264","protein_coding"
"6858","ENSMUSG00000029810","protein_coding"
"6859","ENSMUSG00000023367","protein_coding"
"6860","ENSMUSG00000029811","protein_coding"
"6861","ENSMUSG00000029813","protein_coding"
"6862","ENSMUSG00000068536","protein_coding"
"6863","ENSMUSG00000039215","protein_coding"
"6864","ENSMUSG00000029816","protein_coding"
"6865","ENSMUSG00000029815","protein_coding"
"6866","ENSMUSG00000029814","protein_coding"
"6867","ENSMUSG00000029817","protein_coding"
"6868","ENSMUSG00000050786","protein_coding"
"6869","ENSMUSG00000047115","protein_coding"
"6870","ENSMUSG00000023403","protein_coding"
"6871","ENSMUSG00000029819","protein_coding"
"6872","ENSMUSG00000038388","protein_coding"
"6873","ENSMUSG00000029821","protein_coding"
"6874","ENSMUSG00000029822","protein_coding"
"6875","ENSMUSG00000063694","protein_coding"
"6876","ENSMUSG00000029828","protein_coding"
"6877","ENSMUSG00000029831","protein_coding"
"6878","ENSMUSG00000029832","protein_coding"
"6879","ENSMUSG00000004980","protein_coding"
"6880","ENSMUSG00000029836","protein_coding"
"6881","ENSMUSG00000038301","protein_coding"
"6882","ENSMUSG00000059182","protein_coding"
"6883","ENSMUSG00000029844","protein_coding"
"6884","ENSMUSG00000014704","protein_coding"
"6885","ENSMUSG00000079560","protein_coding"
"6886","ENSMUSG00000000942","protein_coding"
"6887","ENSMUSG00000038253","protein_coding"
"6888","ENSMUSG00000043219","protein_coding"
"6889","ENSMUSG00000038236","protein_coding"
"6890","ENSMUSG00000038227","protein_coding"
"6891","ENSMUSG00000000938","protein_coding"
"6892","ENSMUSG00000038210","protein_coding"
"6893","ENSMUSG00000038203","protein_coding"
"6894","ENSMUSG00000005503","protein_coding"
"6895","ENSMUSG00000029776","protein_coding"
"6896","ENSMUSG00000004535","protein_coding"
"6897","ENSMUSG00000063568","protein_coding"
"6898","ENSMUSG00000053007","protein_coding"
"6899","ENSMUSG00000043496","protein_coding"
"6900","ENSMUSG00000052955","protein_coding"
"6901","ENSMUSG00000004633","protein_coding"
"6902","ENSMUSG00000045725","protein_coding"
"6903","ENSMUSG00000086040","protein_coding"
"6904","ENSMUSG00000019124","protein_coding"
"6905","ENSMUSG00000038074","protein_coding"
"6906","ENSMUSG00000005225","protein_coding"
"6907","ENSMUSG00000038065","protein_coding"
"6908","ENSMUSG00000058446","protein_coding"
"6909","ENSMUSG00000038058","protein_coding"
"6910","ENSMUSG00000002797","protein_coding"
"6911","ENSMUSG00000029777","protein_coding"
"6912","ENSMUSG00000003476","protein_coding"
"6913","ENSMUSG00000003477","protein_coding"
"6914","ENSMUSG00000038022","protein_coding"
"6915","ENSMUSG00000004655","protein_coding"
"6916","ENSMUSG00000004654","protein_coding"
"6917","ENSMUSG00000029778","protein_coding"
"6918","ENSMUSG00000037984","protein_coding"
"6919","ENSMUSG00000037973","protein_coding"
"6920","ENSMUSG00000002930","protein_coding"
"6921","ENSMUSG00000004347","protein_coding"
"6922","ENSMUSG00000091625","protein_coding"
"6923","ENSMUSG00000029787","protein_coding"
"6924","ENSMUSG00000059486","protein_coding"
"6925","ENSMUSG00000029781","protein_coding"
"6926","ENSMUSG00000029780","protein_coding"
"6927","ENSMUSG00000071893","protein_coding"
"6928","ENSMUSG00000090346","protein_coding"
"6929","ENSMUSG00000115701","protein_coding"
"6930","ENSMUSG00000093696","protein_coding"
"6931","ENSMUSG00000061208","protein_coding"
"6932","ENSMUSG00000091541","protein_coding"
"6933","ENSMUSG00000115181","protein_coding"
"6934","ENSMUSG00000115236","protein_coding"
"6935","ENSMUSG00000057981","protein_coding"
"6936","ENSMUSG00000064259","protein_coding"
"6937","ENSMUSG00000114982","protein_coding"
"6938","ENSMUSG00000115199","protein_coding"
"6939","ENSMUSG00000115792","protein_coding"
"6940","ENSMUSG00000115644","protein_coding"
"6941","ENSMUSG00000091382","protein_coding"
"6942","ENSMUSG00000115799","protein_coding"
"6943","ENSMUSG00000115253","protein_coding"
"6944","ENSMUSG00000037826","protein_coding"
"6945","ENSMUSG00000029798","protein_coding"
"6946","ENSMUSG00000043162","protein_coding"
"6947","ENSMUSG00000062190","protein_coding"
"6948","ENSMUSG00000037788","protein_coding"
"6949","ENSMUSG00000115343","protein_coding"
"6950","ENSMUSG00000115091","protein_coding"
"6951","ENSMUSG00000093376","protein_coding"
"6952","ENSMUSG00000115507","protein_coding"
"6953","ENSMUSG00000115668","protein_coding"
"6954","ENSMUSG00000048697","protein_coding"
"6955","ENSMUSG00000071428","protein_coding"
"6956","ENSMUSG00000115705","protein_coding"
"6957","ENSMUSG00000091734","protein_coding"
"6958","ENSMUSG00000095670","protein_coding"
"6959","ENSMUSG00000115404","protein_coding"
"6960","ENSMUSG00000029802","protein_coding"
"6961","ENSMUSG00000029804","protein_coding"
"6962","ENSMUSG00000055430","protein_coding"
"6963","ENSMUSG00000037709","protein_coding"
"6964","ENSMUSG00000049232","protein_coding"
"6965","ENSMUSG00000045441","protein_coding"
"6966","ENSMUSG00000025889","protein_coding"
"6967","ENSMUSG00000054641","protein_coding"
"6968","ENSMUSG00000039578","protein_coding"
"6969","ENSMUSG00000071424","protein_coding"
"6970","ENSMUSG00000073043","protein_coding"
"6971","ENSMUSG00000029920","protein_coding"
"6972","ENSMUSG00000029919","protein_coding"
"6973","ENSMUSG00000029917","protein_coding"
"6974","ENSMUSG00000044162","protein_coding"
"6975","ENSMUSG00000049001","protein_coding"
"6976","ENSMUSG00000029913","protein_coding"
"6977","ENSMUSG00000036463","protein_coding"
"6978","ENSMUSG00000029910","protein_coding"
"6979","ENSMUSG00000062905","protein_coding"
"6980","ENSMUSG00000059375","protein_coding"
"6981","ENSMUSG00000091012","protein_coding"
"6982","ENSMUSG00000060699","protein_coding"
"6983","ENSMUSG00000115482","protein_coding"
"6984","ENSMUSG00000115467","protein_coding"
"6985","ENSMUSG00000115170","protein_coding"
"6986","ENSMUSG00000093755","protein_coding"
"6987","ENSMUSG00000036402","protein_coding"
"6988","ENSMUSG00000036390","protein_coding"
"6989","ENSMUSG00000036371","protein_coding"
"6990","ENSMUSG00000018341","protein_coding"
"6991","ENSMUSG00000049093","protein_coding"
"6992","ENSMUSG00000051397","protein_coding"
"6993","ENSMUSG00000053604","protein_coding"
"6994","ENSMUSG00000031668","protein_coding"
"6995","ENSMUSG00000051896","protein_coding"
"6996","ENSMUSG00000055874","protein_coding"
"6997","ENSMUSG00000054474","protein_coding"
"6998","ENSMUSG00000054422","protein_coding"
"6999","ENSMUSG00000055027","protein_coding"
"7000","ENSMUSG00000053012","protein_coding"
"7001","ENSMUSG00000053044","protein_coding"
"7002","ENSMUSG00000053977","protein_coding"
"7003","ENSMUSG00000002222","protein_coding"
"7004","ENSMUSG00000052656","protein_coding"
"7005","ENSMUSG00000053119","protein_coding"
"7006","ENSMUSG00000053470","protein_coding"
"7007","ENSMUSG00000052852","protein_coding"
"7008","ENSMUSG00000052962","protein_coding"
"7009","ENSMUSG00000052337","protein_coding"
"7010","ENSMUSG00000063884","protein_coding"
"7011","ENSMUSG00000049553","protein_coding"
"7012","ENSMUSG00000056091","protein_coding"
"7013","ENSMUSG00000037621","protein_coding"
"7014","ENSMUSG00000056370","protein_coding"
"7015","ENSMUSG00000056305","protein_coding"
"7016","ENSMUSG00000058706","protein_coding"
"7017","ENSMUSG00000055912","protein_coding"
"7018","ENSMUSG00000055850","protein_coding"
"7019","ENSMUSG00000073002","protein_coding"
"7020","ENSMUSG00000050732","protein_coding"
"7021","ENSMUSG00000053460","protein_coding"
"7022","ENSMUSG00000053907","protein_coding"
"7023","ENSMUSG00000052631","protein_coding"
"7024","ENSMUSG00000056737","protein_coding"
"7025","ENSMUSG00000056698","protein_coding"
"7026","ENSMUSG00000056666","protein_coding"
"7027","ENSMUSG00000056429","protein_coding"
"7028","ENSMUSG00000055799","protein_coding"
"7029","ENSMUSG00000055239","protein_coding"
"7030","ENSMUSG00000079523","protein_coding"
"7031","ENSMUSG00000052861","protein_coding"
"7032","ENSMUSG00000052738","protein_coding"
"7033","ENSMUSG00000056197","protein_coding"
"7034","ENSMUSG00000072476","protein_coding"
"7035","ENSMUSG00000063063","protein_coding"
"7036","ENSMUSG00000060780","protein_coding"
"7037","ENSMUSG00000071356","protein_coding"
"7038","ENSMUSG00000068341","protein_coding"
"7039","ENSMUSG00000079516","protein_coding"
"7040","ENSMUSG00000023140","protein_coding"
"7041","ENSMUSG00000059654","protein_coding"
"7042","ENSMUSG00000030017","protein_coding"
"7043","ENSMUSG00000096887","protein_coding"
"7044","ENSMUSG00000052581","protein_coding"
"7045","ENSMUSG00000035125","protein_coding"
"7046","ENSMUSG00000030045","protein_coding"
"7047","ENSMUSG00000035104","protein_coding"
"7048","ENSMUSG00000030043","protein_coding"
"7049","ENSMUSG00000030042","protein_coding"
"7050","ENSMUSG00000000628","protein_coding"
"7051","ENSMUSG00000000627","protein_coding"
"7052","ENSMUSG00000030041","protein_coding"
"7053","ENSMUSG00000068335","protein_coding"
"7054","ENSMUSG00000000693","protein_coding"
"7055","ENSMUSG00000068329","protein_coding"
"7056","ENSMUSG00000068328","protein_coding"
"7057","ENSMUSG00000009145","protein_coding"
"7058","ENSMUSG00000068327","protein_coding"
"7059","ENSMUSG00000069678","protein_coding"
"7060","ENSMUSG00000034968","protein_coding"
"7061","ENSMUSG00000107499","protein_coding"
"7062","ENSMUSG00000030037","protein_coding"
"7063","ENSMUSG00000030036","protein_coding"
"7064","ENSMUSG00000030035","protein_coding"
"7065","ENSMUSG00000030034","protein_coding"
"7066","ENSMUSG00000034930","protein_coding"
"7067","ENSMUSG00000030032","protein_coding"
"7068","ENSMUSG00000030030","protein_coding"
"7069","ENSMUSG00000031865","protein_coding"
"7070","ENSMUSG00000068323","protein_coding"
"7071","ENSMUSG00000005667","protein_coding"
"7072","ENSMUSG00000043131","protein_coding"
"7073","ENSMUSG00000045160","protein_coding"
"7074","ENSMUSG00000034832","protein_coding"
"7075","ENSMUSG00000014554","protein_coding"
"7076","ENSMUSG00000059430","protein_coding"
"7077","ENSMUSG00000006906","protein_coding"
"7078","ENSMUSG00000014542","protein_coding"
"7079","ENSMUSG00000034783","protein_coding"
"7080","ENSMUSG00000034777","protein_coding"
"7081","ENSMUSG00000006269","protein_coding"
"7082","ENSMUSG00000014747","protein_coding"
"7083","ENSMUSG00000014748","protein_coding"
"7084","ENSMUSG00000034744","protein_coding"
"7085","ENSMUSG00000045896","protein_coding"
"7086","ENSMUSG00000030016","protein_coding"
"7087","ENSMUSG00000033788","protein_coding"
"7088","ENSMUSG00000063415","protein_coding"
"7089","ENSMUSG00000033769","protein_coding"
"7090","ENSMUSG00000033735","protein_coding"
"7091","ENSMUSG00000033726","protein_coding"
"7092","ENSMUSG00000033720","protein_coding"
"7093","ENSMUSG00000051343","protein_coding"
"7094","ENSMUSG00000068302","protein_coding"
"7095","ENSMUSG00000033706","protein_coding"
"7096","ENSMUSG00000030008","protein_coding"
"7097","ENSMUSG00000030007","protein_coding"
"7098","ENSMUSG00000047013","protein_coding"
"7099","ENSMUSG00000071341","protein_coding"
"7100","ENSMUSG00000063810","protein_coding"
"7101","ENSMUSG00000089694","protein_coding"
"7102","ENSMUSG00000051262","protein_coding"
"7103","ENSMUSG00000079495","protein_coding"
"7104","ENSMUSG00000079494","protein_coding"
"7105","ENSMUSG00000030004","protein_coding"
"7106","ENSMUSG00000033634","protein_coding"
"7107","ENSMUSG00000068299","protein_coding"
"7108","ENSMUSG00000057103","protein_coding"
"7109","ENSMUSG00000054226","protein_coding"
"7110","ENSMUSG00000030002","protein_coding"
"7111","ENSMUSG00000030001","protein_coding"
"7112","ENSMUSG00000030000","protein_coding"
"7113","ENSMUSG00000029999","protein_coding"
"7114","ENSMUSG00000057497","protein_coding"
"7115","ENSMUSG00000057278","protein_coding"
"7116","ENSMUSG00000029998","protein_coding"
"7117","ENSMUSG00000071337","protein_coding"
"7118","ENSMUSG00000107539","protein_coding"
"7119","ENSMUSG00000046679","protein_coding"
"7120","ENSMUSG00000051695","protein_coding"
"7121","ENSMUSG00000033508","protein_coding"
"7122","ENSMUSG00000001156","protein_coding"
"7123","ENSMUSG00000001158","protein_coding"
"7124","ENSMUSG00000001157","protein_coding"
"7125","ENSMUSG00000029994","protein_coding"
"7126","ENSMUSG00000057230","protein_coding"
"7127","ENSMUSG00000029993","protein_coding"
"7128","ENSMUSG00000029992","protein_coding"
"7129","ENSMUSG00000033420","protein_coding"
"7130","ENSMUSG00000030050","protein_coding"
"7131","ENSMUSG00000030049","protein_coding"
"7132","ENSMUSG00000030048","protein_coding"
"7133","ENSMUSG00000030046","protein_coding"
"7134","ENSMUSG00000030047","protein_coding"
"7135","ENSMUSG00000049409","protein_coding"
"7136","ENSMUSG00000030051","protein_coding"
"7137","ENSMUSG00000089997","protein_coding"
"7138","ENSMUSG00000068263","protein_coding"
"7139","ENSMUSG00000030054","protein_coding"
"7140","ENSMUSG00000030055","protein_coding"
"7141","ENSMUSG00000107928","protein_coding"
"7142","ENSMUSG00000030056","protein_coding"
"7143","ENSMUSG00000030057","protein_coding"
"7144","ENSMUSG00000030058","protein_coding"
"7145","ENSMUSG00000030060","protein_coding"
"7146","ENSMUSG00000044927","protein_coding"
"7147","ENSMUSG00000079477","protein_coding"
"7148","ENSMUSG00000030062","protein_coding"
"7149","ENSMUSG00000015053","protein_coding"
"7150","ENSMUSG00000048206","protein_coding"
"7151","ENSMUSG00000033216","protein_coding"
"7152","ENSMUSG00000030079","protein_coding"
"7153","ENSMUSG00000030082","protein_coding"
"7154","ENSMUSG00000033182","protein_coding"
"7155","ENSMUSG00000033174","protein_coding"
"7156","ENSMUSG00000030083","protein_coding"
"7157","ENSMUSG00000033152","protein_coding"
"7158","ENSMUSG00000002870","protein_coding"
"7159","ENSMUSG00000002871","protein_coding"
"7160","ENSMUSG00000030084","protein_coding"
"7161","ENSMUSG00000030086","protein_coding"
"7162","ENSMUSG00000000811","protein_coding"
"7163","ENSMUSG00000096051","protein_coding"
"7164","ENSMUSG00000094586","protein_coding"
"7165","ENSMUSG00000068232","protein_coding"
"7166","ENSMUSG00000068231","protein_coding"
"7167","ENSMUSG00000068234","protein_coding"
"7168","ENSMUSG00000044248","protein_coding"
"7169","ENSMUSG00000061653","protein_coding"
"7170","ENSMUSG00000060724","protein_coding"
"7171","ENSMUSG00000057592","protein_coding"
"7172","ENSMUSG00000095932","protein_coding"
"7173","ENSMUSG00000094553","protein_coding"
"7174","ENSMUSG00000062818","protein_coding"
"7175","ENSMUSG00000060816","protein_coding"
"7176","ENSMUSG00000062546","protein_coding"
"7177","ENSMUSG00000057697","protein_coding"
"7178","ENSMUSG00000047203","protein_coding"
"7179","ENSMUSG00000049694","protein_coding"
"7180","ENSMUSG00000056643","protein_coding"
"7181","ENSMUSG00000034456","protein_coding"
"7182","ENSMUSG00000034430","protein_coding"
"7183","ENSMUSG00000048794","protein_coding"
"7184","ENSMUSG00000030087","protein_coding"
"7185","ENSMUSG00000030088","protein_coding"
"7186","ENSMUSG00000030089","protein_coding"
"7187","ENSMUSG00000034312","protein_coding"
"7188","ENSMUSG00000030091","protein_coding"
"7189","ENSMUSG00000034245","protein_coding"
"7190","ENSMUSG00000064080","protein_coding"
"7191","ENSMUSG00000030093","protein_coding"
"7192","ENSMUSG00000034203","protein_coding"
"7193","ENSMUSG00000030095","protein_coding"
"7194","ENSMUSG00000030094","protein_coding"
"7195","ENSMUSG00000034192","protein_coding"
"7196","ENSMUSG00000030096","protein_coding"
"7197","ENSMUSG00000030098","protein_coding"
"7198","ENSMUSG00000034083","protein_coding"
"7199","ENSMUSG00000034063","protein_coding"
"7200","ENSMUSG00000034037","protein_coding"
"7201","ENSMUSG00000005893","protein_coding"
"7202","ENSMUSG00000014551","protein_coding"
"7203","ENSMUSG00000014550","protein_coding"
"7204","ENSMUSG00000005892","protein_coding"
"7205","ENSMUSG00000030020","protein_coding"
"7206","ENSMUSG00000030022","protein_coding"
"7207","ENSMUSG00000045095","protein_coding"
"7208","ENSMUSG00000045100","protein_coding"
"7209","ENSMUSG00000030029","protein_coding"
"7210","ENSMUSG00000030031","protein_coding"
"7211","ENSMUSG00000061838","protein_coding"
"7212","ENSMUSG00000059187","protein_coding"
"7213","ENSMUSG00000072878","protein_coding"
"7214","ENSMUSG00000046500","protein_coding"
"7215","ENSMUSG00000035245","protein_coding"
"7216","ENSMUSG00000030059","protein_coding"
"7217","ENSMUSG00000030061","protein_coding"
"7218","ENSMUSG00000035199","protein_coding"
"7219","ENSMUSG00000044086","protein_coding"
"7220","ENSMUSG00000030064","protein_coding"
"7221","ENSMUSG00000035158","protein_coding"
"7222","ENSMUSG00000090667","protein_coding"
"7223","ENSMUSG00000030067","protein_coding"
"7224","ENSMUSG00000030068","protein_coding"
"7225","ENSMUSG00000093661","protein_coding"
"7226","ENSMUSG00000072875","protein_coding"
"7227","ENSMUSG00000030069","protein_coding"
"7228","ENSMUSG00000072872","protein_coding"
"7229","ENSMUSG00000035378","protein_coding"
"7230","ENSMUSG00000030074","protein_coding"
"7231","ENSMUSG00000052144","protein_coding"
"7232","ENSMUSG00000035357","protein_coding"
"7233","ENSMUSG00000030075","protein_coding"
"7234","ENSMUSG00000030077","protein_coding"
"7235","ENSMUSG00000030092","protein_coding"
"7236","ENSMUSG00000064293","protein_coding"
"7237","ENSMUSG00000005364","protein_coding"
"7238","ENSMUSG00000013736","protein_coding"
"7239","ENSMUSG00000005362","protein_coding"
"7240","ENSMUSG00000034648","protein_coding"
"7241","ENSMUSG00000034639","protein_coding"
"7242","ENSMUSG00000030101","protein_coding"
"7243","ENSMUSG00000030102","protein_coding"
"7244","ENSMUSG00000030103","protein_coding"
"7245","ENSMUSG00000030105","protein_coding"
"7246","ENSMUSG00000030104","protein_coding"
"7247","ENSMUSG00000056755","protein_coding"
"7248","ENSMUSG00000057604","protein_coding"
"7249","ENSMUSG00000034387","protein_coding"
"7250","ENSMUSG00000062694","protein_coding"
"7251","ENSMUSG00000049112","protein_coding"
"7252","ENSMUSG00000030254","protein_coding"
"7253","ENSMUSG00000030257","protein_coding"
"7254","ENSMUSG00000030264","protein_coding"
"7255","ENSMUSG00000034269","protein_coding"
"7256","ENSMUSG00000042873","protein_coding"
"7257","ENSMUSG00000030269","protein_coding"
"7258","ENSMUSG00000030270","protein_coding"
"7259","ENSMUSG00000001632","protein_coding"
"7260","ENSMUSG00000030271","protein_coding"
"7261","ENSMUSG00000030272","protein_coding"
"7262","ENSMUSG00000048930","protein_coding"
"7263","ENSMUSG00000079426","protein_coding"
"7264","ENSMUSG00000030276","protein_coding"
"7265","ENSMUSG00000051169","protein_coding"
"7266","ENSMUSG00000030278","protein_coding"
"7267","ENSMUSG00000051256","protein_coding"
"7268","ENSMUSG00000043088","protein_coding"
"7269","ENSMUSG00000030281","protein_coding"
"7270","ENSMUSG00000030284","protein_coding"
"7271","ENSMUSG00000045009","protein_coding"
"7272","ENSMUSG00000030286","protein_coding"
"7273","ENSMUSG00000034023","protein_coding"
"7274","ENSMUSG00000033963","protein_coding"
"7275","ENSMUSG00000033940","protein_coding"
"7276","ENSMUSG00000033933","protein_coding"
"7277","ENSMUSG00000060477","protein_coding"
"7278","ENSMUSG00000056952","protein_coding"
"7279","ENSMUSG00000121578","protein_coding"
"7280","ENSMUSG00000064177","protein_coding"
"7281","ENSMUSG00000030298","protein_coding"
"7282","ENSMUSG00000030302","protein_coding"
"7283","ENSMUSG00000030307","protein_coding"
"7284","ENSMUSG00000030310","protein_coding"
"7285","ENSMUSG00000053004","protein_coding"
"7286","ENSMUSG00000030314","protein_coding"
"7287","ENSMUSG00000030315","protein_coding"
"7288","ENSMUSG00000030316","protein_coding"
"7289","ENSMUSG00000009394","protein_coding"
"7290","ENSMUSG00000030317","protein_coding"
"7291","ENSMUSG00000000440","protein_coding"
"7292","ENSMUSG00000042389","protein_coding"
"7293","ENSMUSG00000068011","protein_coding"
"7294","ENSMUSG00000000439","protein_coding"
"7295","ENSMUSG00000000441","protein_coding"
"7296","ENSMUSG00000059900","protein_coding"
"7297","ENSMUSG00000030319","protein_coding"
"7298","ENSMUSG00000057841","protein_coding"
"7299","ENSMUSG00000030321","protein_coding"
"7300","ENSMUSG00000030322","protein_coding"
"7301","ENSMUSG00000030323","protein_coding"
"7302","ENSMUSG00000030324","protein_coding"
"7303","ENSMUSG00000042279","protein_coding"
"7304","ENSMUSG00000030123","protein_coding"
"7305","ENSMUSG00000030126","protein_coding"
"7306","ENSMUSG00000024104","protein_coding"
"7307","ENSMUSG00000042213","protein_coding"
"7308","ENSMUSG00000025702","protein_coding"
"7309","ENSMUSG00000025701","protein_coding"
"7310","ENSMUSG00000053391","protein_coding"
"7311","ENSMUSG00000053251","protein_coding"
"7312","ENSMUSG00000081649","protein_coding"
"7313","ENSMUSG00000107906","protein_coding"
"7314","ENSMUSG00000051046","protein_coding"
"7315","ENSMUSG00000050654","protein_coding"
"7316","ENSMUSG00000059878","protein_coding"
"7317","ENSMUSG00000042129","protein_coding"
"7318","ENSMUSG00000048489","protein_coding"
"7319","ENSMUSG00000048108","protein_coding"
"7320","ENSMUSG00000061353","protein_coding"
"7321","ENSMUSG00000059689","protein_coding"
"7322","ENSMUSG00000042097","protein_coding"
"7323","ENSMUSG00000042079","protein_coding"
"7324","ENSMUSG00000004988","protein_coding"
"7325","ENSMUSG00000030134","protein_coding"
"7326","ENSMUSG00000042042","protein_coding"
"7327","ENSMUSG00000030110","protein_coding"
"7328","ENSMUSG00000030138","protein_coding"
"7329","ENSMUSG00000030145","protein_coding"
"7330","ENSMUSG00000072623","protein_coding"
"7331","ENSMUSG00000007827","protein_coding"
"7332","ENSMUSG00000051331","protein_coding"
"7333","ENSMUSG00000041477","protein_coding"
"7334","ENSMUSG00000041460","protein_coding"
"7335","ENSMUSG00000055003","protein_coding"
"7336","ENSMUSG00000030168","protein_coding"
"7337","ENSMUSG00000030170","protein_coding"
"7338","ENSMUSG00000030019","protein_coding"
"7339","ENSMUSG00000030172","protein_coding"
"7340","ENSMUSG00000030166","protein_coding"
"7341","ENSMUSG00000045962","protein_coding"
"7342","ENSMUSG00000041377","protein_coding"
"7343","ENSMUSG00000041372","protein_coding"
"7344","ENSMUSG00000030177","protein_coding"
"7345","ENSMUSG00000030180","protein_coding"
"7346","ENSMUSG00000002897","protein_coding"
"7347","ENSMUSG00000094626","protein_coding"
"7348","ENSMUSG00000058979","protein_coding"
"7349","ENSMUSG00000071226","protein_coding"
"7350","ENSMUSG00000004902","protein_coding"
"7351","ENSMUSG00000019210","protein_coding"
"7352","ENSMUSG00000009112","protein_coding"
"7353","ENSMUSG00000004446","protein_coding"
"7354","ENSMUSG00000051586","protein_coding"
"7355","ENSMUSG00000067825","protein_coding"
"7356","ENSMUSG00000030137","protein_coding"
"7357","ENSMUSG00000030107","protein_coding"
"7358","ENSMUSG00000030108","protein_coding"
"7359","ENSMUSG00000030109","protein_coding"
"7360","ENSMUSG00000040797","protein_coding"
"7361","ENSMUSG00000030111","protein_coding"
"7362","ENSMUSG00000108022","protein_coding"
"7363","ENSMUSG00000059908","protein_coding"
"7364","ENSMUSG00000030131","protein_coding"
"7365","ENSMUSG00000030114","protein_coding"
"7366","ENSMUSG00000007458","protein_coding"
"7367","ENSMUSG00000040669","protein_coding"
"7368","ENSMUSG00000040649","protein_coding"
"7369","ENSMUSG00000030116","protein_coding"
"7370","ENSMUSG00000040627","protein_coding"
"7371","ENSMUSG00000040613","protein_coding"
"7372","ENSMUSG00000030117","protein_coding"
"7373","ENSMUSG00000046323","protein_coding"
"7374","ENSMUSG00000012396","protein_coding"
"7375","ENSMUSG00000003153","protein_coding"
"7376","ENSMUSG00000003154","protein_coding"
"7377","ENSMUSG00000040552","protein_coding"
"7378","ENSMUSG00000030327","protein_coding"
"7379","ENSMUSG00000049037","protein_coding"
"7380","ENSMUSG00000043832","protein_coding"
"7381","ENSMUSG00000059639","protein_coding"
"7382","ENSMUSG00000030147","protein_coding"
"7383","ENSMUSG00000030148","protein_coding"
"7384","ENSMUSG00000067767","protein_coding"
"7385","ENSMUSG00000023349","protein_coding"
"7386","ENSMUSG00000030144","protein_coding"
"7387","ENSMUSG00000030142","protein_coding"
"7388","ENSMUSG00000091260","protein_coding"
"7389","ENSMUSG00000094145","protein_coding"
"7390","ENSMUSG00000093820","protein_coding"
"7391","ENSMUSG00000095486","protein_coding"
"7392","ENSMUSG00000091620","protein_coding"
"7393","ENSMUSG00000072780","protein_coding"
"7394","ENSMUSG00000094672","protein_coding"
"7395","ENSMUSG00000096630","protein_coding"
"7396","ENSMUSG00000072778","protein_coding"
"7397","ENSMUSG00000008845","protein_coding"
"7398","ENSMUSG00000005069","protein_coding"
"7399","ENSMUSG00000008153","protein_coding"
"7400","ENSMUSG00000038527","protein_coding"
"7401","ENSMUSG00000055172","protein_coding"
"7402","ENSMUSG00000038521","protein_coding"
"7403","ENSMUSG00000098470","protein_coding"
"7404","ENSMUSG00000079343","protein_coding"
"7405","ENSMUSG00000004270","protein_coding"
"7406","ENSMUSG00000004268","protein_coding"
"7407","ENSMUSG00000004264","protein_coding"
"7408","ENSMUSG00000004266","protein_coding"
"7409","ENSMUSG00000072772","protein_coding"
"7410","ENSMUSG00000107478","protein_coding"
"7411","ENSMUSG00000004263","protein_coding"
"7412","ENSMUSG00000004267","protein_coding"
"7413","ENSMUSG00000030125","protein_coding"
"7414","ENSMUSG00000038451","protein_coding"
"7415","ENSMUSG00000023456","protein_coding"
"7416","ENSMUSG00000038429","protein_coding"
"7417","ENSMUSG00000023505","protein_coding"
"7418","ENSMUSG00000023439","protein_coding"
"7419","ENSMUSG00000023191","protein_coding"
"7420","ENSMUSG00000038390","protein_coding"
"7421","ENSMUSG00000023274","protein_coding"
"7422","ENSMUSG00000030124","protein_coding"
"7423","ENSMUSG00000030122","protein_coding"
"7424","ENSMUSG00000030120","protein_coding"
"7425","ENSMUSG00000030127","protein_coding"
"7426","ENSMUSG00000030329","protein_coding"
"7427","ENSMUSG00000038346","protein_coding"
"7428","ENSMUSG00000030330","protein_coding"
"7429","ENSMUSG00000072770","protein_coding"
"7430","ENSMUSG00000067714","protein_coding"
"7431","ENSMUSG00000063870","protein_coding"
"7432","ENSMUSG00000038279","protein_coding"
"7433","ENSMUSG00000038271","protein_coding"
"7434","ENSMUSG00000057666","protein_coding"
"7435","ENSMUSG00000038252","protein_coding"
"7436","ENSMUSG00000030335","protein_coding"
"7437","ENSMUSG00000030337","protein_coding"
"7438","ENSMUSG00000038213","protein_coding"
"7439","ENSMUSG00000030336","protein_coding"
"7440","ENSMUSG00000067702","protein_coding"
"7441","ENSMUSG00000030339","protein_coding"
"7442","ENSMUSG00000030340","protein_coding"
"7443","ENSMUSG00000030341","protein_coding"
"7444","ENSMUSG00000038167","protein_coding"
"7445","ENSMUSG00000030342","protein_coding"
"7446","ENSMUSG00000001930","protein_coding"
"7447","ENSMUSG00000038115","protein_coding"
"7448","ENSMUSG00000049107","protein_coding"
"7449","ENSMUSG00000045534","protein_coding"
"7450","ENSMUSG00000047976","protein_coding"
"7451","ENSMUSG00000038077","protein_coding"
"7452","ENSMUSG00000000399","protein_coding"
"7453","ENSMUSG00000030344","protein_coding"
"7454","ENSMUSG00000030345","protein_coding"
"7455","ENSMUSG00000030346","protein_coding"
"7456","ENSMUSG00000030347","protein_coding"
"7457","ENSMUSG00000000183","protein_coding"
"7458","ENSMUSG00000000182","protein_coding"
"7459","ENSMUSG00000038028","protein_coding"
"7460","ENSMUSG00000000184","protein_coding"
"7461","ENSMUSG00000037997","protein_coding"
"7462","ENSMUSG00000061414","protein_coding"
"7463","ENSMUSG00000030350","protein_coding"
"7464","ENSMUSG00000030351","protein_coding"
"7465","ENSMUSG00000030352","protein_coding"
"7466","ENSMUSG00000030353","protein_coding"
"7467","ENSMUSG00000001521","protein_coding"
"7468","ENSMUSG00000048668","protein_coding"
"7469","ENSMUSG00000001517","protein_coding"
"7470","ENSMUSG00000079304","protein_coding"
"7471","ENSMUSG00000108011","protein_coding"
"7472","ENSMUSG00000001520","protein_coding"
"7473","ENSMUSG00000001518","protein_coding"
"7474","ENSMUSG00000030357","protein_coding"
"7475","ENSMUSG00000030359","protein_coding"
"7476","ENSMUSG00000047228","protein_coding"
"7477","ENSMUSG00000030361","protein_coding"
"7478","ENSMUSG00000030364","protein_coding"
"7479","ENSMUSG00000079299","protein_coding"
"7480","ENSMUSG00000030325","protein_coding"
"7481","ENSMUSG00000107872","protein_coding"
"7482","ENSMUSG00000079298","protein_coding"
"7483","ENSMUSG00000090164","protein_coding"
"7484","ENSMUSG00000030365","protein_coding"
"7485","ENSMUSG00000000248","protein_coding"
"7486","ENSMUSG00000089728","protein_coding"
"7487","ENSMUSG00000030154","protein_coding"
"7488","ENSMUSG00000030155","protein_coding"
"7489","ENSMUSG00000030157","protein_coding"
"7490","ENSMUSG00000030156","protein_coding"
"7491","ENSMUSG00000047720","protein_coding"
"7492","ENSMUSG00000053063","protein_coding"
"7493","ENSMUSG00000030158","protein_coding"
"7494","ENSMUSG00000030159","protein_coding"
"7495","ENSMUSG00000046080","protein_coding"
"7496","ENSMUSG00000033082","protein_coding"
"7497","ENSMUSG00000079293","protein_coding"
"7498","ENSMUSG00000030162","protein_coding"
"7499","ENSMUSG00000030160","protein_coding"
"7500","ENSMUSG00000030161","protein_coding"
"7501","ENSMUSG00000050241","protein_coding"
"7502","ENSMUSG00000030165","protein_coding"
"7503","ENSMUSG00000030149","protein_coding"
"7504","ENSMUSG00000033027","protein_coding"
"7505","ENSMUSG00000052736","protein_coding"
"7506","ENSMUSG00000030167","protein_coding"
"7507","ENSMUSG00000067610","protein_coding"
"7508","ENSMUSG00000043932","protein_coding"
"7509","ENSMUSG00000071158","protein_coding"
"7510","ENSMUSG00000014543","protein_coding"
"7511","ENSMUSG00000030173","protein_coding"
"7512","ENSMUSG00000061769","protein_coding"
"7513","ENSMUSG00000079852","protein_coding"
"7514","ENSMUSG00000089727","protein_coding"
"7515","ENSMUSG00000033024","protein_coding"
"7516","ENSMUSG00000067599","protein_coding"
"7517","ENSMUSG00000072718","protein_coding"
"7518","ENSMUSG00000067591","protein_coding"
"7519","ENSMUSG00000079853","protein_coding"
"7520","ENSMUSG00000030187","protein_coding"
"7521","ENSMUSG00000030188","protein_coding"
"7522","ENSMUSG00000032899","protein_coding"
"7523","ENSMUSG00000030189","protein_coding"
"7524","ENSMUSG00000095577","protein_coding"
"7525","ENSMUSG00000094113","protein_coding"
"7526","ENSMUSG00000054497","protein_coding"
"7527","ENSMUSG00000053389","protein_coding"
"7528","ENSMUSG00000057754","protein_coding"
"7529","ENSMUSG00000061977","protein_coding"
"7530","ENSMUSG00000051153","protein_coding"
"7531","ENSMUSG00000063478","protein_coding"
"7532","ENSMUSG00000067543","protein_coding"
"7533","ENSMUSG00000107874","protein_coding"
"7534","ENSMUSG00000030143","protein_coding"
"7535","ENSMUSG00000059934","protein_coding"
"7536","ENSMUSG00000058295","protein_coding"
"7537","ENSMUSG00000067541","protein_coding"
"7538","ENSMUSG00000059382","protein_coding"
"7539","ENSMUSG00000071150","protein_coding"
"7540","ENSMUSG00000078280","protein_coding"
"7541","ENSMUSG00000071149","protein_coding"
"7542","ENSMUSG00000060412","protein_coding"
"7543","ENSMUSG00000056901","protein_coding"
"7544","ENSMUSG00000053217","protein_coding"
"7545","ENSMUSG00000058349","protein_coding"
"7546","ENSMUSG00000057381","protein_coding"
"7547","ENSMUSG00000030194","protein_coding"
"7548","ENSMUSG00000062952","protein_coding"
"7549","ENSMUSG00000056926","protein_coding"
"7550","ENSMUSG00000059410","protein_coding"
"7551","ENSMUSG00000063762","protein_coding"
"7552","ENSMUSG00000057699","protein_coding"
"7553","ENSMUSG00000062528","protein_coding"
"7554","ENSMUSG00000030196","protein_coding"
"7555","ENSMUSG00000071147","protein_coding"
"7556","ENSMUSG00000072704","protein_coding"
"7557","ENSMUSG00000055594","protein_coding"
"7558","ENSMUSG00000032758","protein_coding"
"7559","ENSMUSG00000030199","protein_coding"
"7560","ENSMUSG00000030200","protein_coding"
"7561","ENSMUSG00000030201","protein_coding"
"7562","ENSMUSG00000032718","protein_coding"
"7563","ENSMUSG00000042992","protein_coding"
"7564","ENSMUSG00000030203","protein_coding"
"7565","ENSMUSG00000032652","protein_coding"
"7566","ENSMUSG00000032641","protein_coding"
"7567","ENSMUSG00000003031","protein_coding"
"7568","ENSMUSG00000090698","protein_coding"
"7569","ENSMUSG00000030204","protein_coding"
"7570","ENSMUSG00000046733","protein_coding"
"7571","ENSMUSG00000030205","protein_coding"
"7572","ENSMUSG00000042770","protein_coding"
"7573","ENSMUSG00000030207","protein_coding"
"7574","ENSMUSG00000030206","protein_coding"
"7575","ENSMUSG00000119940","protein_coding"
"7576","ENSMUSG00000047104","protein_coding"
"7577","ENSMUSG00000030208","protein_coding"
"7578","ENSMUSG00000030209","protein_coding"
"7579","ENSMUSG00000094973","protein_coding"
"7580","ENSMUSG00000045291","protein_coding"
"7581","ENSMUSG00000030213","protein_coding"
"7582","ENSMUSG00000030214","protein_coding"
"7583","ENSMUSG00000042638","protein_coding"
"7584","ENSMUSG00000096010","protein_coding"
"7585","ENSMUSG00000060032","protein_coding"
"7586","ENSMUSG00000030216","protein_coding"
"7587","ENSMUSG00000047515","protein_coding"
"7588","ENSMUSG00000043298","protein_coding"
"7589","ENSMUSG00000030217","protein_coding"
"7590","ENSMUSG00000030218","protein_coding"
"7591","ENSMUSG00000030219","protein_coding"
"7592","ENSMUSG00000030220","protein_coding"
"7593","ENSMUSG00000064330","protein_coding"
"7594","ENSMUSG00000030222","protein_coding"
"7595","ENSMUSG00000030223","protein_coding"
"7596","ENSMUSG00000015766","protein_coding"
"7597","ENSMUSG00000030224","protein_coding"
"7598","ENSMUSG00000030225","protein_coding"
"7599","ENSMUSG00000044378","protein_coding"
"7600","ENSMUSG00000008540","protein_coding"
"7601","ENSMUSG00000030226","protein_coding"
"7602","ENSMUSG00000046717","protein_coding"
"7603","ENSMUSG00000092164","protein_coding"
"7604","ENSMUSG00000030228","protein_coding"
"7605","ENSMUSG00000030230","protein_coding"
"7606","ENSMUSG00000041791","protein_coding"
"7607","ENSMUSG00000030231","protein_coding"
"7608","ENSMUSG00000030232","protein_coding"
"7609","ENSMUSG00000041741","protein_coding"
"7610","ENSMUSG00000030235","protein_coding"
"7611","ENSMUSG00000030236","protein_coding"
"7612","ENSMUSG00000084927","protein_coding"
"7613","ENSMUSG00000030237","protein_coding"
"7614","ENSMUSG00000041698","protein_coding"
"7615","ENSMUSG00000079263","protein_coding"
"7616","ENSMUSG00000079262","protein_coding"
"7617","ENSMUSG00000063975","protein_coding"
"7618","ENSMUSG00000041681","protein_coding"
"7619","ENSMUSG00000041671","protein_coding"
"7620","ENSMUSG00000030243","protein_coding"
"7621","ENSMUSG00000030245","protein_coding"
"7622","ENSMUSG00000071112","protein_coding"
"7623","ENSMUSG00000030244","protein_coding"
"7624","ENSMUSG00000030246","protein_coding"
"7625","ENSMUSG00000030247","protein_coding"
"7626","ENSMUSG00000030249","protein_coding"
"7627","ENSMUSG00000030282","protein_coding"
"7628","ENSMUSG00000048473","protein_coding"
"7629","ENSMUSG00000030283","protein_coding"
"7630","ENSMUSG00000030279","protein_coding"
"7631","ENSMUSG00000030275","protein_coding"
"7632","ENSMUSG00000041540","protein_coding"
"7633","ENSMUSG00000030268","protein_coding"
"7634","ENSMUSG00000030263","protein_coding"
"7635","ENSMUSG00000043541","protein_coding"
"7636","ENSMUSG00000040370","protein_coding"
"7637","ENSMUSG00000030265","protein_coding"
"7638","ENSMUSG00000054966","protein_coding"
"7639","ENSMUSG00000067338","protein_coding"
"7640","ENSMUSG00000030259","protein_coding"
"7641","ENSMUSG00000030256","protein_coding"
"7642","ENSMUSG00000030255","protein_coding"
"7643","ENSMUSG00000030287","protein_coding"
"7644","ENSMUSG00000040250","protein_coding"
"7645","ENSMUSG00000040242","protein_coding"
"7646","ENSMUSG00000040234","protein_coding"
"7647","ENSMUSG00000030291","protein_coding"
"7648","ENSMUSG00000001630","protein_coding"
"7649","ENSMUSG00000040187","protein_coding"
"7650","ENSMUSG00000030292","protein_coding"
"7651","ENSMUSG00000016487","protein_coding"
"7652","ENSMUSG00000040163","protein_coding"
"7653","ENSMUSG00000040121","protein_coding"
"7654","ENSMUSG00000040112","protein_coding"
"7655","ENSMUSG00000072662","protein_coding"
"7656","ENSMUSG00000040102","protein_coding"
"7657","ENSMUSG00000048776","protein_coding"
"7658","ENSMUSG00000030301","protein_coding"
"7659","ENSMUSG00000030303","protein_coding"
"7660","ENSMUSG00000030304","protein_coding"
"7661","ENSMUSG00000030306","protein_coding"
"7662","ENSMUSG00000040029","protein_coding"
"7663","ENSMUSG00000030309","protein_coding"
"7664","ENSMUSG00000039985","protein_coding"
"7665","ENSMUSG00000030313","protein_coding"
"7666","ENSMUSG00000039958","protein_coding"
"7667","ENSMUSG00000068250","protein_coding"
"7668","ENSMUSG00000032712","protein_coding"
"7669","ENSMUSG00000003452","protein_coding"
"7670","ENSMUSG00000054753","protein_coding"
"7671","ENSMUSG00000078817","protein_coding"
"7672","ENSMUSG00000068566","protein_coding"
"7673","ENSMUSG00000078816","protein_coding"
"7674","ENSMUSG00000069806","protein_coding"
"7675","ENSMUSG00000053395","protein_coding"
"7676","ENSMUSG00000078815","protein_coding"
"7677","ENSMUSG00000053338","protein_coding"
"7678","ENSMUSG00000054594","protein_coding"
"7679","ENSMUSG00000035674","protein_coding"
"7680","ENSMUSG00000006335","protein_coding"
"7681","ENSMUSG00000008373","protein_coding"
"7682","ENSMUSG00000035632","protein_coding"
"7683","ENSMUSG00000078813","protein_coding"
"7684","ENSMUSG00000019734","protein_coding"
"7685","ENSMUSG00000035596","protein_coding"
"7686","ENSMUSG00000035585","protein_coding"
"7687","ENSMUSG00000006333","protein_coding"
"7688","ENSMUSG00000058818","protein_coding"
"7689","ENSMUSG00000081665","protein_coding"
"7690","ENSMUSG00000074419","protein_coding"
"7691","ENSMUSG00000089942","protein_coding"
"7692","ENSMUSG00000074417","protein_coding"
"7693","ENSMUSG00000030427","protein_coding"
"7694","ENSMUSG00000055541","protein_coding"
"7695","ENSMUSG00000030428","protein_coding"
"7696","ENSMUSG00000035545","protein_coding"
"7697","ENSMUSG00000043432","protein_coding"
"7698","ENSMUSG00000063838","protein_coding"
"7699","ENSMUSG00000070873","protein_coding"
"7700","ENSMUSG00000062524","protein_coding"
"7701","ENSMUSG00000078810","protein_coding"
"7702","ENSMUSG00000008435","protein_coding"
"7703","ENSMUSG00000006154","protein_coding"
"7704","ENSMUSG00000019254","protein_coding"
"7705","ENSMUSG00000064179","protein_coding"
"7706","ENSMUSG00000035458","protein_coding"
"7707","ENSMUSG00000055809","protein_coding"
"7708","ENSMUSG00000004961","protein_coding"
"7709","ENSMUSG00000035429","protein_coding"
"7710","ENSMUSG00000045282","protein_coding"
"7711","ENSMUSG00000052296","protein_coding"
"7712","ENSMUSG00000063802","protein_coding"
"7713","ENSMUSG00000035390","protein_coding"
"7714","ENSMUSG00000046456","protein_coding"
"7715","ENSMUSG00000059851","protein_coding"
"7716","ENSMUSG00000051811","protein_coding"
"7717","ENSMUSG00000092518","protein_coding"
"7718","ENSMUSG00000004371","protein_coding"
"7719","ENSMUSG00000013091","protein_coding"
"7720","ENSMUSG00000030431","protein_coding"
"7721","ENSMUSG00000030432","protein_coding"
"7722","ENSMUSG00000060860","protein_coding"
"7723","ENSMUSG00000053550","protein_coding"
"7724","ENSMUSG00000052605","protein_coding"
"7725","ENSMUSG00000086784","protein_coding"
"7726","ENSMUSG00000110221","protein_coding"
"7727","ENSMUSG00000074406","protein_coding"
"7728","ENSMUSG00000035285","protein_coding"
"7729","ENSMUSG00000035279","protein_coding"
"7730","ENSMUSG00000030433","protein_coding"
"7731","ENSMUSG00000085272","protein_coding"
"7732","ENSMUSG00000051550","protein_coding"
"7733","ENSMUSG00000061374","protein_coding"
"7734","ENSMUSG00000051184","protein_coding"
"7735","ENSMUSG00000109129","protein_coding"
"7736","ENSMUSG00000074405","protein_coding"
"7737","ENSMUSG00000035228","protein_coding"
"7738","ENSMUSG00000043290","protein_coding"
"7739","ENSMUSG00000055633","protein_coding"
"7740","ENSMUSG00000030435","protein_coding"
"7741","ENSMUSG00000035203","protein_coding"
"7742","ENSMUSG00000035191","protein_coding"
"7743","ENSMUSG00000083649","protein_coding"
"7744","ENSMUSG00000118215","protein_coding"
"7745","ENSMUSG00000091874","protein_coding"
"7746","ENSMUSG00000091652","protein_coding"
"7747","ENSMUSG00000035177","protein_coding"
"7748","ENSMUSG00000048398","protein_coding"
"7749","ENSMUSG00000078808","protein_coding"
"7750","ENSMUSG00000117744","protein_coding"
"7751","ENSMUSG00000066820","protein_coding"
"7752","ENSMUSG00000118298","protein_coding"
"7753","ENSMUSG00000117863","protein_coding"
"7754","ENSMUSG00000092579","protein_coding"
"7755","ENSMUSG00000058631","protein_coding"
"7756","ENSMUSG00000118388","protein_coding"
"7757","ENSMUSG00000066850","protein_coding"
"7758","ENSMUSG00000034690","protein_coding"
"7759","ENSMUSG00000046792","protein_coding"
"7760","ENSMUSG00000044876","protein_coding"
"7761","ENSMUSG00000034660","protein_coding"
"7762","ENSMUSG00000058028","protein_coding"
"7763","ENSMUSG00000053367","protein_coding"
"7764","ENSMUSG00000054893","protein_coding"
"7765","ENSMUSG00000030443","protein_coding"
"7766","ENSMUSG00000109398","protein_coding"
"7767","ENSMUSG00000055150","protein_coding"
"7768","ENSMUSG00000062861","protein_coding"
"7769","ENSMUSG00000093536","protein_coding"
"7770","ENSMUSG00000045929","protein_coding"
"7771","ENSMUSG00000090824","protein_coding"
"7772","ENSMUSG00000048620","protein_coding"
"7773","ENSMUSG00000054938","protein_coding"
"7774","ENSMUSG00000096228","protein_coding"
"7775","ENSMUSG00000034583","protein_coding"
"7776","ENSMUSG00000093877","protein_coding"
"7777","ENSMUSG00000048067","protein_coding"
"7778","ENSMUSG00000056696","protein_coding"
"7779","ENSMUSG00000002266","protein_coding"
"7780","ENSMUSG00000002265","protein_coding"
"7781","ENSMUSG00000051527","protein_coding"
"7782","ENSMUSG00000070837","protein_coding"
"7783","ENSMUSG00000062116","protein_coding"
"7784","ENSMUSG00000063535","protein_coding"
"7785","ENSMUSG00000034538","protein_coding"
"7786","ENSMUSG00000066838","protein_coding"
"7787","ENSMUSG00000110105","protein_coding"
"7788","ENSMUSG00000095730","protein_coding"
"7789","ENSMUSG00000000605","protein_coding"
"7790","ENSMUSG00000070847","protein_coding"
"7791","ENSMUSG00000110139","protein_coding"
"7792","ENSMUSG00000096373","protein_coding"
"7793","ENSMUSG00000096743","protein_coding"
"7794","ENSMUSG00000096691","protein_coding"
"7795","ENSMUSG00000070841","protein_coding"
"7796","ENSMUSG00000096399","protein_coding"
"7797","ENSMUSG00000091651","protein_coding"
"7798","ENSMUSG00000090892","protein_coding"
"7799","ENSMUSG00000070844","protein_coding"
"7800","ENSMUSG00000053720","protein_coding"
"7801","ENSMUSG00000094098","protein_coding"
"7802","ENSMUSG00000090662","protein_coding"
"7803","ENSMUSG00000090864","protein_coding"
"7804","ENSMUSG00000096658","protein_coding"
"7805","ENSMUSG00000095773","protein_coding"
"7806","ENSMUSG00000066828","protein_coding"
"7807","ENSMUSG00000096294","protein_coding"
"7808","ENSMUSG00000095914","protein_coding"
"7809","ENSMUSG00000096180","protein_coding"
"7810","ENSMUSG00000094606","protein_coding"
"7811","ENSMUSG00000058685","protein_coding"
"7812","ENSMUSG00000091930","protein_coding"
"7813","ENSMUSG00000043066","protein_coding"
"7814","ENSMUSG00000046716","protein_coding"
"7815","ENSMUSG00000030393","protein_coding"
"7816","ENSMUSG00000047031","protein_coding"
"7817","ENSMUSG00000091662","protein_coding"
"7818","ENSMUSG00000045340","protein_coding"
"7819","ENSMUSG00000034087","protein_coding"
"7820","ENSMUSG00000059206","protein_coding"
"7821","ENSMUSG00000095339","protein_coding"
"7822","ENSMUSG00000054272","protein_coding"
"7823","ENSMUSG00000110103","protein_coding"
"7824","ENSMUSG00000090714","protein_coding"
"7825","ENSMUSG00000095936","protein_coding"
"7826","ENSMUSG00000070828","protein_coding"
"7827","ENSMUSG00000110190","protein_coding"
"7828","ENSMUSG00000109969","protein_coding"
"7829","ENSMUSG00000095430","protein_coding"
"7830","ENSMUSG00000051687","protein_coding"
"7831","ENSMUSG00000047655","protein_coding"
"7832","ENSMUSG00000043308","protein_coding"
"7833","ENSMUSG00000115267","protein_coding"
"7834","ENSMUSG00000095864","protein_coding"
"7835","ENSMUSG00000061602","protein_coding"
"7836","ENSMUSG00000096735","protein_coding"
"7837","ENSMUSG00000115744","protein_coding"
"7838","ENSMUSG00000115027","protein_coding"
"7839","ENSMUSG00000058132","protein_coding"
"7840","ENSMUSG00000066804","protein_coding"
"7841","ENSMUSG00000066803","protein_coding"
"7842","ENSMUSG00000034071","protein_coding"
"7843","ENSMUSG00000030386","protein_coding"
"7844","ENSMUSG00000030385","protein_coding"
"7845","ENSMUSG00000096002","protein_coding"
"7846","ENSMUSG00000096593","protein_coding"
"7847","ENSMUSG00000091045","protein_coding"
"7848","ENSMUSG00000090762","protein_coding"
"7849","ENSMUSG00000070822","protein_coding"
"7850","ENSMUSG00000057894","protein_coding"
"7851","ENSMUSG00000058638","protein_coding"
"7852","ENSMUSG00000060397","protein_coding"
"7853","ENSMUSG00000054715","protein_coding"
"7854","ENSMUSG00000012848","protein_coding"
"7855","ENSMUSG00000033967","protein_coding"
"7856","ENSMUSG00000004500","protein_coding"
"7857","ENSMUSG00000033961","protein_coding"
"7858","ENSMUSG00000030382","protein_coding"
"7859","ENSMUSG00000005566","protein_coding"
"7860","ENSMUSG00000049600","protein_coding"
"7861","ENSMUSG00000033916","protein_coding"
"7862","ENSMUSG00000005575","protein_coding"
"7863","ENSMUSG00000030380","protein_coding"
"7864","ENSMUSG00000070817","protein_coding"
"7865","ENSMUSG00000070816","protein_coding"
"7866","ENSMUSG00000070815","protein_coding"
"7867","ENSMUSG00000117853","protein_coding"
"7868","ENSMUSG00000095629","protein_coding"
"7869","ENSMUSG00000070814","protein_coding"
"7870","ENSMUSG00000056394","protein_coding"
"7871","ENSMUSG00000033847","protein_coding"
"7872","ENSMUSG00000005649","protein_coding"
"7873","ENSMUSG00000074378","protein_coding"
"7874","ENSMUSG00000078800","protein_coding"
"7875","ENSMUSG00000078799","protein_coding"
"7876","ENSMUSG00000070811","protein_coding"
"7877","ENSMUSG00000078798","protein_coding"
"7878","ENSMUSG00000074377","protein_coding"
"7879","ENSMUSG00000074375","protein_coding"
"7880","ENSMUSG00000070810","protein_coding"
"7881","ENSMUSG00000099216","protein_coding"
"7882","ENSMUSG00000030378","protein_coding"
"7883","ENSMUSG00000094156","protein_coding"
"7884","ENSMUSG00000100586","protein_coding"
"7885","ENSMUSG00000055942","protein_coding"
"7886","ENSMUSG00000074369","protein_coding"
"7887","ENSMUSG00000054310","protein_coding"
"7888","ENSMUSG00000066772","protein_coding"
"7889","ENSMUSG00000074366","protein_coding"
"7890","ENSMUSG00000041583","protein_coding"
"7891","ENSMUSG00000041578","protein_coding"
"7892","ENSMUSG00000041571","protein_coding"
"7893","ENSMUSG00000041560","protein_coding"
"7894","ENSMUSG00000074364","protein_coding"
"7895","ENSMUSG00000070808","protein_coding"
"7896","ENSMUSG00000078796","protein_coding"
"7897","ENSMUSG00000006024","protein_coding"
"7898","ENSMUSG00000006021","protein_coding"
"7899","ENSMUSG00000030376","protein_coding"
"7900","ENSMUSG00000041420","protein_coding"
"7901","ENSMUSG00000006019","protein_coding"
"7902","ENSMUSG00000074361","protein_coding"
"7903","ENSMUSG00000049130","protein_coding"
"7904","ENSMUSG00000091811","protein_coding"
"7905","ENSMUSG00000041375","protein_coding"
"7906","ENSMUSG00000002083","protein_coding"
"7907","ENSMUSG00000052833","protein_coding"
"7908","ENSMUSG00000059273","protein_coding"
"7909","ENSMUSG00000019158","protein_coding"
"7910","ENSMUSG00000001988","protein_coding"
"7911","ENSMUSG00000058230","protein_coding"
"7912","ENSMUSG00000078795","protein_coding"
"7913","ENSMUSG00000007209","protein_coding"
"7914","ENSMUSG00000008036","protein_coding"
"7915","ENSMUSG00000001918","protein_coding"
"7916","ENSMUSG00000048920","protein_coding"
"7917","ENSMUSG00000030374","protein_coding"
"7918","ENSMUSG00000041187","protein_coding"
"7919","ENSMUSG00000078794","protein_coding"
"7920","ENSMUSG00000063594","protein_coding"
"7921","ENSMUSG00000043017","protein_coding"
"7922","ENSMUSG00000019370","protein_coding"
"7923","ENSMUSG00000070802","protein_coding"
"7924","ENSMUSG00000041141","protein_coding"
"7925","ENSMUSG00000108348","protein_coding"
"7926","ENSMUSG00000041117","protein_coding"
"7927","ENSMUSG00000003099","protein_coding"
"7928","ENSMUSG00000004328","protein_coding"
"7929","ENSMUSG00000066760","protein_coding"
"7930","ENSMUSG00000053228","protein_coding"
"7931","ENSMUSG00000023159","protein_coding"
"7932","ENSMUSG00000008789","protein_coding"
"7933","ENSMUSG00000023185","protein_coding"
"7934","ENSMUSG00000078793","protein_coding"
"7935","ENSMUSG00000030368","protein_coding"
"7936","ENSMUSG00000057195","protein_coding"
"7937","ENSMUSG00000030366","protein_coding"
"7938","ENSMUSG00000066756","protein_coding"
"7939","ENSMUSG00000054005","protein_coding"
"7940","ENSMUSG00000003505","protein_coding"
"7941","ENSMUSG00000030373","protein_coding"
"7942","ENSMUSG00000070799","protein_coding"
"7943","ENSMUSG00000070798","protein_coding"
"7944","ENSMUSG00000070797","protein_coding"
"7945","ENSMUSG00000074359","protein_coding"
"7946","ENSMUSG00000070796","protein_coding"
"7947","ENSMUSG00000063305","protein_coding"
"7948","ENSMUSG00000044903","protein_coding"
"7949","ENSMUSG00000004542","protein_coding"
"7950","ENSMUSG00000004540","protein_coding"
"7951","ENSMUSG00000040987","protein_coding"
"7952","ENSMUSG00000030413","protein_coding"
"7953","ENSMUSG00000074358","protein_coding"
"7954","ENSMUSG00000030411","protein_coding"
"7955","ENSMUSG00000051965","protein_coding"
"7956","ENSMUSG00000048481","protein_coding"
"7957","ENSMUSG00000044030","protein_coding"
"7958","ENSMUSG00000040891","protein_coding"
"7959","ENSMUSG00000023118","protein_coding"
"7960","ENSMUSG00000040866","protein_coding"
"7961","ENSMUSG00000030410","protein_coding"
"7962","ENSMUSG00000030409","protein_coding"
"7963","ENSMUSG00000040841","protein_coding"
"7964","ENSMUSG00000085601","protein_coding"
"7965","ENSMUSG00000050428","protein_coding"
"7966","ENSMUSG00000030407","protein_coding"
"7967","ENSMUSG00000040824","protein_coding"
"7968","ENSMUSG00000030406","protein_coding"
"7969","ENSMUSG00000040811","protein_coding"
"7970","ENSMUSG00000044317","protein_coding"
"7971","ENSMUSG00000052214","protein_coding"
"7972","ENSMUSG00000030403","protein_coding"
"7973","ENSMUSG00000030402","protein_coding"
"7974","ENSMUSG00000030401","protein_coding"
"7975","ENSMUSG00000003545","protein_coding"
"7976","ENSMUSG00000003549","protein_coding"
"7977","ENSMUSG00000047649","protein_coding"
"7978","ENSMUSG00000040734","protein_coding"
"7979","ENSMUSG00000030400","protein_coding"
"7980","ENSMUSG00000040714","protein_coding"
"7981","ENSMUSG00000030399","protein_coding"
"7982","ENSMUSG00000030397","protein_coding"
"7983","ENSMUSG00000011263","protein_coding"
"7984","ENSMUSG00000057667","protein_coding"
"7985","ENSMUSG00000002043","protein_coding"
"7986","ENSMUSG00000060621","protein_coding"
"7987","ENSMUSG00000051403","protein_coding"
"7988","ENSMUSG00000044709","protein_coding"
"7989","ENSMUSG00000011267","protein_coding"
"7990","ENSMUSG00000061028","protein_coding"
"7991","ENSMUSG00000002983","protein_coding"
"7992","ENSMUSG00000002981","protein_coding"
"7993","ENSMUSG00000002992","protein_coding"
"7994","ENSMUSG00000109350","protein_coding"
"7995","ENSMUSG00000074336","protein_coding"
"7996","ENSMUSG00000040564","protein_coding"
"7997","ENSMUSG00000002985","protein_coding"
"7998","ENSMUSG00000002984","protein_coding"
"7999","ENSMUSG00000062300","protein_coding"
"8000","ENSMUSG00000002980","protein_coding"
"8001","ENSMUSG00000040525","protein_coding"
"8002","ENSMUSG00000053175","protein_coding"
"8003","ENSMUSG00000092216","protein_coding"
"8004","ENSMUSG00000014686","protein_coding"
"8005","ENSMUSG00000049848","protein_coding"
"8006","ENSMUSG00000040511","protein_coding"
"8007","ENSMUSG00000040498","protein_coding"
"8008","ENSMUSG00000070777","protein_coding"
"8009","ENSMUSG00000060508","protein_coding"
"8010","ENSMUSG00000095201","protein_coding"
"8011","ENSMUSG00000096152","protein_coding"
"8012","ENSMUSG00000096164","protein_coding"
"8013","ENSMUSG00000094011","protein_coding"
"8014","ENSMUSG00000094735","protein_coding"
"8015","ENSMUSG00000094298","protein_coding"
"8016","ENSMUSG00000094757","protein_coding"
"8017","ENSMUSG00000109166","protein_coding"
"8018","ENSMUSG00000095745","protein_coding"
"8019","ENSMUSG00000095806","protein_coding"
"8020","ENSMUSG00000096386","protein_coding"
"8021","ENSMUSG00000094545","protein_coding"
"8022","ENSMUSG00000094762","protein_coding"
"8023","ENSMUSG00000096663","protein_coding"
"8024","ENSMUSG00000096903","protein_coding"
"8025","ENSMUSG00000096761","protein_coding"
"8026","ENSMUSG00000095837","protein_coding"
"8027","ENSMUSG00000109060","protein_coding"
"8028","ENSMUSG00000095275","protein_coding"
"8029","ENSMUSG00000095768","protein_coding"
"8030","ENSMUSG00000095190","protein_coding"
"8031","ENSMUSG00000094284","protein_coding"
"8032","ENSMUSG00000091638","protein_coding"
"8033","ENSMUSG00000094085","protein_coding"
"8034","ENSMUSG00000091435","protein_coding"
"8035","ENSMUSG00000095973","protein_coding"
"8036","ENSMUSG00000096737","protein_coding"
"8037","ENSMUSG00000094589","protein_coding"
"8038","ENSMUSG00000094010","protein_coding"
"8039","ENSMUSG00000093986","protein_coding"
"8040","ENSMUSG00000094680","protein_coding"
"8041","ENSMUSG00000094001","protein_coding"
"8042","ENSMUSG00000094385","protein_coding"
"8043","ENSMUSG00000101436","protein_coding"
"8044","ENSMUSG00000094221","protein_coding"
"8045","ENSMUSG00000095309","protein_coding"
"8046","ENSMUSG00000096813","protein_coding"
"8047","ENSMUSG00000093890","protein_coding"
"8048","ENSMUSG00000095758","protein_coding"
"8049","ENSMUSG00000094879","protein_coding"
"8050","ENSMUSG00000109516","protein_coding"
"8051","ENSMUSG00000094208","protein_coding"
"8052","ENSMUSG00000093941","protein_coding"
"8053","ENSMUSG00000074322","protein_coding"
"8054","ENSMUSG00000096513","protein_coding"
"8055","ENSMUSG00000096760","protein_coding"
"8056","ENSMUSG00000095064","protein_coding"
"8057","ENSMUSG00000095191","protein_coding"
"8058","ENSMUSG00000095976","protein_coding"
"8059","ENSMUSG00000095962","protein_coding"
"8060","ENSMUSG00000095163","protein_coding"
"8061","ENSMUSG00000096283","protein_coding"
"8062","ENSMUSG00000074311","protein_coding"
"8063","ENSMUSG00000096304","protein_coding"
"8064","ENSMUSG00000096348","protein_coding"
"8065","ENSMUSG00000095273","protein_coding"
"8066","ENSMUSG00000096071","protein_coding"
"8067","ENSMUSG00000094981","protein_coding"
"8068","ENSMUSG00000094149","protein_coding"
"8069","ENSMUSG00000093871","protein_coding"
"8070","ENSMUSG00000093917","protein_coding"
"8071","ENSMUSG00000095543","protein_coding"
"8072","ENSMUSG00000094542","protein_coding"
"8073","ENSMUSG00000096871","protein_coding"
"8074","ENSMUSG00000093853","protein_coding"
"8075","ENSMUSG00000095383","protein_coding"
"8076","ENSMUSG00000094748","protein_coding"
"8077","ENSMUSG00000095984","protein_coding"
"8078","ENSMUSG00000109396","protein_coding"
"8079","ENSMUSG00000094905","protein_coding"
"8080","ENSMUSG00000095081","protein_coding"
"8081","ENSMUSG00000095363","protein_coding"
"8082","ENSMUSG00000095619","protein_coding"
"8083","ENSMUSG00000094700","protein_coding"
"8084","ENSMUSG00000095931","protein_coding"
"8085","ENSMUSG00000094931","protein_coding"
"8086","ENSMUSG00000092297","protein_coding"
"8087","ENSMUSG00000094532","protein_coding"
"8088","ENSMUSG00000094934","protein_coding"
"8089","ENSMUSG00000096601","protein_coding"
"8090","ENSMUSG00000095683","protein_coding"
"8091","ENSMUSG00000095358","protein_coding"
"8092","ENSMUSG00000096073","protein_coding"
"8093","ENSMUSG00000094682","protein_coding"
"8094","ENSMUSG00000045693","protein_coding"
"8095","ENSMUSG00000015721","protein_coding"
"8096","ENSMUSG00000090715","protein_coding"
"8097","ENSMUSG00000074291","protein_coding"
"8098","ENSMUSG00000094602","protein_coding"
"8099","ENSMUSG00000094187","protein_coding"
"8100","ENSMUSG00000062483","protein_coding"
"8101","ENSMUSG00000035523","protein_coding"
"8102","ENSMUSG00000115021","protein_coding"
"8103","ENSMUSG00000090411","protein_coding"
"8104","ENSMUSG00000095632","protein_coding"
"8105","ENSMUSG00000096859","protein_coding"
"8106","ENSMUSG00000057513","protein_coding"
"8107","ENSMUSG00000062598","protein_coding"
"8108","ENSMUSG00000046924","protein_coding"
"8109","ENSMUSG00000092473","protein_coding"
"8110","ENSMUSG00000097425","protein_coding"
"8111","ENSMUSG00000092456","protein_coding"
"8112","ENSMUSG00000118318","protein_coding"
"8113","ENSMUSG00000057101","protein_coding"
"8114","ENSMUSG00000052675","protein_coding"
"8115","ENSMUSG00000047603","protein_coding"
"8116","ENSMUSG00000068962","protein_coding"
"8117","ENSMUSG00000087598","protein_coding"
"8118","ENSMUSG00000074283","protein_coding"
"8119","ENSMUSG00000030486","protein_coding"
"8120","ENSMUSG00000055305","protein_coding"
"8121","ENSMUSG00000050605","protein_coding"
"8122","ENSMUSG00000074282","protein_coding"
"8123","ENSMUSG00000055826","protein_coding"
"8124","ENSMUSG00000030484","protein_coding"
"8125","ENSMUSG00000054342","protein_coding"
"8126","ENSMUSG00000002210","protein_coding"
"8127","ENSMUSG00000062028","protein_coding"
"8128","ENSMUSG00000046223","protein_coding"
"8129","ENSMUSG00000054793","protein_coding"
"8130","ENSMUSG00000064264","protein_coding"
"8131","ENSMUSG00000117477","protein_coding"
"8132","ENSMUSG00000041037","protein_coding"
"8133","ENSMUSG00000011632","protein_coding"
"8134","ENSMUSG00000051768","protein_coding"
"8135","ENSMUSG00000066721","protein_coding"
"8136","ENSMUSG00000064254","protein_coding"
"8137","ENSMUSG00000074277","protein_coding"
"8138","ENSMUSG00000057454","protein_coding"
"8139","ENSMUSG00000062773","protein_coding"
"8140","ENSMUSG00000045587","protein_coding"
"8141","ENSMUSG00000058717","protein_coding"
"8142","ENSMUSG00000052212","protein_coding"
"8143","ENSMUSG00000054169","protein_coding"
"8144","ENSMUSG00000091955","protein_coding"
"8145","ENSMUSG00000062732","protein_coding"
"8146","ENSMUSG00000011349","protein_coding"
"8147","ENSMUSG00000040952","protein_coding"
"8148","ENSMUSG00000003379","protein_coding"
"8149","ENSMUSG00000040940","protein_coding"
"8150","ENSMUSG00000108367","protein_coding"
"8151","ENSMUSG00000003380","protein_coding"
"8152","ENSMUSG00000040907","protein_coding"
"8153","ENSMUSG00000003378","protein_coding"
"8154","ENSMUSG00000045252","protein_coding"
"8155","ENSMUSG00000008496","protein_coding"
"8156","ENSMUSG00000054499","protein_coding"
"8157","ENSMUSG00000046541","protein_coding"
"8158","ENSMUSG00000057177","protein_coding"
"8159","ENSMUSG00000040857","protein_coding"
"8160","ENSMUSG00000005442","protein_coding"
"8161","ENSMUSG00000005447","protein_coding"
"8162","ENSMUSG00000058741","protein_coding"
"8163","ENSMUSG00000043843","protein_coding"
"8164","ENSMUSG00000045039","protein_coding"
"8165","ENSMUSG00000063651","protein_coding"
"8166","ENSMUSG00000003123","protein_coding"
"8167","ENSMUSG00000060188","protein_coding"
"8168","ENSMUSG00000074272","protein_coding"
"8169","ENSMUSG00000054385","protein_coding"
"8170","ENSMUSG00000074261","protein_coding"
"8171","ENSMUSG00000057229","protein_coding"
"8172","ENSMUSG00000059479","protein_coding"
"8173","ENSMUSG00000060376","protein_coding"
"8174","ENSMUSG00000061286","protein_coding"
"8175","ENSMUSG00000061702","protein_coding"
"8176","ENSMUSG00000063439","protein_coding"
"8177","ENSMUSG00000002603","protein_coding"
"8178","ENSMUSG00000002608","protein_coding"
"8179","ENSMUSG00000040725","protein_coding"
"8180","ENSMUSG00000002602","protein_coding"
"8181","ENSMUSG00000040703","protein_coding"
"8182","ENSMUSG00000030483","protein_coding"
"8183","ENSMUSG00000040583","protein_coding"
"8184","ENSMUSG00000040660","protein_coding"
"8185","ENSMUSG00000046130","protein_coding"
"8186","ENSMUSG00000074254","protein_coding"
"8187","ENSMUSG00000040614","protein_coding"
"8188","ENSMUSG00000040601","protein_coding"
"8189","ENSMUSG00000054102","protein_coding"
"8190","ENSMUSG00000091924","protein_coding"
"8191","ENSMUSG00000040650","protein_coding"
"8192","ENSMUSG00000066704","protein_coding"
"8193","ENSMUSG00000049685","protein_coding"
"8194","ENSMUSG00000005547","protein_coding"
"8195","ENSMUSG00000091867","protein_coding"
"8196","ENSMUSG00000060407","protein_coding"
"8197","ENSMUSG00000052974","protein_coding"
"8198","ENSMUSG00000078787","protein_coding"
"8199","ENSMUSG00000058709","protein_coding"
"8200","ENSMUSG00000053291","protein_coding"
"8201","ENSMUSG00000095538","protein_coding"
"8202","ENSMUSG00000089661","protein_coding"
"8203","ENSMUSG00000061479","protein_coding"
"8204","ENSMUSG00000078786","protein_coding"
"8205","ENSMUSG00000003752","protein_coding"
"8206","ENSMUSG00000003762","protein_coding"
"8207","ENSMUSG00000063160","protein_coding"
"8208","ENSMUSG00000040488","protein_coding"
"8209","ENSMUSG00000089832","protein_coding"
"8210","ENSMUSG00000092367","protein_coding"
"8211","ENSMUSG00000011751","protein_coding"
"8212","ENSMUSG00000040466","protein_coding"
"8213","ENSMUSG00000055200","protein_coding"
"8214","ENSMUSG00000008384","protein_coding"
"8215","ENSMUSG00000053198","protein_coding"
"8216","ENSMUSG00000040424","protein_coding"
"8217","ENSMUSG00000003363","protein_coding"
"8218","ENSMUSG00000049643","protein_coding"
"8219","ENSMUSG00000004056","protein_coding"
"8220","ENSMUSG00000007944","protein_coding"
"8221","ENSMUSG00000040390","protein_coding"
"8222","ENSMUSG00000057093","protein_coding"
"8223","ENSMUSG00000037640","protein_coding"
"8224","ENSMUSG00000030604","protein_coding"
"8225","ENSMUSG00000078779","protein_coding"
"8226","ENSMUSG00000020420","protein_coding"
"8227","ENSMUSG00000070709","protein_coding"
"8228","ENSMUSG00000063047","protein_coding"
"8229","ENSMUSG00000096916","protein_coding"
"8230","ENSMUSG00000030603","protein_coding"
"8231","ENSMUSG00000047730","protein_coding"
"8232","ENSMUSG00000078776","protein_coding"
"8233","ENSMUSG00000046865","protein_coding"
"8234","ENSMUSG00000002409","protein_coding"
"8235","ENSMUSG00000121575","protein_coding"
"8236","ENSMUSG00000046058","protein_coding"
"8237","ENSMUSG00000070705","protein_coding"
"8238","ENSMUSG00000046750","protein_coding"
"8239","ENSMUSG00000003436","protein_coding"
"8240","ENSMUSG00000003438","protein_coding"
"8241","ENSMUSG00000003435","protein_coding"
"8242","ENSMUSG00000037563","protein_coding"
"8243","ENSMUSG00000037552","protein_coding"
"8244","ENSMUSG00000044786","protein_coding"
"8245","ENSMUSG00000003444","protein_coding"
"8246","ENSMUSG00000003437","protein_coding"
"8247","ENSMUSG00000109336","protein_coding"
"8248","ENSMUSG00000060791","protein_coding"
"8249","ENSMUSG00000030600","protein_coding"
"8250","ENSMUSG00000059128","protein_coding"
"8251","ENSMUSG00000060747","protein_coding"
"8252","ENSMUSG00000084174","protein_coding"
"8253","ENSMUSG00000047586","protein_coding"
"8254","ENSMUSG00000030602","protein_coding"
"8255","ENSMUSG00000037469","protein_coding"
"8256","ENSMUSG00000037463","protein_coding"
"8257","ENSMUSG00000030598","protein_coding"
"8258","ENSMUSG00000045948","protein_coding"
"8259","ENSMUSG00000070699","protein_coding"
"8260","ENSMUSG00000096257","protein_coding"
"8261","ENSMUSG00000030595","protein_coding"
"8262","ENSMUSG00000015149","protein_coding"
"8263","ENSMUSG00000051735","protein_coding"
"8264","ENSMUSG00000015165","protein_coding"
"8265","ENSMUSG00000053898","protein_coding"
"8266","ENSMUSG00000053964","protein_coding"
"8267","ENSMUSG00000053522","protein_coding"
"8268","ENSMUSG00000054083","protein_coding"
"8269","ENSMUSG00000054808","protein_coding"
"8270","ENSMUSG00000053565","protein_coding"
"8271","ENSMUSG00000037337","protein_coding"
"8272","ENSMUSG00000030592","protein_coding"
"8273","ENSMUSG00000030589","protein_coding"
"8274","ENSMUSG00000030590","protein_coding"
"8275","ENSMUSG00000037239","protein_coding"
"8276","ENSMUSG00000031493","protein_coding"
"8277","ENSMUSG00000030591","protein_coding"
"8278","ENSMUSG00000049676","protein_coding"
"8279","ENSMUSG00000046410","protein_coding"
"8280","ENSMUSG00000030588","protein_coding"
"8281","ENSMUSG00000030587","protein_coding"
"8282","ENSMUSG00000074227","protein_coding"
"8283","ENSMUSG00000037166","protein_coding"
"8284","ENSMUSG00000030584","protein_coding"
"8285","ENSMUSG00000030583","protein_coding"
"8286","ENSMUSG00000049123","protein_coding"
"8287","ENSMUSG00000046185","protein_coding"
"8288","ENSMUSG00000047473","protein_coding"
"8289","ENSMUSG00000011427","protein_coding"
"8290","ENSMUSG00000050855","protein_coding"
"8291","ENSMUSG00000058402","protein_coding"
"8292","ENSMUSG00000062040","protein_coding"
"8293","ENSMUSG00000099689","protein_coding"
"8294","ENSMUSG00000059975","protein_coding"
"8295","ENSMUSG00000074221","protein_coding"
"8296","ENSMUSG00000053985","protein_coding"
"8297","ENSMUSG00000098022","protein_coding"
"8298","ENSMUSG00000058447","protein_coding"
"8299","ENSMUSG00000078768","protein_coding"
"8300","ENSMUSG00000049421","protein_coding"
"8301","ENSMUSG00000074220","protein_coding"
"8302","ENSMUSG00000037029","protein_coding"
"8303","ENSMUSG00000074218","protein_coding"
"8304","ENSMUSG00000001794","protein_coding"
"8305","ENSMUSG00000006095","protein_coding"
"8306","ENSMUSG00000019738","protein_coding"
"8307","ENSMUSG00000100512","protein_coding"
"8308","ENSMUSG00000037020","protein_coding"
"8309","ENSMUSG00000013921","protein_coding"
"8310","ENSMUSG00000042831","protein_coding"
"8311","ENSMUSG00000019737","protein_coding"
"8312","ENSMUSG00000074211","protein_coding"
"8313","ENSMUSG00000036957","protein_coding"
"8314","ENSMUSG00000030579","protein_coding"
"8315","ENSMUSG00000064109","protein_coding"
"8316","ENSMUSG00000036931","protein_coding"
"8317","ENSMUSG00000006651","protein_coding"
"8318","ENSMUSG00000036915","protein_coding"
"8319","ENSMUSG00000006649","protein_coding"
"8320","ENSMUSG00000036892","protein_coding"
"8321","ENSMUSG00000062132","protein_coding"
"8322","ENSMUSG00000036882","protein_coding"
"8323","ENSMUSG00000036864","protein_coding"
"8324","ENSMUSG00000036854","protein_coding"
"8325","ENSMUSG00000036845","protein_coding"
"8326","ENSMUSG00000036835","protein_coding"
"8327","ENSMUSG00000078765","protein_coding"
"8328","ENSMUSG00000109378","protein_coding"
"8329","ENSMUSG00000036826","protein_coding"
"8330","ENSMUSG00000006307","protein_coding"
"8331","ENSMUSG00000006310","protein_coding"
"8332","ENSMUSG00000006313","protein_coding"
"8333","ENSMUSG00000036751","protein_coding"
"8334","ENSMUSG00000006311","protein_coding"
"8335","ENSMUSG00000036733","protein_coding"
"8336","ENSMUSG00000078762","protein_coding"
"8337","ENSMUSG00000049761","protein_coding"
"8338","ENSMUSG00000013083","protein_coding"
"8339","ENSMUSG00000005553","protein_coding"
"8340","ENSMUSG00000006315","protein_coding"
"8341","ENSMUSG00000061099","protein_coding"
"8342","ENSMUSG00000046056","protein_coding"
"8343","ENSMUSG00000060962","protein_coding"
"8344","ENSMUSG00000074199","protein_coding"
"8345","ENSMUSG00000051314","protein_coding"
"8346","ENSMUSG00000019429","protein_coding"
"8347","ENSMUSG00000044453","protein_coding"
"8348","ENSMUSG00000030577","protein_coding"
"8349","ENSMUSG00000036634","protein_coding"
"8350","ENSMUSG00000056978","protein_coding"
"8351","ENSMUSG00000050440","protein_coding"
"8352","ENSMUSG00000058239","protein_coding"
"8353","ENSMUSG00000001247","protein_coding"
"8354","ENSMUSG00000046826","protein_coding"
"8355","ENSMUSG00000009687","protein_coding"
"8356","ENSMUSG00000036578","protein_coding"
"8357","ENSMUSG00000036570","protein_coding"
"8358","ENSMUSG00000036560","protein_coding"
"8359","ENSMUSG00000057092","protein_coding"
"8360","ENSMUSG00000001249","protein_coding"
"8361","ENSMUSG00000019194","protein_coding"
"8362","ENSMUSG00000001248","protein_coding"
"8363","ENSMUSG00000036521","protein_coding"
"8364","ENSMUSG00000062556","protein_coding"
"8365","ENSMUSG00000078754","protein_coding"
"8366","ENSMUSG00000095257","protein_coding"
"8367","ENSMUSG00000094053","protein_coding"
"8368","ENSMUSG00000078759","protein_coding"
"8369","ENSMUSG00000099581","protein_coding"
"8370","ENSMUSG00000099729","protein_coding"
"8371","ENSMUSG00000101638","protein_coding"
"8372","ENSMUSG00000097982","protein_coding"
"8373","ENSMUSG00000101520","protein_coding"
"8374","ENSMUSG00000078757","protein_coding"
"8375","ENSMUSG00000097972","protein_coding"
"8376","ENSMUSG00000101232","protein_coding"
"8377","ENSMUSG00000098094","protein_coding"
"8378","ENSMUSG00000099898","protein_coding"
"8379","ENSMUSG00000100058","protein_coding"
"8380","ENSMUSG00000101401","protein_coding"
"8381","ENSMUSG00000096467","protein_coding"
"8382","ENSMUSG00000095232","protein_coding"
"8383","ENSMUSG00000094305","protein_coding"
"8384","ENSMUSG00000094978","protein_coding"
"8385","ENSMUSG00000099900","protein_coding"
"8386","ENSMUSG00000046438","protein_coding"
"8387","ENSMUSG00000078753","protein_coding"
"8388","ENSMUSG00000066586","protein_coding"
"8389","ENSMUSG00000066584","protein_coding"
"8390","ENSMUSG00000066583","protein_coding"
"8391","ENSMUSG00000078752","protein_coding"
"8392","ENSMUSG00000036459","protein_coding"
"8393","ENSMUSG00000052997","protein_coding"
"8394","ENSMUSG00000002635","protein_coding"
"8395","ENSMUSG00000036427","protein_coding"
"8396","ENSMUSG00000066571","protein_coding"
"8397","ENSMUSG00000066568","protein_coding"
"8398","ENSMUSG00000030499","protein_coding"
"8399","ENSMUSG00000060402","protein_coding"
"8400","ENSMUSG00000063931","protein_coding"
"8401","ENSMUSG00000056216","protein_coding"
"8402","ENSMUSG00000034957","protein_coding"
"8403","ENSMUSG00000030495","protein_coding"
"8404","ENSMUSG00000001802","protein_coding"
"8405","ENSMUSG00000118454","protein_coding"
"8406","ENSMUSG00000063808","protein_coding"
"8407","ENSMUSG00000030494","protein_coding"
"8408","ENSMUSG00000030493","protein_coding"
"8409","ENSMUSG00000023072","protein_coding"
"8410","ENSMUSG00000030492","protein_coding"
"8411","ENSMUSG00000030491","protein_coding"
"8412","ENSMUSG00000034875","protein_coding"
"8413","ENSMUSG00000056043","protein_coding"
"8414","ENSMUSG00000034867","protein_coding"
"8415","ENSMUSG00000030417","protein_coding"
"8416","ENSMUSG00000043671","protein_coding"
"8417","ENSMUSG00000044452","protein_coding"
"8418","ENSMUSG00000021217","protein_coding"
"8419","ENSMUSG00000043456","protein_coding"
"8420","ENSMUSG00000030421","protein_coding"
"8421","ENSMUSG00000002068","protein_coding"
"8422","ENSMUSG00000054676","protein_coding"
"8423","ENSMUSG00000074170","protein_coding"
"8424","ENSMUSG00000030423","protein_coding"
"8425","ENSMUSG00000060565","protein_coding"
"8426","ENSMUSG00000053742","protein_coding"
"8427","ENSMUSG00000068959","protein_coding"
"8428","ENSMUSG00000039257","protein_coding"
"8429","ENSMUSG00000091692","protein_coding"
"8430","ENSMUSG00000048312","protein_coding"
"8431","ENSMUSG00000072259","protein_coding"
"8432","ENSMUSG00000056383","protein_coding"
"8433","ENSMUSG00000066537","protein_coding"
"8434","ENSMUSG00000092592","protein_coding"
"8435","ENSMUSG00000074166","protein_coding"
"8436","ENSMUSG00000090744","protein_coding"
"8437","ENSMUSG00000091474","protein_coding"
"8438","ENSMUSG00000074165","protein_coding"
"8439","ENSMUSG00000090383","protein_coding"
"8440","ENSMUSG00000092032","protein_coding"
"8441","ENSMUSG00000090619","protein_coding"
"8442","ENSMUSG00000090967","protein_coding"
"8443","ENSMUSG00000030463","protein_coding"
"8444","ENSMUSG00000092416","protein_coding"
"8445","ENSMUSG00000092335","protein_coding"
"8446","ENSMUSG00000074158","protein_coding"
"8447","ENSMUSG00000069727","protein_coding"
"8448","ENSMUSG00000091594","protein_coding"
"8449","ENSMUSG00000091926","protein_coding"
"8450","ENSMUSG00000092225","protein_coding"
"8451","ENSMUSG00000090751","protein_coding"
"8452","ENSMUSG00000091528","protein_coding"
"8453","ENSMUSG00000064194","protein_coding"
"8454","ENSMUSG00000012640","protein_coding"
"8455","ENSMUSG00000039013","protein_coding"
"8456","ENSMUSG00000030468","protein_coding"
"8457","ENSMUSG00000093639","protein_coding"
"8458","ENSMUSG00000118553","protein_coding"
"8459","ENSMUSG00000118560","protein_coding"
"8460","ENSMUSG00000004612","protein_coding"
"8461","ENSMUSG00000038973","protein_coding"
"8462","ENSMUSG00000004610","protein_coding"
"8463","ENSMUSG00000107482","protein_coding"
"8464","ENSMUSG00000070604","protein_coding"
"8465","ENSMUSG00000013367","protein_coding"
"8466","ENSMUSG00000013353","protein_coding"
"8467","ENSMUSG00000004609","protein_coding"
"8468","ENSMUSG00000056592","protein_coding"
"8469","ENSMUSG00000030469","protein_coding"
"8470","ENSMUSG00000055102","protein_coding"
"8471","ENSMUSG00000030472","protein_coding"
"8472","ENSMUSG00000030474","protein_coding"
"8473","ENSMUSG00000038888","protein_coding"
"8474","ENSMUSG00000044737","protein_coding"
"8475","ENSMUSG00000054046","protein_coding"
"8476","ENSMUSG00000044430","protein_coding"
"8477","ENSMUSG00000067616","protein_coding"
"8478","ENSMUSG00000030693","protein_coding"
"8479","ENSMUSG00000047884","protein_coding"
"8480","ENSMUSG00000064023","protein_coding"
"8481","ENSMUSG00000030713","protein_coding"
"8482","ENSMUSG00000050063","protein_coding"
"8483","ENSMUSG00000074155","protein_coding"
"8484","ENSMUSG00000006948","protein_coding"
"8485","ENSMUSG00000055193","protein_coding"
"8486","ENSMUSG00000063089","protein_coding"
"8487","ENSMUSG00000063133","protein_coding"
"8488","ENSMUSG00000059042","protein_coding"
"8489","ENSMUSG00000044485","protein_coding"
"8490","ENSMUSG00000053719","protein_coding"
"8491","ENSMUSG00000063177","protein_coding"
"8492","ENSMUSG00000066516","protein_coding"
"8493","ENSMUSG00000060177","protein_coding"
"8494","ENSMUSG00000038968","protein_coding"
"8495","ENSMUSG00000063713","protein_coding"
"8496","ENSMUSG00000066515","protein_coding"
"8497","ENSMUSG00000066513","protein_coding"
"8498","ENSMUSG00000066512","protein_coding"
"8499","ENSMUSG00000063903","protein_coding"
"8500","ENSMUSG00000038782","protein_coding"
"8501","ENSMUSG00000108622","protein_coding"
"8502","ENSMUSG00000045411","protein_coding"
"8503","ENSMUSG00000012777","protein_coding"
"8504","ENSMUSG00000087376","protein_coding"
"8505","ENSMUSG00000004473","protein_coding"
"8506","ENSMUSG00000038738","protein_coding"
"8507","ENSMUSG00000008028","protein_coding"
"8508","ENSMUSG00000030731","protein_coding"
"8509","ENSMUSG00000047085","protein_coding"
"8510","ENSMUSG00000038704","protein_coding"
"8511","ENSMUSG00000038695","protein_coding"
"8512","ENSMUSG00000008140","protein_coding"
"8513","ENSMUSG00000051113","protein_coding"
"8514","ENSMUSG00000038670","protein_coding"
"8515","ENSMUSG00000008193","protein_coding"
"8516","ENSMUSG00000038644","protein_coding"
"8517","ENSMUSG00000060601","protein_coding"
"8518","ENSMUSG00000002204","protein_coding"
"8519","ENSMUSG00000062785","protein_coding"
"8520","ENSMUSG00000030739","protein_coding"
"8521","ENSMUSG00000066500","protein_coding"
"8522","ENSMUSG00000048012","protein_coding"
"8523","ENSMUSG00000002205","protein_coding"
"8524","ENSMUSG00000038539","protein_coding"
"8525","ENSMUSG00000109511","protein_coding"
"8526","ENSMUSG00000074141","protein_coding"
"8527","ENSMUSG00000038520","protein_coding"
"8528","ENSMUSG00000011096","protein_coding"
"8529","ENSMUSG00000002963","protein_coding"
"8530","ENSMUSG00000038502","protein_coding"
"8531","ENSMUSG00000002968","protein_coding"
"8532","ENSMUSG00000011658","protein_coding"
"8533","ENSMUSG00000060279","protein_coding"
"8534","ENSMUSG00000059891","protein_coding"
"8535","ENSMUSG00000007783","protein_coding"
"8536","ENSMUSG00000109324","protein_coding"
"8537","ENSMUSG00000003190","protein_coding"
"8538","ENSMUSG00000003184","protein_coding"
"8539","ENSMUSG00000038406","protein_coding"
"8540","ENSMUSG00000038387","protein_coding"
"8541","ENSMUSG00000046574","protein_coding"
"8542","ENSMUSG00000007837","protein_coding"
"8543","ENSMUSG00000003421","protein_coding"
"8544","ENSMUSG00000019539","protein_coding"
"8545","ENSMUSG00000003420","protein_coding"
"8546","ENSMUSG00000003429","protein_coding"
"8547","ENSMUSG00000074129","protein_coding"
"8548","ENSMUSG00000089989","protein_coding"
"8549","ENSMUSG00000110206","protein_coding"
"8550","ENSMUSG00000007833","protein_coding"
"8551","ENSMUSG00000003423","protein_coding"
"8552","ENSMUSG00000070570","protein_coding"
"8553","ENSMUSG00000095276","protein_coding"
"8554","ENSMUSG00000038300","protein_coding"
"8555","ENSMUSG00000038292","protein_coding"
"8556","ENSMUSG00000030792","protein_coding"
"8557","ENSMUSG00000030796","protein_coding"
"8558","ENSMUSG00000030798","protein_coding"
"8559","ENSMUSG00000094152","protein_coding"
"8560","ENSMUSG00000070568","protein_coding"
"8561","ENSMUSG00000038260","protein_coding"
"8562","ENSMUSG00000038239","protein_coding"
"8563","ENSMUSG00000003863","protein_coding"
"8564","ENSMUSG00000003872","protein_coding"
"8565","ENSMUSG00000063511","protein_coding"
"8566","ENSMUSG00000038201","protein_coding"
"8567","ENSMUSG00000074121","protein_coding"
"8568","ENSMUSG00000118462","protein_coding"
"8569","ENSMUSG00000100916","protein_coding"
"8570","ENSMUSG00000003868","protein_coding"
"8571","ENSMUSG00000003865","protein_coding"
"8572","ENSMUSG00000050708","protein_coding"
"8573","ENSMUSG00000003873","protein_coding"
"8574","ENSMUSG00000109926","protein_coding"
"8575","ENSMUSG00000011382","protein_coding"
"8576","ENSMUSG00000023467","protein_coding"
"8577","ENSMUSG00000030824","protein_coding"
"8578","ENSMUSG00000040435","protein_coding"
"8579","ENSMUSG00000040428","protein_coding"
"8580","ENSMUSG00000030825","protein_coding"
"8581","ENSMUSG00000030826","protein_coding"
"8582","ENSMUSG00000030827","protein_coding"
"8583","ENSMUSG00000008461","protein_coding"
"8584","ENSMUSG00000064158","protein_coding"
"8585","ENSMUSG00000044562","protein_coding"
"8586","ENSMUSG00000042918","protein_coding"
"8587","ENSMUSG00000055978","protein_coding"
"8588","ENSMUSG00000040364","protein_coding"
"8589","ENSMUSG00000070564","protein_coding"
"8590","ENSMUSG00000003273","protein_coding"
"8591","ENSMUSG00000059824","protein_coding"
"8592","ENSMUSG00000057342","protein_coding"
"8593","ENSMUSG00000059070","protein_coding"
"8594","ENSMUSG00000054161","protein_coding"
"8595","ENSMUSG00000070563","protein_coding"
"8596","ENSMUSG00000003271","protein_coding"
"8597","ENSMUSG00000062044","protein_coding"
"8598","ENSMUSG00000003269","protein_coding"
"8599","ENSMUSG00000058743","protein_coding"
"8600","ENSMUSG00000053801","protein_coding"
"8601","ENSMUSG00000002771","protein_coding"
"8602","ENSMUSG00000002778","protein_coding"
"8603","ENSMUSG00000040231","protein_coding"
"8604","ENSMUSG00000002781","protein_coding"
"8605","ENSMUSG00000040212","protein_coding"
"8606","ENSMUSG00000040189","protein_coding"
"8607","ENSMUSG00000030834","protein_coding"
"8608","ENSMUSG00000030835","protein_coding"
"8609","ENSMUSG00000096146","protein_coding"
"8610","ENSMUSG00000040136","protein_coding"
"8611","ENSMUSG00000030838","protein_coding"
"8612","ENSMUSG00000009487","protein_coding"
"8613","ENSMUSG00000009471","protein_coding"
"8614","ENSMUSG00000058975","protein_coding"
"8615","ENSMUSG00000030839","protein_coding"
"8616","ENSMUSG00000040046","protein_coding"
"8617","ENSMUSG00000006763","protein_coding"
"8618","ENSMUSG00000040026","protein_coding"
"8619","ENSMUSG00000040017","protein_coding"
"8620","ENSMUSG00000074115","protein_coding"
"8621","ENSMUSG00000057465","protein_coding"
"8622","ENSMUSG00000014418","protein_coding"
"8623","ENSMUSG00000006599","protein_coding"
"8624","ENSMUSG00000063229","protein_coding"
"8625","ENSMUSG00000030851","protein_coding"
"8626","ENSMUSG00000014402","protein_coding"
"8627","ENSMUSG00000043262","protein_coding"
"8628","ENSMUSG00000056509","protein_coding"
"8629","ENSMUSG00000049516","protein_coding"
"8630","ENSMUSG00000010307","protein_coding"
"8631","ENSMUSG00000030854","protein_coding"
"8632","ENSMUSG00000052303","protein_coding"
"8633","ENSMUSG00000074111","protein_coding"
"8634","ENSMUSG00000050650","protein_coding"
"8635","ENSMUSG00000093973","protein_coding"
"8636","ENSMUSG00000096719","protein_coding"
"8637","ENSMUSG00000078698","protein_coding"
"8638","ENSMUSG00000067173","protein_coding"
"8639","ENSMUSG00000070552","protein_coding"
"8640","ENSMUSG00000070551","protein_coding"
"8641","ENSMUSG00000070550","protein_coding"
"8642","ENSMUSG00000050870","protein_coding"
"8643","ENSMUSG00000070547","protein_coding"
"8644","ENSMUSG00000074109","protein_coding"
"8645","ENSMUSG00000050425","protein_coding"
"8646","ENSMUSG00000070546","protein_coding"
"8647","ENSMUSG00000030471","protein_coding"
"8648","ENSMUSG00000030470","protein_coding"
"8649","ENSMUSG00000046179","protein_coding"
"8650","ENSMUSG00000052512","protein_coding"
"8651","ENSMUSG00000030507","protein_coding"
"8652","ENSMUSG00000039745","protein_coding"
"8653","ENSMUSG00000030505","protein_coding"
"8654","ENSMUSG00000039728","protein_coding"
"8655","ENSMUSG00000055409","protein_coding"
"8656","ENSMUSG00000084234","protein_coding"
"8657","ENSMUSG00000055489","protein_coding"
"8658","ENSMUSG00000030500","protein_coding"
"8659","ENSMUSG00000092118","protein_coding"
"8660","ENSMUSG00000030498","protein_coding"
"8661","ENSMUSG00000074093","protein_coding"
"8662","ENSMUSG00000094445","protein_coding"
"8663","ENSMUSG00000063297","protein_coding"
"8664","ENSMUSG00000051504","protein_coding"
"8665","ENSMUSG00000033790","protein_coding"
"8666","ENSMUSG00000030447","protein_coding"
"8667","ENSMUSG00000030452","protein_coding"
"8668","ENSMUSG00000047037","protein_coding"
"8669","ENSMUSG00000030451","protein_coding"
"8670","ENSMUSG00000030450","protein_coding"
"8671","ENSMUSG00000055026","protein_coding"
"8672","ENSMUSG00000055078","protein_coding"
"8673","ENSMUSG00000033676","protein_coding"
"8674","ENSMUSG00000025324","protein_coding"
"8675","ENSMUSG00000025326","protein_coding"
"8676","ENSMUSG00000000948","protein_coding"
"8677","ENSMUSG00000102252","protein_coding"
"8678","ENSMUSG00000102627","protein_coding"
"8679","ENSMUSG00000033585","protein_coding"
"8680","ENSMUSG00000056972","protein_coding"
"8681","ENSMUSG00000070527","protein_coding"
"8682","ENSMUSG00000070526","protein_coding"
"8683","ENSMUSG00000030525","protein_coding"
"8684","ENSMUSG00000033510","protein_coding"
"8685","ENSMUSG00000052040","protein_coding"
"8686","ENSMUSG00000095061","protein_coding"
"8687","ENSMUSG00000030523","protein_coding"
"8688","ENSMUSG00000030522","protein_coding"
"8689","ENSMUSG00000033458","protein_coding"
"8690","ENSMUSG00000030521","protein_coding"
"8691","ENSMUSG00000033429","protein_coding"
"8692","ENSMUSG00000030519","protein_coding"
"8693","ENSMUSG00000030518","protein_coding"
"8694","ENSMUSG00000070520","protein_coding"
"8695","ENSMUSG00000030516","protein_coding"
"8696","ENSMUSG00000030515","protein_coding"
"8697","ENSMUSG00000078681","protein_coding"
"8698","ENSMUSG00000030513","protein_coding"
"8699","ENSMUSG00000108793","protein_coding"
"8700","ENSMUSG00000030512","protein_coding"
"8701","ENSMUSG00000075701","protein_coding"
"8702","ENSMUSG00000032640","protein_coding"
"8703","ENSMUSG00000015133","protein_coding"
"8704","ENSMUSG00000078677","protein_coding"
"8705","ENSMUSG00000015134","protein_coding"
"8706","ENSMUSG00000030509","protein_coding"
"8707","ENSMUSG00000053091","protein_coding"
"8708","ENSMUSG00000030510","protein_coding"
"8709","ENSMUSG00000058145","protein_coding"
"8710","ENSMUSG00000043831","protein_coding"
"8711","ENSMUSG00000030557","protein_coding"
"8712","ENSMUSG00000030556","protein_coding"
"8713","ENSMUSG00000030555","protein_coding"
"8714","ENSMUSG00000030554","protein_coding"
"8715","ENSMUSG00000005533","protein_coding"
"8716","ENSMUSG00000030553","protein_coding"
"8717","ENSMUSG00000074071","protein_coding"
"8718","ENSMUSG00000042659","protein_coding"
"8719","ENSMUSG00000030551","protein_coding"
"8720","ENSMUSG00000032776","protein_coding"
"8721","ENSMUSG00000070509","protein_coding"
"8722","ENSMUSG00000078671","protein_coding"
"8723","ENSMUSG00000078670","protein_coding"
"8724","ENSMUSG00000025789","protein_coding"
"8725","ENSMUSG00000025790","protein_coding"
"8726","ENSMUSG00000053025","protein_coding"
"8727","ENSMUSG00000066406","protein_coding"
"8728","ENSMUSG00000055652","protein_coding"
"8729","ENSMUSG00000025754","protein_coding"
"8730","ENSMUSG00000059146","protein_coding"
"8731","ENSMUSG00000030612","protein_coding"
"8732","ENSMUSG00000030611","protein_coding"
"8733","ENSMUSG00000030610","protein_coding"
"8734","ENSMUSG00000030609","protein_coding"
"8735","ENSMUSG00000039236","protein_coding"
"8736","ENSMUSG00000030607","protein_coding"
"8737","ENSMUSG00000030606","protein_coding"
"8738","ENSMUSG00000030605","protein_coding"
"8739","ENSMUSG00000039202","protein_coding"
"8740","ENSMUSG00000039194","protein_coding"
"8741","ENSMUSG00000039187","protein_coding"
"8742","ENSMUSG00000039176","protein_coding"
"8743","ENSMUSG00000030549","protein_coding"
"8744","ENSMUSG00000046591","protein_coding"
"8745","ENSMUSG00000050382","protein_coding"
"8746","ENSMUSG00000030546","protein_coding"
"8747","ENSMUSG00000030545","protein_coding"
"8748","ENSMUSG00000039099","protein_coding"
"8749","ENSMUSG00000030544","protein_coding"
"8750","ENSMUSG00000030543","protein_coding"
"8751","ENSMUSG00000039062","protein_coding"
"8752","ENSMUSG00000063801","protein_coding"
"8753","ENSMUSG00000039043","protein_coding"
"8754","ENSMUSG00000048897","protein_coding"
"8755","ENSMUSG00000030541","protein_coding"
"8756","ENSMUSG00000030539","protein_coding"
"8757","ENSMUSG00000030538","protein_coding"
"8758","ENSMUSG00000050973","protein_coding"
"8759","ENSMUSG00000045467","protein_coding"
"8760","ENSMUSG00000047084","protein_coding"
"8761","ENSMUSG00000030534","protein_coding"
"8762","ENSMUSG00000038930","protein_coding"
"8763","ENSMUSG00000038943","protein_coding"
"8764","ENSMUSG00000030533","protein_coding"
"8765","ENSMUSG00000030532","protein_coding"
"8766","ENSMUSG00000038886","protein_coding"
"8767","ENSMUSG00000053158","protein_coding"
"8768","ENSMUSG00000030530","protein_coding"
"8769","ENSMUSG00000030528","protein_coding"
"8770","ENSMUSG00000030527","protein_coding"
"8771","ENSMUSG00000030536","protein_coding"
"8772","ENSMUSG00000038797","protein_coding"
"8773","ENSMUSG00000025722","protein_coding"
"8774","ENSMUSG00000025723","protein_coding"
"8775","ENSMUSG00000025724","protein_coding"
"8776","ENSMUSG00000005621","protein_coding"
"8777","ENSMUSG00000038763","protein_coding"
"8778","ENSMUSG00000025726","protein_coding"
"8779","ENSMUSG00000025584","protein_coding"
"8780","ENSMUSG00000061787","protein_coding"
"8781","ENSMUSG00000025586","protein_coding"
"8782","ENSMUSG00000062444","protein_coding"
"8783","ENSMUSG00000061877","protein_coding"
"8784","ENSMUSG00000038663","protein_coding"
"8785","ENSMUSG00000045795","protein_coding"
"8786","ENSMUSG00000025813","protein_coding"
"8787","ENSMUSG00000038646","protein_coding"
"8788","ENSMUSG00000025102","protein_coding"
"8789","ENSMUSG00000025103","protein_coding"
"8790","ENSMUSG00000038623","protein_coding"
"8791","ENSMUSG00000025104","protein_coding"
"8792","ENSMUSG00000025105","protein_coding"
"8793","ENSMUSG00000030638","protein_coding"
"8794","ENSMUSG00000070469","protein_coding"
"8795","ENSMUSG00000038570","protein_coding"
"8796","ENSMUSG00000038563","protein_coding"
"8797","ENSMUSG00000057706","protein_coding"
"8798","ENSMUSG00000038540","protein_coding"
"8799","ENSMUSG00000046027","protein_coding"
"8800","ENSMUSG00000001741","protein_coding"
"8801","ENSMUSG00000011154","protein_coding"
"8802","ENSMUSG00000070462","protein_coding"
"8803","ENSMUSG00000038503","protein_coding"
"8804","ENSMUSG00000052353","protein_coding"
"8805","ENSMUSG00000038459","protein_coding"
"8806","ENSMUSG00000015709","protein_coding"
"8807","ENSMUSG00000097789","protein_coding"
"8808","ENSMUSG00000030630","protein_coding"
"8809","ENSMUSG00000030629","protein_coding"
"8810","ENSMUSG00000070460","protein_coding"
"8811","ENSMUSG00000070459","protein_coding"
"8812","ENSMUSG00000116179","protein_coding"
"8813","ENSMUSG00000066372","protein_coding"
"8814","ENSMUSG00000094950","protein_coding"
"8815","ENSMUSG00000095664","protein_coding"
"8816","ENSMUSG00000096861","protein_coding"
"8817","ENSMUSG00000091006","protein_coding"
"8818","ENSMUSG00000090806","protein_coding"
"8819","ENSMUSG00000091205","protein_coding"
"8820","ENSMUSG00000051877","protein_coding"
"8821","ENSMUSG00000070458","protein_coding"
"8822","ENSMUSG00000090774","protein_coding"
"8823","ENSMUSG00000090436","protein_coding"
"8824","ENSMUSG00000091239","protein_coding"
"8825","ENSMUSG00000057540","protein_coding"
"8826","ENSMUSG00000054054","protein_coding"
"8827","ENSMUSG00000054498","protein_coding"
"8828","ENSMUSG00000055610","protein_coding"
"8829","ENSMUSG00000055571","protein_coding"
"8830","ENSMUSG00000062426","protein_coding"
"8831","ENSMUSG00000039608","protein_coding"
"8832","ENSMUSG00000061549","protein_coding"
"8833","ENSMUSG00000092401","protein_coding"
"8834","ENSMUSG00000020168","protein_coding"
"8835","ENSMUSG00000062878","protein_coding"
"8836","ENSMUSG00000057067","protein_coding"
"8837","ENSMUSG00000092372","protein_coding"
"8838","ENSMUSG00000059319","protein_coding"
"8839","ENSMUSG00000062042","protein_coding"
"8840","ENSMUSG00000063394","protein_coding"
"8841","ENSMUSG00000060688","protein_coding"
"8842","ENSMUSG00000001773","protein_coding"
"8843","ENSMUSG00000090949","protein_coding"
"8844","ENSMUSG00000091962","protein_coding"
"8845","ENSMUSG00000090362","protein_coding"
"8846","ENSMUSG00000030562","protein_coding"
"8847","ENSMUSG00000004651","protein_coding"
"8848","ENSMUSG00000049583","protein_coding"
"8849","ENSMUSG00000030560","protein_coding"
"8850","ENSMUSG00000030559","protein_coding"
"8851","ENSMUSG00000039428","protein_coding"
"8852","ENSMUSG00000049791","protein_coding"
"8853","ENSMUSG00000039405","protein_coding"
"8854","ENSMUSG00000030621","protein_coding"
"8855","ENSMUSG00000039391","protein_coding"
"8856","ENSMUSG00000062797","protein_coding"
"8857","ENSMUSG00000030619","protein_coding"
"8858","ENSMUSG00000039361","protein_coding"
"8859","ENSMUSG00000030617","protein_coding"
"8860","ENSMUSG00000030616","protein_coding"
"8861","ENSMUSG00000044362","protein_coding"
"8862","ENSMUSG00000051451","protein_coding"
"8863","ENSMUSG00000030615","protein_coding"
"8864","ENSMUSG00000030614","protein_coding"
"8865","ENSMUSG00000052572","protein_coding"
"8866","ENSMUSG00000030613","protein_coding"
"8867","ENSMUSG00000041343","protein_coding"
"8868","ENSMUSG00000041328","protein_coding"
"8869","ENSMUSG00000030643","protein_coding"
"8870","ENSMUSG00000030641","protein_coding"
"8871","ENSMUSG00000061119","protein_coding"
"8872","ENSMUSG00000051515","protein_coding"
"8873","ENSMUSG00000048078","protein_coding"
"8874","ENSMUSG00000018995","protein_coding"
"8875","ENSMUSG00000004508","protein_coding"
"8876","ENSMUSG00000035713","protein_coding"
"8877","ENSMUSG00000044952","protein_coding"
"8878","ENSMUSG00000035704","protein_coding"
"8879","ENSMUSG00000030647","protein_coding"
"8880","ENSMUSG00000035686","protein_coding"
"8881","ENSMUSG00000051727","protein_coding"
"8882","ENSMUSG00000025133","protein_coding"
"8883","ENSMUSG00000035642","protein_coding"
"8884","ENSMUSG00000035623","protein_coding"
"8885","ENSMUSG00000025439","protein_coding"
"8886","ENSMUSG00000042797","protein_coding"
"8887","ENSMUSG00000030774","protein_coding"
"8888","ENSMUSG00000035582","protein_coding"
"8889","ENSMUSG00000030761","protein_coding"
"8890","ENSMUSG00000035547","protein_coding"
"8891","ENSMUSG00000074006","protein_coding"
"8892","ENSMUSG00000074004","protein_coding"
"8893","ENSMUSG00000030760","protein_coding"
"8894","ENSMUSG00000049580","protein_coding"
"8895","ENSMUSG00000074003","protein_coding"
"8896","ENSMUSG00000090958","protein_coding"
"8897","ENSMUSG00000035401","protein_coding"
"8898","ENSMUSG00000030753","protein_coding"
"8899","ENSMUSG00000015957","protein_coding"
"8900","ENSMUSG00000035354","protein_coding"
"8901","ENSMUSG00000030747","protein_coding"
"8902","ENSMUSG00000052396","protein_coding"
"8903","ENSMUSG00000055407","protein_coding"
"8904","ENSMUSG00000070436","protein_coding"
"8905","ENSMUSG00000035314","protein_coding"
"8906","ENSMUSG00000035298","protein_coding"
"8907","ENSMUSG00000030744","protein_coding"
"8908","ENSMUSG00000018909","protein_coding"
"8909","ENSMUSG00000096606","protein_coding"
"8910","ENSMUSG00000030737","protein_coding"
"8911","ENSMUSG00000073998","protein_coding"
"8912","ENSMUSG00000073997","protein_coding"
"8913","ENSMUSG00000035239","protein_coding"
"8914","ENSMUSG00000035227","protein_coding"
"8915","ENSMUSG00000035211","protein_coding"
"8916","ENSMUSG00000058761","protein_coding"
"8917","ENSMUSG00000030732","protein_coding"
"8918","ENSMUSG00000030726","protein_coding"
"8919","ENSMUSG00000030725","protein_coding"
"8920","ENSMUSG00000035165","protein_coding"
"8921","ENSMUSG00000030729","protein_coding"
"8922","ENSMUSG00000051048","protein_coding"
"8923","ENSMUSG00000030718","protein_coding"
"8924","ENSMUSG00000047248","protein_coding"
"8925","ENSMUSG00000032942","protein_coding"
"8926","ENSMUSG00000033685","protein_coding"
"8927","ENSMUSG00000030708","protein_coding"
"8928","ENSMUSG00000044881","protein_coding"
"8929","ENSMUSG00000030706","protein_coding"
"8930","ENSMUSG00000030704","protein_coding"
"8931","ENSMUSG00000030701","protein_coding"
"8932","ENSMUSG00000029461","protein_coding"
"8933","ENSMUSG00000008318","protein_coding"
"8934","ENSMUSG00000032875","protein_coding"
"8935","ENSMUSG00000048779","protein_coding"
"8936","ENSMUSG00000032860","protein_coding"
"8937","ENSMUSG00000030691","protein_coding"
"8938","ENSMUSG00000047767","protein_coding"
"8939","ENSMUSG00000030688","protein_coding"
"8940","ENSMUSG00000032812","protein_coding"
"8941","ENSMUSG00000030653","protein_coding"
"8942","ENSMUSG00000110195","protein_coding"
"8943","ENSMUSG00000092517","protein_coding"
"8944","ENSMUSG00000030651","protein_coding"
"8945","ENSMUSG00000001829","protein_coding"
"8946","ENSMUSG00000007946","protein_coding"
"8947","ENSMUSG00000032737","protein_coding"
"8948","ENSMUSG00000032725","protein_coding"
"8949","ENSMUSG00000001827","protein_coding"
"8950","ENSMUSG00000030649","protein_coding"
"8951","ENSMUSG00000078630","protein_coding"
"8952","ENSMUSG00000030842","protein_coding"
"8953","ENSMUSG00000064307","protein_coding"
"8954","ENSMUSG00000066306","protein_coding"
"8955","ENSMUSG00000070427","protein_coding"
"8956","ENSMUSG00000070426","protein_coding"
"8957","ENSMUSG00000099481","protein_coding"
"8958","ENSMUSG00000070425","protein_coding"
"8959","ENSMUSG00000100254","protein_coding"
"8960","ENSMUSG00000070424","protein_coding"
"8961","ENSMUSG00000030996","protein_coding"
"8962","ENSMUSG00000066279","protein_coding"
"8963","ENSMUSG00000063550","protein_coding"
"8964","ENSMUSG00000030990","protein_coding"
"8965","ENSMUSG00000073982","protein_coding"
"8966","ENSMUSG00000030987","protein_coding"
"8967","ENSMUSG00000030978","protein_coding"
"8968","ENSMUSG00000044814","protein_coding"
"8969","ENSMUSG00000043925","protein_coding"
"8970","ENSMUSG00000044824","protein_coding"
"8971","ENSMUSG00000073979","protein_coding"
"8972","ENSMUSG00000073978","protein_coding"
"8973","ENSMUSG00000073977","protein_coding"
"8974","ENSMUSG00000030966","protein_coding"
"8975","ENSMUSG00000073975","protein_coding"
"8976","ENSMUSG00000073974","protein_coding"
"8977","ENSMUSG00000073973","protein_coding"
"8978","ENSMUSG00000073972","protein_coding"
"8979","ENSMUSG00000073971","protein_coding"
"8980","ENSMUSG00000073970","protein_coding"
"8981","ENSMUSG00000073969","protein_coding"
"8982","ENSMUSG00000073968","protein_coding"
"8983","ENSMUSG00000073967","protein_coding"
"8984","ENSMUSG00000070423","protein_coding"
"8985","ENSMUSG00000066273","protein_coding"
"8986","ENSMUSG00000066272","protein_coding"
"8987","ENSMUSG00000043366","protein_coding"
"8988","ENSMUSG00000110008","protein_coding"
"8989","ENSMUSG00000073966","protein_coding"
"8990","ENSMUSG00000110122","protein_coding"
"8991","ENSMUSG00000048469","protein_coding"
"8992","ENSMUSG00000060888","protein_coding"
"8993","ENSMUSG00000073965","protein_coding"
"8994","ENSMUSG00000062142","protein_coding"
"8995","ENSMUSG00000073964","protein_coding"
"8996","ENSMUSG00000043310","protein_coding"
"8997","ENSMUSG00000073963","protein_coding"
"8998","ENSMUSG00000045824","protein_coding"
"8999","ENSMUSG00000066269","protein_coding"
"9000","ENSMUSG00000073962","protein_coding"
"9001","ENSMUSG00000043354","protein_coding"
"9002","ENSMUSG00000045792","protein_coding"
"9003","ENSMUSG00000073961","protein_coding"
"9004","ENSMUSG00000073960","protein_coding"
"9005","ENSMUSG00000073959","protein_coding"
"9006","ENSMUSG00000078080","protein_coding"
"9007","ENSMUSG00000066268","protein_coding"
"9008","ENSMUSG00000080891","protein_coding"
"9009","ENSMUSG00000084262","protein_coding"
"9010","ENSMUSG00000051362","protein_coding"
"9011","ENSMUSG00000057461","protein_coding"
"9012","ENSMUSG00000073956","protein_coding"
"9013","ENSMUSG00000073955","protein_coding"
"9014","ENSMUSG00000073954","protein_coding"
"9015","ENSMUSG00000057321","protein_coding"
"9016","ENSMUSG00000073953","protein_coding"
"9017","ENSMUSG00000073952","protein_coding"
"9018","ENSMUSG00000073951","protein_coding"
"9019","ENSMUSG00000073950","protein_coding"
"9020","ENSMUSG00000045540","protein_coding"
"9021","ENSMUSG00000109951","protein_coding"
"9022","ENSMUSG00000059874","protein_coding"
"9023","ENSMUSG00000058976","protein_coding"
"9024","ENSMUSG00000109659","protein_coding"
"9025","ENSMUSG00000073949","protein_coding"
"9026","ENSMUSG00000081945","protein_coding"
"9027","ENSMUSG00000073948","protein_coding"
"9028","ENSMUSG00000046396","protein_coding"
"9029","ENSMUSG00000045584","protein_coding"
"9030","ENSMUSG00000096584","protein_coding"
"9031","ENSMUSG00000094119","protein_coding"
"9032","ENSMUSG00000078624","protein_coding"
"9033","ENSMUSG00000073947","protein_coding"
"9034","ENSMUSG00000047544","protein_coding"
"9035","ENSMUSG00000073946","protein_coding"
"9036","ENSMUSG00000073945","protein_coding"
"9037","ENSMUSG00000073944","protein_coding"
"9038","ENSMUSG00000045132","protein_coding"
"9039","ENSMUSG00000050085","protein_coding"
"9040","ENSMUSG00000099687","protein_coding"
"9041","ENSMUSG00000045780","protein_coding"
"9042","ENSMUSG00000073943","protein_coding"
"9043","ENSMUSG00000094822","protein_coding"
"9044","ENSMUSG00000096516","protein_coding"
"9045","ENSMUSG00000047545","protein_coding"
"9046","ENSMUSG00000050281","protein_coding"
"9047","ENSMUSG00000058662","protein_coding"
"9048","ENSMUSG00000061626","protein_coding"
"9049","ENSMUSG00000047535","protein_coding"
"9050","ENSMUSG00000073940","protein_coding"
"9051","ENSMUSG00000052305","protein_coding"
"9052","ENSMUSG00000078621","protein_coding"
"9053","ENSMUSG00000052217","protein_coding"
"9054","ENSMUSG00000052187","protein_coding"
"9055","ENSMUSG00000058200","protein_coding"
"9056","ENSMUSG00000063615","protein_coding"
"9057","ENSMUSG00000110259","protein_coding"
"9058","ENSMUSG00000042219","protein_coding"
"9059","ENSMUSG00000073938","protein_coding"
"9060","ENSMUSG00000073937","protein_coding"
"9061","ENSMUSG00000080751","protein_coding"
"9062","ENSMUSG00000094520","protein_coding"
"9063","ENSMUSG00000094063","protein_coding"
"9064","ENSMUSG00000109824","protein_coding"
"9065","ENSMUSG00000066263","protein_coding"
"9066","ENSMUSG00000066262","protein_coding"
"9067","ENSMUSG00000073932","protein_coding"
"9068","ENSMUSG00000049797","protein_coding"
"9069","ENSMUSG00000090219","protein_coding"
"9070","ENSMUSG00000110012","protein_coding"
"9071","ENSMUSG00000051340","protein_coding"
"9072","ENSMUSG00000073931","protein_coding"
"9073","ENSMUSG00000055643","protein_coding"
"9074","ENSMUSG00000051618","protein_coding"
"9075","ENSMUSG00000051437","protein_coding"
"9076","ENSMUSG00000044265","protein_coding"
"9077","ENSMUSG00000042909","protein_coding"
"9078","ENSMUSG00000044899","protein_coding"
"9079","ENSMUSG00000081859","protein_coding"
"9080","ENSMUSG00000072244","protein_coding"
"9081","ENSMUSG00000056144","protein_coding"
"9082","ENSMUSG00000060441","protein_coding"
"9083","ENSMUSG00000066258","protein_coding"
"9084","ENSMUSG00000090215","protein_coding"
"9085","ENSMUSG00000057143","protein_coding"
"9086","ENSMUSG00000052749","protein_coding"
"9087","ENSMUSG00000078616","protein_coding"
"9088","ENSMUSG00000030921","protein_coding"
"9089","ENSMUSG00000057596","protein_coding"
"9090","ENSMUSG00000073928","protein_coding"
"9091","ENSMUSG00000073927","protein_coding"
"9092","ENSMUSG00000073926","protein_coding"
"9093","ENSMUSG00000073925","protein_coding"
"9094","ENSMUSG00000051182","protein_coding"
"9095","ENSMUSG00000073924","protein_coding"
"9096","ENSMUSG00000073923","protein_coding"
"9097","ENSMUSG00000070421","protein_coding"
"9098","ENSMUSG00000073922","protein_coding"
"9099","ENSMUSG00000073920","protein_coding"
"9100","ENSMUSG00000109806","protein_coding"
"9101","ENSMUSG00000051885","protein_coding"
"9102","ENSMUSG00000043073","protein_coding"
"9103","ENSMUSG00000062369","protein_coding"
"9104","ENSMUSG00000054568","protein_coding"
"9105","ENSMUSG00000073917","protein_coding"
"9106","ENSMUSG00000063582","protein_coding"
"9107","ENSMUSG00000056782","protein_coding"
"9108","ENSMUSG00000057770","protein_coding"
"9109","ENSMUSG00000073916","protein_coding"
"9110","ENSMUSG00000044705","protein_coding"
"9111","ENSMUSG00000094531","protein_coding"
"9112","ENSMUSG00000051172","protein_coding"
"9113","ENSMUSG00000096773","protein_coding"
"9114","ENSMUSG00000073915","protein_coding"
"9115","ENSMUSG00000073914","protein_coding"
"9116","ENSMUSG00000073913","protein_coding"
"9117","ENSMUSG00000096029","protein_coding"
"9118","ENSMUSG00000041885","protein_coding"
"9119","ENSMUSG00000095248","protein_coding"
"9120","ENSMUSG00000059768","protein_coding"
"9121","ENSMUSG00000044120","protein_coding"
"9122","ENSMUSG00000047225","protein_coding"
"9123","ENSMUSG00000047794","protein_coding"
"9124","ENSMUSG00000048425","protein_coding"
"9125","ENSMUSG00000073909","protein_coding"
"9126","ENSMUSG00000073907","protein_coding"
"9127","ENSMUSG00000050266","protein_coding"
"9128","ENSMUSG00000043948","protein_coding"
"9129","ENSMUSG00000073906","protein_coding"
"9130","ENSMUSG00000044465","protein_coding"
"9131","ENSMUSG00000078611","protein_coding"
"9132","ENSMUSG00000030897","protein_coding"
"9133","ENSMUSG00000030898","protein_coding"
"9134","ENSMUSG00000037060","protein_coding"
"9135","ENSMUSG00000037049","protein_coding"
"9136","ENSMUSG00000037032","protein_coding"
"9137","ENSMUSG00000030895","protein_coding"
"9138","ENSMUSG00000036989","protein_coding"
"9139","ENSMUSG00000030881","protein_coding"
"9140","ENSMUSG00000089847","protein_coding"
"9141","ENSMUSG00000110234","protein_coding"
"9142","ENSMUSG00000030882","protein_coding"
"9143","ENSMUSG00000030888","protein_coding"
"9144","ENSMUSG00000030890","protein_coding"
"9145","ENSMUSG00000043866","protein_coding"
"9146","ENSMUSG00000030894","protein_coding"
"9147","ENSMUSG00000036862","protein_coding"
"9148","ENSMUSG00000030879","protein_coding"
"9149","ENSMUSG00000078606","protein_coding"
"9150","ENSMUSG00000045868","protein_coding"
"9151","ENSMUSG00000051680","protein_coding"
"9152","ENSMUSG00000064223","protein_coding"
"9153","ENSMUSG00000108948","protein_coding"
"9154","ENSMUSG00000051591","protein_coding"
"9155","ENSMUSG00000059087","protein_coding"
"9156","ENSMUSG00000096714","protein_coding"
"9157","ENSMUSG00000094493","protein_coding"
"9158","ENSMUSG00000036744","protein_coding"
"9159","ENSMUSG00000056863","protein_coding"
"9160","ENSMUSG00000073901","protein_coding"
"9161","ENSMUSG00000073900","protein_coding"
"9162","ENSMUSG00000109058","protein_coding"
"9163","ENSMUSG00000109354","protein_coding"
"9164","ENSMUSG00000069390","protein_coding"
"9165","ENSMUSG00000073899","protein_coding"
"9166","ENSMUSG00000062553","protein_coding"
"9167","ENSMUSG00000045581","protein_coding"
"9168","ENSMUSG00000036647","protein_coding"
"9169","ENSMUSG00000045013","protein_coding"
"9170","ENSMUSG00000070417","protein_coding"
"9171","ENSMUSG00000073898","protein_coding"
"9172","ENSMUSG00000049674","protein_coding"
"9173","ENSMUSG00000073897","protein_coding"
"9174","ENSMUSG00000062987","protein_coding"
"9175","ENSMUSG00000060503","protein_coding"
"9176","ENSMUSG00000073896","protein_coding"
"9177","ENSMUSG00000016626","protein_coding"
"9178","ENSMUSG00000073894","protein_coding"
"9179","ENSMUSG00000062542","protein_coding"
"9180","ENSMUSG00000051041","protein_coding"
"9181","ENSMUSG00000036528","protein_coding"
"9182","ENSMUSG00000048065","protein_coding"
"9183","ENSMUSG00000048236","protein_coding"
"9184","ENSMUSG00000066242","protein_coding"
"9185","ENSMUSG00000095910","protein_coding"
"9186","ENSMUSG00000109542","protein_coding"
"9187","ENSMUSG00000073893","protein_coding"
"9188","ENSMUSG00000095212","protein_coding"
"9189","ENSMUSG00000094197","protein_coding"
"9190","ENSMUSG00000095301","protein_coding"
"9191","ENSMUSG00000096151","protein_coding"
"9192","ENSMUSG00000094426","protein_coding"
"9193","ENSMUSG00000043855","protein_coding"
"9194","ENSMUSG00000063120","protein_coding"
"9195","ENSMUSG00000054236","protein_coding"
"9196","ENSMUSG00000059031","protein_coding"
"9197","ENSMUSG00000078118","protein_coding"
"9198","ENSMUSG00000110171","protein_coding"
"9199","ENSMUSG00000108995","protein_coding"
"9200","ENSMUSG00000096068","protein_coding"
"9201","ENSMUSG00000095929","protein_coding"
"9202","ENSMUSG00000096465","protein_coding"
"9203","ENSMUSG00000109884","protein_coding"
"9204","ENSMUSG00000094612","protein_coding"
"9205","ENSMUSG00000109497","protein_coding"
"9206","ENSMUSG00000093980","protein_coding"
"9207","ENSMUSG00000109631","protein_coding"
"9208","ENSMUSG00000110253","protein_coding"
"9209","ENSMUSG00000095239","protein_coding"
"9210","ENSMUSG00000096679","protein_coding"
"9211","ENSMUSG00000110204","protein_coding"
"9212","ENSMUSG00000058014","protein_coding"
"9213","ENSMUSG00000060759","protein_coding"
"9214","ENSMUSG00000060105","protein_coding"
"9215","ENSMUSG00000058244","protein_coding"
"9216","ENSMUSG00000061000","protein_coding"
"9217","ENSMUSG00000063764","protein_coding"
"9218","ENSMUSG00000049280","protein_coding"
"9219","ENSMUSG00000096209","protein_coding"
"9220","ENSMUSG00000056946","protein_coding"
"9221","ENSMUSG00000051200","protein_coding"
"9222","ENSMUSG00000066241","protein_coding"
"9223","ENSMUSG00000062434","protein_coding"
"9224","ENSMUSG00000066240","protein_coding"
"9225","ENSMUSG00000046431","protein_coding"
"9226","ENSMUSG00000066239","protein_coding"
"9227","ENSMUSG00000049709","protein_coding"
"9228","ENSMUSG00000031029","protein_coding"
"9229","ENSMUSG00000031028","protein_coding"
"9230","ENSMUSG00000048330","protein_coding"
"9231","ENSMUSG00000036111","protein_coding"
"9232","ENSMUSG00000031027","protein_coding"
"9233","ENSMUSG00000031026","protein_coding"
"9234","ENSMUSG00000046364","protein_coding"
"9235","ENSMUSG00000031024","protein_coding"
"9236","ENSMUSG00000031023","protein_coding"
"9237","ENSMUSG00000031022","protein_coding"
"9238","ENSMUSG00000035951","protein_coding"
"9239","ENSMUSG00000031021","protein_coding"
"9240","ENSMUSG00000034825","protein_coding"
"9241","ENSMUSG00000007279","protein_coding"
"9242","ENSMUSG00000035901","protein_coding"
"9243","ENSMUSG00000047554","protein_coding"
"9244","ENSMUSG00000066232","protein_coding"
"9245","ENSMUSG00000061079","protein_coding"
"9246","ENSMUSG00000031016","protein_coding"
"9247","ENSMUSG00000031015","protein_coding"
"9248","ENSMUSG00000038371","protein_coding"
"9249","ENSMUSG00000030790","protein_coding"
"9250","ENSMUSG00000005686","protein_coding"
"9251","ENSMUSG00000030788","protein_coding"
"9252","ENSMUSG00000030787","protein_coding"
"9253","ENSMUSG00000005611","protein_coding"
"9254","ENSMUSG00000005609","protein_coding"
"9255","ENSMUSG00000005610","protein_coding"
"9256","ENSMUSG00000038296","protein_coding"
"9257","ENSMUSG00000059263","protein_coding"
"9258","ENSMUSG00000030772","protein_coding"
"9259","ENSMUSG00000038244","protein_coding"
"9260","ENSMUSG00000030770","protein_coding"
"9261","ENSMUSG00000055320","protein_coding"
"9262","ENSMUSG00000098132","protein_coding"
"9263","ENSMUSG00000055116","protein_coding"
"9264","ENSMUSG00000038187","protein_coding"
"9265","ENSMUSG00000059077","protein_coding"
"9266","ENSMUSG00000030759","protein_coding"
"9267","ENSMUSG00000038156","protein_coding"
"9268","ENSMUSG00000055723","protein_coding"
"9269","ENSMUSG00000030754","protein_coding"
"9270","ENSMUSG00000030751","protein_coding"
"9271","ENSMUSG00000030671","protein_coding"
"9272","ENSMUSG00000030670","protein_coding"
"9273","ENSMUSG00000030669","protein_coding"
"9274","ENSMUSG00000030666","protein_coding"
"9275","ENSMUSG00000048782","protein_coding"
"9276","ENSMUSG00000051910","protein_coding"
"9277","ENSMUSG00000030663","protein_coding"
"9278","ENSMUSG00000045659","protein_coding"
"9279","ENSMUSG00000090862","protein_coding"
"9280","ENSMUSG00000030660","protein_coding"
"9281","ENSMUSG00000030659","protein_coding"
"9282","ENSMUSG00000030657","protein_coding"
"9283","ENSMUSG00000008683","protein_coding"
"9284","ENSMUSG00000030654","protein_coding"
"9285","ENSMUSG00000030655","protein_coding"
"9286","ENSMUSG00000058420","protein_coding"
"9287","ENSMUSG00000095115","protein_coding"
"9288","ENSMUSG00000030652","protein_coding"
"9289","ENSMUSG00000042246","protein_coding"
"9290","ENSMUSG00000030650","protein_coding"
"9291","ENSMUSG00000033917","protein_coding"
"9292","ENSMUSG00000033904","protein_coding"
"9293","ENSMUSG00000030982","protein_coding"
"9294","ENSMUSG00000030980","protein_coding"
"9295","ENSMUSG00000073856","protein_coding"
"9296","ENSMUSG00000008734","protein_coding"
"9297","ENSMUSG00000066197","protein_coding"
"9298","ENSMUSG00000030954","protein_coding"
"9299","ENSMUSG00000030963","protein_coding"
"9300","ENSMUSG00000030968","protein_coding"
"9301","ENSMUSG00000030972","protein_coding"
"9302","ENSMUSG00000030945","protein_coding"
"9303","ENSMUSG00000033533","protein_coding"
"9304","ENSMUSG00000047026","protein_coding"
"9305","ENSMUSG00000030942","protein_coding"
"9306","ENSMUSG00000030935","protein_coding"
"9307","ENSMUSG00000030929","protein_coding"
"9308","ENSMUSG00000030924","protein_coding"
"9309","ENSMUSG00000048787","protein_coding"
"9310","ENSMUSG00000030922","protein_coding"
"9311","ENSMUSG00000052273","protein_coding"
"9312","ENSMUSG00000030917","protein_coding"
"9313","ENSMUSG00000030911","protein_coding"
"9314","ENSMUSG00000030909","protein_coding"
"9315","ENSMUSG00000030905","protein_coding"
"9316","ENSMUSG00000062017","protein_coding"
"9317","ENSMUSG00000054746","protein_coding"
"9318","ENSMUSG00000051900","protein_coding"
"9319","ENSMUSG00000030884","protein_coding"
"9320","ENSMUSG00000030887","protein_coding"
"9321","ENSMUSG00000046096","protein_coding"
"9322","ENSMUSG00000030889","protein_coding"
"9323","ENSMUSG00000109392","protein_coding"
"9324","ENSMUSG00000035064","protein_coding"
"9325","ENSMUSG00000030880","protein_coding"
"9326","ENSMUSG00000030878","protein_coding"
"9327","ENSMUSG00000030877","protein_coding"
"9328","ENSMUSG00000030876","protein_coding"
"9329","ENSMUSG00000035004","protein_coding"
"9330","ENSMUSG00000034990","protein_coding"
"9331","ENSMUSG00000046321","protein_coding"
"9332","ENSMUSG00000063317","protein_coding"
"9333","ENSMUSG00000000216","protein_coding"
"9334","ENSMUSG00000030873","protein_coding"
"9335","ENSMUSG00000034951","protein_coding"
"9336","ENSMUSG00000030872","protein_coding"
"9337","ENSMUSG00000030871","protein_coding"
"9338","ENSMUSG00000030870","protein_coding"
"9339","ENSMUSG00000030869","protein_coding"
"9340","ENSMUSG00000044702","protein_coding"
"9341","ENSMUSG00000030868","protein_coding"
"9342","ENSMUSG00000030867","protein_coding"
"9343","ENSMUSG00000030866","protein_coding"
"9344","ENSMUSG00000030865","protein_coding"
"9345","ENSMUSG00000052889","protein_coding"
"9346","ENSMUSG00000066189","protein_coding"
"9347","ENSMUSG00000030779","protein_coding"
"9348","ENSMUSG00000052707","protein_coding"
"9349","ENSMUSG00000030769","protein_coding"
"9350","ENSMUSG00000030766","protein_coding"
"9351","ENSMUSG00000030763","protein_coding"
"9352","ENSMUSG00000030762","protein_coding"
"9353","ENSMUSG00000030757","protein_coding"
"9354","ENSMUSG00000078591","protein_coding"
"9355","ENSMUSG00000030752","protein_coding"
"9356","ENSMUSG00000030750","protein_coding"
"9357","ENSMUSG00000030748","protein_coding"
"9358","ENSMUSG00000030745","protein_coding"
"9359","ENSMUSG00000032777","protein_coding"
"9360","ENSMUSG00000032743","protein_coding"
"9361","ENSMUSG00000046182","protein_coding"
"9362","ENSMUSG00000000131","protein_coding"
"9363","ENSMUSG00000042978","protein_coding"
"9364","ENSMUSG00000030742","protein_coding"
"9365","ENSMUSG00000030741","protein_coding"
"9366","ENSMUSG00000030722","protein_coding"
"9367","ENSMUSG00000030724","protein_coding"
"9368","ENSMUSG00000030727","protein_coding"
"9369","ENSMUSG00000030730","protein_coding"
"9370","ENSMUSG00000030733","protein_coding"
"9371","ENSMUSG00000073838","protein_coding"
"9372","ENSMUSG00000032637","protein_coding"
"9373","ENSMUSG00000030738","protein_coding"
"9374","ENSMUSG00000030720","protein_coding"
"9375","ENSMUSG00000042759","protein_coding"
"9376","ENSMUSG00000044701","protein_coding"
"9377","ENSMUSG00000030717","protein_coding"
"9378","ENSMUSG00000030714","protein_coding"
"9379","ENSMUSG00000030711","protein_coding"
"9380","ENSMUSG00000059772","protein_coding"
"9381","ENSMUSG00000047721","protein_coding"
"9382","ENSMUSG00000030707","protein_coding"
"9383","ENSMUSG00000063065","protein_coding"
"9384","ENSMUSG00000030703","protein_coding"
"9385","ENSMUSG00000042675","protein_coding"
"9386","ENSMUSG00000030699","protein_coding"
"9387","ENSMUSG00000030697","protein_coding"
"9388","ENSMUSG00000030695","protein_coding"
"9389","ENSMUSG00000058966","protein_coding"
"9390","ENSMUSG00000114515","protein_coding"
"9391","ENSMUSG00000045989","protein_coding"
"9392","ENSMUSG00000052301","protein_coding"
"9393","ENSMUSG00000030689","protein_coding"
"9394","ENSMUSG00000042606","protein_coding"
"9395","ENSMUSG00000059981","protein_coding"
"9396","ENSMUSG00000060538","protein_coding"
"9397","ENSMUSG00000030685","protein_coding"
"9398","ENSMUSG00000046378","protein_coding"
"9399","ENSMUSG00000030683","protein_coding"
"9400","ENSMUSG00000097075","protein_coding"
"9401","ENSMUSG00000030682","protein_coding"
"9402","ENSMUSG00000030681","protein_coding"
"9403","ENSMUSG00000030680","protein_coding"
"9404","ENSMUSG00000107068","protein_coding"
"9405","ENSMUSG00000045114","protein_coding"
"9406","ENSMUSG00000030678","protein_coding"
"9407","ENSMUSG00000030677","protein_coding"
"9408","ENSMUSG00000049350","protein_coding"
"9409","ENSMUSG00000045165","protein_coding"
"9410","ENSMUSG00000030674","protein_coding"
"9411","ENSMUSG00000051457","protein_coding"
"9412","ENSMUSG00000042502","protein_coding"
"9413","ENSMUSG00000042492","protein_coding"
"9414","ENSMUSG00000030672","protein_coding"
"9415","ENSMUSG00000000486","protein_coding"
"9416","ENSMUSG00000045598","protein_coding"
"9417","ENSMUSG00000054716","protein_coding"
"9418","ENSMUSG00000042462","protein_coding"
"9419","ENSMUSG00000049091","protein_coding"
"9420","ENSMUSG00000030830","protein_coding"
"9421","ENSMUSG00000047371","protein_coding"
"9422","ENSMUSG00000054381","protein_coding"
"9423","ENSMUSG00000030823","protein_coding"
"9424","ENSMUSG00000078580","protein_coding"
"9425","ENSMUSG00000045757","protein_coding"
"9426","ENSMUSG00000045251","protein_coding"
"9427","ENSMUSG00000048921","protein_coding"
"9428","ENSMUSG00000030822","protein_coding"
"9429","ENSMUSG00000042423","protein_coding"
"9430","ENSMUSG00000053877","protein_coding"
"9431","ENSMUSG00000107023","protein_coding"
"9432","ENSMUSG00000106715","protein_coding"
"9433","ENSMUSG00000030815","protein_coding"
"9434","ENSMUSG00000057176","protein_coding"
"9435","ENSMUSG00000030816","protein_coding"
"9436","ENSMUSG00000045639","protein_coding"
"9437","ENSMUSG00000030814","protein_coding"
"9438","ENSMUSG00000042340","protein_coding"
"9439","ENSMUSG00000060034","protein_coding"
"9440","ENSMUSG00000030811","protein_coding"
"9441","ENSMUSG00000043964","protein_coding"
"9442","ENSMUSG00000042308","protein_coding"
"9443","ENSMUSG00000108815","protein_coding"
"9444","ENSMUSG00000042289","protein_coding"
"9445","ENSMUSG00000030806","protein_coding"
"9446","ENSMUSG00000030805","protein_coding"
"9447","ENSMUSG00000049728","protein_coding"
"9448","ENSMUSG00000049739","protein_coding"
"9449","ENSMUSG00000044139","protein_coding"
"9450","ENSMUSG00000030804","protein_coding"
"9451","ENSMUSG00000096145","protein_coding"
"9452","ENSMUSG00000030802","protein_coding"
"9453","ENSMUSG00000030801","protein_coding"
"9454","ENSMUSG00000030800","protein_coding"
"9455","ENSMUSG00000070371","protein_coding"
"9456","ENSMUSG00000030795","protein_coding"
"9457","ENSMUSG00000030793","protein_coding"
"9458","ENSMUSG00000042828","protein_coding"
"9459","ENSMUSG00000030786","protein_coding"
"9460","ENSMUSG00000108596","protein_coding"
"9461","ENSMUSG00000030789","protein_coding"
"9462","ENSMUSG00000070369","protein_coding"
"9463","ENSMUSG00000030785","protein_coding"
"9464","ENSMUSG00000062944","protein_coding"
"9465","ENSMUSG00000042178","protein_coding"
"9466","ENSMUSG00000030782","protein_coding"
"9467","ENSMUSG00000030781","protein_coding"
"9468","ENSMUSG00000030780","protein_coding"
"9469","ENSMUSG00000030844","protein_coding"
"9470","ENSMUSG00000030846","protein_coding"
"9471","ENSMUSG00000030847","protein_coding"
"9472","ENSMUSG00000042105","protein_coding"
"9473","ENSMUSG00000048170","protein_coding"
"9474","ENSMUSG00000055319","protein_coding"
"9475","ENSMUSG00000070366","protein_coding"
"9476","ENSMUSG00000042055","protein_coding"
"9477","ENSMUSG00000030849","protein_coding"
"9478","ENSMUSG00000030850","protein_coding"
"9479","ENSMUSG00000040331","protein_coding"
"9480","ENSMUSG00000030852","protein_coding"
"9481","ENSMUSG00000040298","protein_coding"
"9482","ENSMUSG00000040268","protein_coding"
"9483","ENSMUSG00000006205","protein_coding"
"9484","ENSMUSG00000047517","protein_coding"
"9485","ENSMUSG00000013668","protein_coding"
"9486","ENSMUSG00000006204","protein_coding"
"9487","ENSMUSG00000040205","protein_coding"
"9488","ENSMUSG00000030858","protein_coding"
"9489","ENSMUSG00000030859","protein_coding"
"9490","ENSMUSG00000040177","protein_coding"
"9491","ENSMUSG00000063179","protein_coding"
"9492","ENSMUSG00000040167","protein_coding"
"9493","ENSMUSG00000030861","protein_coding"
"9494","ENSMUSG00000040148","protein_coding"
"9495","ENSMUSG00000050100","protein_coding"
"9496","ENSMUSG00000066979","protein_coding"
"9497","ENSMUSG00000040125","protein_coding"
"9498","ENSMUSG00000030862","protein_coding"
"9499","ENSMUSG00000030930","protein_coding"
"9500","ENSMUSG00000030934","protein_coding"
"9501","ENSMUSG00000048528","protein_coding"
"9502","ENSMUSG00000030946","protein_coding"
"9503","ENSMUSG00000030956","protein_coding"
"9504","ENSMUSG00000030960","protein_coding"
"9505","ENSMUSG00000030965","protein_coding"
"9506","ENSMUSG00000030967","protein_coding"
"9507","ENSMUSG00000030970","protein_coding"
"9508","ENSMUSG00000030976","protein_coding"
"9509","ENSMUSG00000039990","protein_coding"
"9510","ENSMUSG00000030981","protein_coding"
"9511","ENSMUSG00000030979","protein_coding"
"9512","ENSMUSG00000030983","protein_coding"
"9513","ENSMUSG00000030986","protein_coding"
"9514","ENSMUSG00000053111","protein_coding"
"9515","ENSMUSG00000054555","protein_coding"
"9516","ENSMUSG00000030994","protein_coding"
"9517","ENSMUSG00000058325","protein_coding"
"9518","ENSMUSG00000073805","protein_coding"
"9519","ENSMUSG00000073804","protein_coding"
"9520","ENSMUSG00000048377","protein_coding"
"9521","ENSMUSG00000050866","protein_coding"
"9522","ENSMUSG00000041836","protein_coding"
"9523","ENSMUSG00000031004","protein_coding"
"9524","ENSMUSG00000054612","protein_coding"
"9525","ENSMUSG00000010476","protein_coding"
"9526","ENSMUSG00000040139","protein_coding"
"9527","ENSMUSG00000031068","protein_coding"
"9528","ENSMUSG00000091002","protein_coding"
"9529","ENSMUSG00000041775","protein_coding"
"9530","ENSMUSG00000041769","protein_coding"
"9531","ENSMUSG00000078566","protein_coding"
"9532","ENSMUSG00000056856","protein_coding"
"9533","ENSMUSG00000025478","protein_coding"
"9534","ENSMUSG00000015981","protein_coding"
"9535","ENSMUSG00000015980","protein_coding"
"9536","ENSMUSG00000060260","protein_coding"
"9537","ENSMUSG00000025477","protein_coding"
"9538","ENSMUSG00000041309","protein_coding"
"9539","ENSMUSG00000049571","protein_coding"
"9540","ENSMUSG00000025475","protein_coding"
"9541","ENSMUSG00000066129","protein_coding"
"9542","ENSMUSG00000047751","protein_coding"
"9543","ENSMUSG00000073795","protein_coding"
"9544","ENSMUSG00000025473","protein_coding"
"9545","ENSMUSG00000025474","protein_coding"
"9546","ENSMUSG00000025470","protein_coding"
"9547","ENSMUSG00000025469","protein_coding"
"9548","ENSMUSG00000025468","protein_coding"
"9549","ENSMUSG00000025467","protein_coding"
"9550","ENSMUSG00000025466","protein_coding"
"9551","ENSMUSG00000025465","protein_coding"
"9552","ENSMUSG00000025464","protein_coding"
"9553","ENSMUSG00000039018","protein_coding"
"9554","ENSMUSG00000045733","protein_coding"
"9555","ENSMUSG00000051180","protein_coding"
"9556","ENSMUSG00000051051","protein_coding"
"9557","ENSMUSG00000050366","protein_coding"
"9558","ENSMUSG00000025461","protein_coding"
"9559","ENSMUSG00000054672","protein_coding"
"9560","ENSMUSG00000061489","protein_coding"
"9561","ENSMUSG00000062782","protein_coding"
"9562","ENSMUSG00000060112","protein_coding"
"9563","ENSMUSG00000060974","protein_coding"
"9564","ENSMUSG00000062712","protein_coding"
"9565","ENSMUSG00000063823","protein_coding"
"9566","ENSMUSG00000056883","protein_coding"
"9567","ENSMUSG00000063230","protein_coding"
"9568","ENSMUSG00000052508","protein_coding"
"9569","ENSMUSG00000110092","protein_coding"
"9570","ENSMUSG00000095901","protein_coding"
"9571","ENSMUSG00000093942","protein_coding"
"9572","ENSMUSG00000096069","protein_coding"
"9573","ENSMUSG00000094819","protein_coding"
"9574","ENSMUSG00000059136","protein_coding"
"9575","ENSMUSG00000066122","protein_coding"
"9576","ENSMUSG00000057997","protein_coding"
"9577","ENSMUSG00000025479","protein_coding"
"9578","ENSMUSG00000025480","protein_coding"
"9579","ENSMUSG00000060314","protein_coding"
"9580","ENSMUSG00000110136","protein_coding"
"9581","ENSMUSG00000025481","protein_coding"
"9582","ENSMUSG00000038801","protein_coding"
"9583","ENSMUSG00000025482","protein_coding"
"9584","ENSMUSG00000025484","protein_coding"
"9585","ENSMUSG00000025485","protein_coding"
"9586","ENSMUSG00000025486","protein_coding"
"9587","ENSMUSG00000025487","protein_coding"
"9588","ENSMUSG00000025488","protein_coding"
"9589","ENSMUSG00000038745","protein_coding"
"9590","ENSMUSG00000062031","protein_coding"
"9591","ENSMUSG00000025489","protein_coding"
"9592","ENSMUSG00000110104","protein_coding"
"9593","ENSMUSG00000060591","protein_coding"
"9594","ENSMUSG00000025491","protein_coding"
"9595","ENSMUSG00000025492","protein_coding"
"9596","ENSMUSG00000059108","protein_coding"
"9597","ENSMUSG00000055629","protein_coding"
"9598","ENSMUSG00000054065","protein_coding"
"9599","ENSMUSG00000025494","protein_coding"
"9600","ENSMUSG00000054662","protein_coding"
"9601","ENSMUSG00000025495","protein_coding"
"9602","ENSMUSG00000038650","protein_coding"
"9603","ENSMUSG00000025499","protein_coding"
"9604","ENSMUSG00000038637","protein_coding"
"9605","ENSMUSG00000025500","protein_coding"
"9606","ENSMUSG00000038618","protein_coding"
"9607","ENSMUSG00000038611","protein_coding"
"9608","ENSMUSG00000025498","protein_coding"
"9609","ENSMUSG00000025497","protein_coding"
"9610","ENSMUSG00000038580","protein_coding"
"9611","ENSMUSG00000025496","protein_coding"
"9612","ENSMUSG00000058886","protein_coding"
"9613","ENSMUSG00000025505","protein_coding"
"9614","ENSMUSG00000025504","protein_coding"
"9615","ENSMUSG00000025503","protein_coding"
"9616","ENSMUSG00000051007","protein_coding"
"9617","ENSMUSG00000060240","protein_coding"
"9618","ENSMUSG00000019082","protein_coding"
"9619","ENSMUSG00000025507","protein_coding"
"9620","ENSMUSG00000025508","protein_coding"
"9621","ENSMUSG00000025509","protein_coding"
"9622","ENSMUSG00000048200","protein_coding"
"9623","ENSMUSG00000025510","protein_coding"
"9624","ENSMUSG00000038489","protein_coding"
"9625","ENSMUSG00000025511","protein_coding"
"9626","ENSMUSG00000025512","protein_coding"
"9627","ENSMUSG00000002957","protein_coding"
"9628","ENSMUSG00000118661","protein_coding"
"9629","ENSMUSG00000025515","protein_coding"
"9630","ENSMUSG00000037974","protein_coding"
"9631","ENSMUSG00000066108","protein_coding"
"9632","ENSMUSG00000025139","protein_coding"
"9633","ENSMUSG00000053046","protein_coding"
"9634","ENSMUSG00000025147","protein_coding"
"9635","ENSMUSG00000037887","protein_coding"
"9636","ENSMUSG00000109859","protein_coding"
"9637","ENSMUSG00000110091","protein_coding"
"9638","ENSMUSG00000110061","protein_coding"
"9639","ENSMUSG00000109655","protein_coding"
"9640","ENSMUSG00000090471","protein_coding"
"9641","ENSMUSG00000054759","protein_coding"
"9642","ENSMUSG00000066101","protein_coding"
"9643","ENSMUSG00000046248","protein_coding"
"9644","ENSMUSG00000073786","protein_coding"
"9645","ENSMUSG00000073785","protein_coding"
"9646","ENSMUSG00000110324","protein_coding"
"9647","ENSMUSG00000056885","protein_coding"
"9648","ENSMUSG00000066100","protein_coding"
"9649","ENSMUSG00000045236","protein_coding"
"9650","ENSMUSG00000045777","protein_coding"
"9651","ENSMUSG00000110040","protein_coding"
"9652","ENSMUSG00000007891","protein_coding"
"9653","ENSMUSG00000031098","protein_coding"
"9654","ENSMUSG00000031097","protein_coding"
"9655","ENSMUSG00000018819","protein_coding"
"9656","ENSMUSG00000043795","protein_coding"
"9657","ENSMUSG00000061723","protein_coding"
"9658","ENSMUSG00000037772","protein_coding"
"9659","ENSMUSG00000048583","protein_coding"
"9660","ENSMUSG00000115302","protein_coding"
"9661","ENSMUSG00000000215","protein_coding"
"9662","ENSMUSG00000000214","protein_coding"
"9663","ENSMUSG00000009248","protein_coding"
"9664","ENSMUSG00000000244","protein_coding"
"9665","ENSMUSG00000037706","protein_coding"
"9666","ENSMUSG00000009246","protein_coding"
"9667","ENSMUSG00000045752","protein_coding"
"9668","ENSMUSG00000009545","protein_coding"
"9669","ENSMUSG00000037664","protein_coding"
"9670","ENSMUSG00000000154","protein_coding"
"9671","ENSMUSG00000010760","protein_coding"
"9672","ENSMUSG00000059119","protein_coding"
"9673","ENSMUSG00000010755","protein_coding"
"9674","ENSMUSG00000045362","protein_coding"
"9675","ENSMUSG00000010751","protein_coding"
"9676","ENSMUSG00000037613","protein_coding"
"9677","ENSMUSG00000037606","protein_coding"
"9678","ENSMUSG00000050276","protein_coding"
"9679","ENSMUSG00000048965","protein_coding"
"9680","ENSMUSG00000031090","protein_coding"
"9681","ENSMUSG00000058454","protein_coding"
"9682","ENSMUSG00000031085","protein_coding"
"9683","ENSMUSG00000037541","protein_coding"
"9684","ENSMUSG00000031078","protein_coding"
"9685","ENSMUSG00000037519","protein_coding"
"9686","ENSMUSG00000031077","protein_coding"
"9687","ENSMUSG00000031075","protein_coding"
"9688","ENSMUSG00000031074","protein_coding"
"9689","ENSMUSG00000050917","protein_coding"
"9690","ENSMUSG00000031073","protein_coding"
"9691","ENSMUSG00000031072","protein_coding"
"9692","ENSMUSG00000070348","protein_coding"
"9693","ENSMUSG00000048677","protein_coding"
"9694","ENSMUSG00000109305","protein_coding"
"9695","ENSMUSG00000031070","protein_coding"
"9696","ENSMUSG00000051207","protein_coding"
"9697","ENSMUSG00000005534","protein_coding"
"9698","ENSMUSG00000004568","protein_coding"
"9699","ENSMUSG00000069633","protein_coding"
"9700","ENSMUSG00000040340","protein_coding"
"9701","ENSMUSG00000047264","protein_coding"
"9702","ENSMUSG00000004567","protein_coding"
"9703","ENSMUSG00000004565","protein_coding"
"9704","ENSMUSG00000065952","protein_coding"
"9705","ENSMUSG00000044433","protein_coding"
"9706","ENSMUSG00000019470","protein_coding"
"9707","ENSMUSG00000087687","protein_coding"
"9708","ENSMUSG00000004630","protein_coding"
"9709","ENSMUSG00000004626","protein_coding"
"9710","ENSMUSG00000012705","protein_coding"
"9711","ENSMUSG00000013974","protein_coding"
"9712","ENSMUSG00000089665","protein_coding"
"9713","ENSMUSG00000040236","protein_coding"
"9714","ENSMUSG00000005540","protein_coding"
"9715","ENSMUSG00000074491","protein_coding"
"9716","ENSMUSG00000031494","protein_coding"
"9717","ENSMUSG00000040197","protein_coding"
"9718","ENSMUSG00000031495","protein_coding"
"9719","ENSMUSG00000065987","protein_coding"
"9720","ENSMUSG00000040165","protein_coding"
"9721","ENSMUSG00000051906","protein_coding"
"9722","ENSMUSG00000079168","protein_coding"
"9723","ENSMUSG00000011832","protein_coding"
"9724","ENSMUSG00000064125","protein_coding"
"9725","ENSMUSG00000046589","protein_coding"
"9726","ENSMUSG00000002948","protein_coding"
"9727","ENSMUSG00000109061","protein_coding"
"9728","ENSMUSG00000089736","protein_coding"
"9729","ENSMUSG00000011837","protein_coding"
"9730","ENSMUSG00000048644","protein_coding"
"9731","ENSMUSG00000002949","protein_coding"
"9732","ENSMUSG00000040028","protein_coding"
"9733","ENSMUSG00000023235","protein_coding"
"9734","ENSMUSG00000008206","protein_coding"
"9735","ENSMUSG00000058748","protein_coding"
"9736","ENSMUSG00000022322","protein_coding"
"9737","ENSMUSG00000023073","protein_coding"
"9738","ENSMUSG00000001300","protein_coding"
"9739","ENSMUSG00000040459","protein_coding"
"9740","ENSMUSG00000079157","protein_coding"
"9741","ENSMUSG00000049717","protein_coding"
"9742","ENSMUSG00000040396","protein_coding"
"9743","ENSMUSG00000031497","protein_coding"
"9744","ENSMUSG00000039057","protein_coding"
"9745","ENSMUSG00000038894","protein_coding"
"9746","ENSMUSG00000031502","protein_coding"
"9747","ENSMUSG00000031503","protein_coding"
"9748","ENSMUSG00000031504","protein_coding"
"9749","ENSMUSG00000031505","protein_coding"
"9750","ENSMUSG00000056228","protein_coding"
"9751","ENSMUSG00000045969","protein_coding"
"9752","ENSMUSG00000031508","protein_coding"
"9753","ENSMUSG00000031509","protein_coding"
"9754","ENSMUSG00000031511","protein_coding"
"9755","ENSMUSG00000031512","protein_coding"
"9756","ENSMUSG00000096014","protein_coding"
"9757","ENSMUSG00000010435","protein_coding"
"9758","ENSMUSG00000000759","protein_coding"
"9759","ENSMUSG00000031441","protein_coding"
"9760","ENSMUSG00000031442","protein_coding"
"9761","ENSMUSG00000031443","protein_coding"
"9762","ENSMUSG00000031444","protein_coding"
"9763","ENSMUSG00000031445","protein_coding"
"9764","ENSMUSG00000038542","protein_coding"
"9765","ENSMUSG00000031446","protein_coding"
"9766","ENSMUSG00000031447","protein_coding"
"9767","ENSMUSG00000038515","protein_coding"
"9768","ENSMUSG00000031448","protein_coding"
"9769","ENSMUSG00000038506","protein_coding"
"9770","ENSMUSG00000038497","protein_coding"
"9771","ENSMUSG00000038482","protein_coding"
"9772","ENSMUSG00000031449","protein_coding"
"9773","ENSMUSG00000031450","protein_coding"
"9774","ENSMUSG00000038457","protein_coding"
"9775","ENSMUSG00000031451","protein_coding"
"9776","ENSMUSG00000031452","protein_coding"
"9777","ENSMUSG00000031453","protein_coding"
"9778","ENSMUSG00000090336","protein_coding"
"9779","ENSMUSG00000038416","protein_coding"
"9780","ENSMUSG00000038398","protein_coding"
"9781","ENSMUSG00000057116","protein_coding"
"9782","ENSMUSG00000047710","protein_coding"
"9783","ENSMUSG00000031458","protein_coding"
"9784","ENSMUSG00000038365","protein_coding"
"9785","ENSMUSG00000050052","protein_coding"
"9786","ENSMUSG00000051978","protein_coding"
"9787","ENSMUSG00000047495","protein_coding"
"9788","ENSMUSG00000026317","protein_coding"
"9789","ENSMUSG00000071176","protein_coding"
"9790","ENSMUSG00000055675","protein_coding"
"9791","ENSMUSG00000049008","protein_coding"
"9792","ENSMUSG00000031461","protein_coding"
"9793","ENSMUSG00000060924","protein_coding"
"9794","ENSMUSG00000039842","protein_coding"
"9795","ENSMUSG00000031465","protein_coding"
"9796","ENSMUSG00000031467","protein_coding"
"9797","ENSMUSG00000039814","protein_coding"
"9798","ENSMUSG00000053678","protein_coding"
"9799","ENSMUSG00000053695","protein_coding"
"9800","ENSMUSG00000053790","protein_coding"
"9801","ENSMUSG00000061847","protein_coding"
"9802","ENSMUSG00000043787","protein_coding"
"9803","ENSMUSG00000052554","protein_coding"
"9804","ENSMUSG00000059463","protein_coding"
"9805","ENSMUSG00000110641","protein_coding"
"9806","ENSMUSG00000079842","protein_coding"
"9807","ENSMUSG00000046354","protein_coding"
"9808","ENSMUSG00000059230","protein_coding"
"9809","ENSMUSG00000050756","protein_coding"
"9810","ENSMUSG00000071169","protein_coding"
"9811","ENSMUSG00000039785","protein_coding"
"9812","ENSMUSG00000039775","protein_coding"
"9813","ENSMUSG00000031471","protein_coding"
"9814","ENSMUSG00000037790","protein_coding"
"9815","ENSMUSG00000096265","protein_coding"
"9816","ENSMUSG00000074449","protein_coding"
"9817","ENSMUSG00000110591","protein_coding"
"9818","ENSMUSG00000095294","protein_coding"
"9819","ENSMUSG00000074454","protein_coding"
"9820","ENSMUSG00000082976","protein_coding"
"9821","ENSMUSG00000071165","protein_coding"
"9822","ENSMUSG00000079120","protein_coding"
"9823","ENSMUSG00000074447","protein_coding"
"9824","ENSMUSG00000074446","protein_coding"
"9825","ENSMUSG00000061845","protein_coding"
"9826","ENSMUSG00000094687","protein_coding"
"9827","ENSMUSG00000061958","protein_coding"
"9828","ENSMUSG00000074444","protein_coding"
"9829","ENSMUSG00000074443","protein_coding"
"9830","ENSMUSG00000074442","protein_coding"
"9831","ENSMUSG00000079116","protein_coding"
"9832","ENSMUSG00000074441","protein_coding"
"9833","ENSMUSG00000074440","protein_coding"
"9834","ENSMUSG00000074439","protein_coding"
"9835","ENSMUSG00000082211","protein_coding"
"9836","ENSMUSG00000074437","protein_coding"
"9837","ENSMUSG00000096295","protein_coding"
"9838","ENSMUSG00000094362","protein_coding"
"9839","ENSMUSG00000094662","protein_coding"
"9840","ENSMUSG00000079114","protein_coding"
"9841","ENSMUSG00000095066","protein_coding"
"9842","ENSMUSG00000094818","protein_coding"
"9843","ENSMUSG00000065956","protein_coding"
"9844","ENSMUSG00000074434","protein_coding"
"9845","ENSMUSG00000079113","protein_coding"
"9846","ENSMUSG00000060070","protein_coding"
"9847","ENSMUSG00000060208","protein_coding"
"9848","ENSMUSG00000063206","protein_coding"
"9849","ENSMUSG00000058618","protein_coding"
"9850","ENSMUSG00000064213","protein_coding"
"9851","ENSMUSG00000044748","protein_coding"
"9852","ENSMUSG00000058568","protein_coding"
"9853","ENSMUSG00000006570","protein_coding"
"9854","ENSMUSG00000044743","protein_coding"
"9855","ENSMUSG00000047390","protein_coding"
"9856","ENSMUSG00000045337","protein_coding"
"9857","ENSMUSG00000048500","protein_coding"
"9858","ENSMUSG00000058052","protein_coding"
"9859","ENSMUSG00000044222","protein_coding"
"9860","ENSMUSG00000079112","protein_coding"
"9861","ENSMUSG00000017049","protein_coding"
"9862","ENSMUSG00000006567","protein_coding"
"9863","ENSMUSG00000063362","protein_coding"
"9864","ENSMUSG00000037738","protein_coding"
"9865","ENSMUSG00000031478","protein_coding"
"9866","ENSMUSG00000037725","protein_coding"
"9867","ENSMUSG00000031479","protein_coding"
"9868","ENSMUSG00000031480","protein_coding"
"9869","ENSMUSG00000031481","protein_coding"
"9870","ENSMUSG00000031482","protein_coding"
"9871","ENSMUSG00000031533","protein_coding"
"9872","ENSMUSG00000031534","protein_coding"
"9873","ENSMUSG00000037656","protein_coding"
"9874","ENSMUSG00000008892","protein_coding"
"9875","ENSMUSG00000031535","protein_coding"
"9876","ENSMUSG00000031536","protein_coding"
"9877","ENSMUSG00000031537","protein_coding"
"9878","ENSMUSG00000031538","protein_coding"
"9879","ENSMUSG00000031539","protein_coding"
"9880","ENSMUSG00000031540","protein_coding"
"9881","ENSMUSG00000031543","protein_coding"
"9882","ENSMUSG00000063672","protein_coding"
"9883","ENSMUSG00000031545","protein_coding"
"9884","ENSMUSG00000031546","protein_coding"
"9885","ENSMUSG00000015341","protein_coding"
"9886","ENSMUSG00000031548","protein_coding"
"9887","ENSMUSG00000037492","protein_coding"
"9888","ENSMUSG00000056313","protein_coding"
"9889","ENSMUSG00000031549","protein_coding"
"9890","ENSMUSG00000031551","protein_coding"
"9891","ENSMUSG00000031552","protein_coding"
"9892","ENSMUSG00000031553","protein_coding"
"9893","ENSMUSG00000031554","protein_coding"
"9894","ENSMUSG00000037437","protein_coding"
"9895","ENSMUSG00000031555","protein_coding"
"9896","ENSMUSG00000031556","protein_coding"
"9897","ENSMUSG00000037406","protein_coding"
"9898","ENSMUSG00000031557","protein_coding"
"9899","ENSMUSG00000065954","protein_coding"
"9900","ENSMUSG00000031565","protein_coding"
"9901","ENSMUSG00000037363","protein_coding"
"9902","ENSMUSG00000054823","protein_coding"
"9903","ENSMUSG00000031570","protein_coding"
"9904","ENSMUSG00000061313","protein_coding"
"9905","ENSMUSG00000037316","protein_coding"
"9906","ENSMUSG00000037296","protein_coding"
"9907","ENSMUSG00000031574","protein_coding"
"9908","ENSMUSG00000031575","protein_coding"
"9909","ENSMUSG00000031576","protein_coding"
"9910","ENSMUSG00000037260","protein_coding"
"9911","ENSMUSG00000037251","protein_coding"
"9912","ENSMUSG00000015994","protein_coding"
"9913","ENSMUSG00000037234","protein_coding"
"9914","ENSMUSG00000013878","protein_coding"
"9915","ENSMUSG00000109850","protein_coding"
"9916","ENSMUSG00000037214","protein_coding"
"9917","ENSMUSG00000085795","protein_coding"
"9918","ENSMUSG00000031483","protein_coding"
"9919","ENSMUSG00000031485","protein_coding"
"9920","ENSMUSG00000031486","protein_coding"
"9921","ENSMUSG00000031487","protein_coding"
"9922","ENSMUSG00000031488","protein_coding"
"9923","ENSMUSG00000039720","protein_coding"
"9924","ENSMUSG00000031489","protein_coding"
"9925","ENSMUSG00000031490","protein_coding"
"9926","ENSMUSG00000031492","protein_coding"
"9927","ENSMUSG00000031491","protein_coding"
"9928","ENSMUSG00000110333","protein_coding"
"9929","ENSMUSG00000063932","protein_coding"
"9930","ENSMUSG00000063626","protein_coding"
"9931","ENSMUSG00000039661","protein_coding"
"9932","ENSMUSG00000039328","protein_coding"
"9933","ENSMUSG00000031577","protein_coding"
"9934","ENSMUSG00000031578","protein_coding"
"9935","ENSMUSG00000046152","protein_coding"
"9936","ENSMUSG00000062991","protein_coding"
"9937","ENSMUSG00000118541","protein_coding"
"9938","ENSMUSG00000031583","protein_coding"
"9939","ENSMUSG00000049184","protein_coding"
"9940","ENSMUSG00000009628","protein_coding"
"9941","ENSMUSG00000009630","protein_coding"
"9942","ENSMUSG00000052906","protein_coding"
"9943","ENSMUSG00000031584","protein_coding"
"9944","ENSMUSG00000031585","protein_coding"
"9945","ENSMUSG00000094500","protein_coding"
"9946","ENSMUSG00000031586","protein_coding"
"9947","ENSMUSG00000031516","protein_coding"
"9948","ENSMUSG00000063412","protein_coding"
"9949","ENSMUSG00000071113","protein_coding"
"9950","ENSMUSG00000031513","protein_coding"
"9951","ENSMUSG00000031532","protein_coding"
"9952","ENSMUSG00000031530","protein_coding"
"9953","ENSMUSG00000031529","protein_coding"
"9954","ENSMUSG00000046794","protein_coding"
"9955","ENSMUSG00000031527","protein_coding"
"9956","ENSMUSG00000070056","protein_coding"
"9957","ENSMUSG00000109372","protein_coding"
"9958","ENSMUSG00000055976","protein_coding"
"9959","ENSMUSG00000050271","protein_coding"
"9960","ENSMUSG00000039633","protein_coding"
"9961","ENSMUSG00000039620","protein_coding"
"9962","ENSMUSG00000031523","protein_coding"
"9963","ENSMUSG00000074384","protein_coding"
"9964","ENSMUSG00000039539","protein_coding"
"9965","ENSMUSG00000118664","protein_coding"
"9966","ENSMUSG00000025044","protein_coding"
"9967","ENSMUSG00000031603","protein_coding"
"9968","ENSMUSG00000039478","protein_coding"
"9969","ENSMUSG00000039470","protein_coding"
"9970","ENSMUSG00000031601","protein_coding"
"9971","ENSMUSG00000031600","protein_coding"
"9972","ENSMUSG00000039431","protein_coding"
"9973","ENSMUSG00000046723","protein_coding"
"9974","ENSMUSG00000071937","protein_coding"
"9975","ENSMUSG00000046282","protein_coding"
"9976","ENSMUSG00000054033","protein_coding"
"9977","ENSMUSG00000031596","protein_coding"
"9978","ENSMUSG00000031595","protein_coding"
"9979","ENSMUSG00000045636","protein_coding"
"9980","ENSMUSG00000031594","protein_coding"
"9981","ENSMUSG00000031592","protein_coding"
"9982","ENSMUSG00000031591","protein_coding"
"9983","ENSMUSG00000031590","protein_coding"
"9984","ENSMUSG00000031651","protein_coding"
"9985","ENSMUSG00000091490","protein_coding"
"9986","ENSMUSG00000051176","protein_coding"
"9987","ENSMUSG00000063900","protein_coding"
"9988","ENSMUSG00000048516","protein_coding"
"9989","ENSMUSG00000050190","protein_coding"
"9990","ENSMUSG00000079058","protein_coding"
"9991","ENSMUSG00000070047","protein_coding"
"9992","ENSMUSG00000054764","protein_coding"
"9993","ENSMUSG00000031645","protein_coding"
"9994","ENSMUSG00000109764","protein_coding"
"9995","ENSMUSG00000031640","protein_coding"
"9996","ENSMUSG00000079057","protein_coding"
"9997","ENSMUSG00000070044","protein_coding"
"9998","ENSMUSG00000031639","protein_coding"
"9999","ENSMUSG00000031626","protein_coding"
"10000","ENSMUSG00000031636","protein_coding"
"10001","ENSMUSG00000071104","protein_coding"
"10002","ENSMUSG00000071103","protein_coding"
"10003","ENSMUSG00000031634","protein_coding"
"10004","ENSMUSG00000050914","protein_coding"
"10005","ENSMUSG00000031637","protein_coding"
"10006","ENSMUSG00000038291","protein_coding"
"10007","ENSMUSG00000031631","protein_coding"
"10008","ENSMUSG00000031633","protein_coding"
"10009","ENSMUSG00000047171","protein_coding"
"10010","ENSMUSG00000018796","protein_coding"
"10011","ENSMUSG00000031629","protein_coding"
"10012","ENSMUSG00000038225","protein_coding"
"10013","ENSMUSG00000031628","protein_coding"
"10014","ENSMUSG00000031627","protein_coding"
"10015","ENSMUSG00000038173","protein_coding"
"10016","ENSMUSG00000038143","protein_coding"
"10017","ENSMUSG00000038102","protein_coding"
"10018","ENSMUSG00000031568","protein_coding"
"10019","ENSMUSG00000063049","protein_coding"
"10020","ENSMUSG00000038069","protein_coding"
"10021","ENSMUSG00000061974","protein_coding"
"10022","ENSMUSG00000031563","protein_coding"
"10023","ENSMUSG00000038064","protein_coding"
"10024","ENSMUSG00000031562","protein_coding"
"10025","ENSMUSG00000031561","protein_coding"
"10026","ENSMUSG00000031521","protein_coding"
"10027","ENSMUSG00000039396","protein_coding"
"10028","ENSMUSG00000031520","protein_coding"
"10029","ENSMUSG00000054408","protein_coding"
"10030","ENSMUSG00000031519","protein_coding"
"10031","ENSMUSG00000031518","protein_coding"
"10032","ENSMUSG00000039375","protein_coding"
"10033","ENSMUSG00000031517","protein_coding"
"10034","ENSMUSG00000046258","protein_coding"
"10035","ENSMUSG00000038257","protein_coding"
"10036","ENSMUSG00000031613","protein_coding"
"10037","ENSMUSG00000038215","protein_coding"
"10038","ENSMUSG00000038206","protein_coding"
"10039","ENSMUSG00000038193","protein_coding"
"10040","ENSMUSG00000031610","protein_coding"
"10041","ENSMUSG00000031609","protein_coding"
"10042","ENSMUSG00000054717","protein_coding"
"10043","ENSMUSG00000031608","protein_coding"
"10044","ENSMUSG00000096914","protein_coding"
"10045","ENSMUSG00000049946","protein_coding"
"10046","ENSMUSG00000070023","protein_coding"
"10047","ENSMUSG00000057228","protein_coding"
"10048","ENSMUSG00000031647","protein_coding"
"10049","ENSMUSG00000038005","protein_coding"
"10050","ENSMUSG00000004319","protein_coding"
"10051","ENSMUSG00000031644","protein_coding"
"10052","ENSMUSG00000031642","protein_coding"
"10053","ENSMUSG00000031641","protein_coding"
"10054","ENSMUSG00000058056","protein_coding"
"10055","ENSMUSG00000037921","protein_coding"
"10056","ENSMUSG00000031635","protein_coding"
"10057","ENSMUSG00000054162","protein_coding"
"10058","ENSMUSG00000094443","protein_coding"
"10059","ENSMUSG00000053626","protein_coding"
"10060","ENSMUSG00000037852","protein_coding"
"10061","ENSMUSG00000031604","protein_coding"
"10062","ENSMUSG00000031605","protein_coding"
"10063","ENSMUSG00000025521","protein_coding"
"10064","ENSMUSG00000071089","protein_coding"
"10065","ENSMUSG00000053490","protein_coding"
"10066","ENSMUSG00000109718","protein_coding"
"10067","ENSMUSG00000079042","protein_coding"
"10068","ENSMUSG00000074300","protein_coding"
"10069","ENSMUSG00000036469","protein_coding"
"10070","ENSMUSG00000025591","protein_coding"
"10071","ENSMUSG00000025519","protein_coding"
"10072","ENSMUSG00000044014","protein_coding"
"10073","ENSMUSG00000036437","protein_coding"
"10074","ENSMUSG00000014907","protein_coding"
"10075","ENSMUSG00000025588","protein_coding"
"10076","ENSMUSG00000051147","protein_coding"
"10077","ENSMUSG00000056426","protein_coding"
"10078","ENSMUSG00000030465","protein_coding"
"10079","ENSMUSG00000053886","protein_coding"
"10080","ENSMUSG00000036356","protein_coding"
"10081","ENSMUSG00000031864","protein_coding"
"10082","ENSMUSG00000015568","protein_coding"
"10083","ENSMUSG00000036330","protein_coding"
"10084","ENSMUSG00000006273","protein_coding"
"10085","ENSMUSG00000036306","protein_coding"
"10086","ENSMUSG00000059897","protein_coding"
"10087","ENSMUSG00000079038","protein_coding"
"10088","ENSMUSG00000110444","protein_coding"
"10089","ENSMUSG00000107280","protein_coding"
"10090","ENSMUSG00000106824","protein_coding"
"10091","ENSMUSG00000060427","protein_coding"
"10092","ENSMUSG00000091764","protein_coding"
"10093","ENSMUSG00000054648","protein_coding"
"10094","ENSMUSG00000092260","protein_coding"
"10095","ENSMUSG00000092544","protein_coding"
"10096","ENSMUSG00000043090","protein_coding"
"10097","ENSMUSG00000031862","protein_coding"
"10098","ENSMUSG00000036246","protein_coding"
"10099","ENSMUSG00000031861","protein_coding"
"10100","ENSMUSG00000031860","protein_coding"
"10101","ENSMUSG00000044006","protein_coding"
"10102","ENSMUSG00000048967","protein_coding"
"10103","ENSMUSG00000036199","protein_coding"
"10104","ENSMUSG00000047654","protein_coding"
"10105","ENSMUSG00000036180","protein_coding"
"10106","ENSMUSG00000031858","protein_coding"
"10107","ENSMUSG00000011306","protein_coding"
"10108","ENSMUSG00000036151","protein_coding"
"10109","ENSMUSG00000007594","protein_coding"
"10110","ENSMUSG00000002341","protein_coding"
"10111","ENSMUSG00000036120","protein_coding"
"10112","ENSMUSG00000071078","protein_coding"
"10113","ENSMUSG00000002345","protein_coding"
"10114","ENSMUSG00000079033","protein_coding"
"10115","ENSMUSG00000002342","protein_coding"
"10116","ENSMUSG00000002346","protein_coding"
"10117","ENSMUSG00000002343","protein_coding"
"10118","ENSMUSG00000036054","protein_coding"
"10119","ENSMUSG00000003573","protein_coding"
"10120","ENSMUSG00000057788","protein_coding"
"10121","ENSMUSG00000055681","protein_coding"
"10122","ENSMUSG00000087408","protein_coding"
"10123","ENSMUSG00000109523","protein_coding"
"10124","ENSMUSG00000058301","protein_coding"
"10125","ENSMUSG00000031849","protein_coding"
"10126","ENSMUSG00000003575","protein_coding"
"10127","ENSMUSG00000055707","protein_coding"
"10128","ENSMUSG00000035964","protein_coding"
"10129","ENSMUSG00000007888","protein_coding"
"10130","ENSMUSG00000058833","protein_coding"
"10131","ENSMUSG00000090137","protein_coding"
"10132","ENSMUSG00000055553","protein_coding"
"10133","ENSMUSG00000019428","protein_coding"
"10134","ENSMUSG00000070002","protein_coding"
"10135","ENSMUSG00000019139","protein_coding"
"10136","ENSMUSG00000070003","protein_coding"
"10137","ENSMUSG00000049988","protein_coding"
"10138","ENSMUSG00000038508","protein_coding"
"10139","ENSMUSG00000056204","protein_coding"
"10140","ENSMUSG00000031848","protein_coding"
"10141","ENSMUSG00000071076","protein_coding"
"10142","ENSMUSG00000110622","protein_coding"
"10143","ENSMUSG00000095026","protein_coding"
"10144","ENSMUSG00000031842","protein_coding"
"10145","ENSMUSG00000031840","protein_coding"
"10146","ENSMUSG00000035559","protein_coding"
"10147","ENSMUSG00000031838","protein_coding"
"10148","ENSMUSG00000031834","protein_coding"
"10149","ENSMUSG00000031833","protein_coding"
"10150","ENSMUSG00000000791","protein_coding"
"10151","ENSMUSG00000002910","protein_coding"
"10152","ENSMUSG00000002908","protein_coding"
"10153","ENSMUSG00000007721","protein_coding"
"10154","ENSMUSG00000000792","protein_coding"
"10155","ENSMUSG00000045128","protein_coding"
"10156","ENSMUSG00000019261","protein_coding"
"10157","ENSMUSG00000035439","protein_coding"
"10158","ENSMUSG00000004677","protein_coding"
"10159","ENSMUSG00000002395","protein_coding"
"10160","ENSMUSG00000002396","protein_coding"
"10161","ENSMUSG00000002393","protein_coding"
"10162","ENSMUSG00000034911","protein_coding"
"10163","ENSMUSG00000031820","protein_coding"
"10164","ENSMUSG00000046295","protein_coding"
"10165","ENSMUSG00000007950","protein_coding"
"10166","ENSMUSG00000034880","protein_coding"
"10167","ENSMUSG00000074247","protein_coding"
"10168","ENSMUSG00000034863","protein_coding"
"10169","ENSMUSG00000007610","protein_coding"
"10170","ENSMUSG00000034845","protein_coding"
"10171","ENSMUSG00000108900","protein_coding"
"10172","ENSMUSG00000046718","protein_coding"
"10173","ENSMUSG00000031813","protein_coding"
"10174","ENSMUSG00000043664","protein_coding"
"10175","ENSMUSG00000034829","protein_coding"
"10176","ENSMUSG00000031808","protein_coding"
"10177","ENSMUSG00000031807","protein_coding"
"10178","ENSMUSG00000043243","protein_coding"
"10179","ENSMUSG00000034807","protein_coding"
"10180","ENSMUSG00000034799","protein_coding"
"10181","ENSMUSG00000031805","protein_coding"
"10182","ENSMUSG00000079019","protein_coding"
"10183","ENSMUSG00000031803","protein_coding"
"10184","ENSMUSG00000070000","protein_coding"
"10185","ENSMUSG00000056019","protein_coding"
"10186","ENSMUSG00000089857","protein_coding"
"10187","ENSMUSG00000066880","protein_coding"
"10188","ENSMUSG00000052446","protein_coding"
"10189","ENSMUSG00000003484","protein_coding"
"10190","ENSMUSG00000069998","protein_coding"
"10191","ENSMUSG00000061561","protein_coding"
"10192","ENSMUSG00000046881","protein_coding"
"10193","ENSMUSG00000031799","protein_coding"
"10194","ENSMUSG00000003037","protein_coding"
"10195","ENSMUSG00000062007","protein_coding"
"10196","ENSMUSG00000074240","protein_coding"
"10197","ENSMUSG00000003039","protein_coding"
"10198","ENSMUSG00000003033","protein_coding"
"10199","ENSMUSG00000070713","protein_coding"
"10200","ENSMUSG00000055148","protein_coding"
"10201","ENSMUSG00000006276","protein_coding"
"10202","ENSMUSG00000019732","protein_coding"
"10203","ENSMUSG00000052794","protein_coding"
"10204","ENSMUSG00000052488","protein_coding"
"10205","ENSMUSG00000019731","protein_coding"
"10206","ENSMUSG00000045248","protein_coding"
"10207","ENSMUSG00000044600","protein_coding"
"10208","ENSMUSG00000031791","protein_coding"
"10209","ENSMUSG00000048148","protein_coding"
"10210","ENSMUSG00000031622","protein_coding"
"10211","ENSMUSG00000050147","protein_coding"
"10212","ENSMUSG00000004383","protein_coding"
"10213","ENSMUSG00000031621","protein_coding"
"10214","ENSMUSG00000034518","protein_coding"
"10215","ENSMUSG00000042870","protein_coding"
"10216","ENSMUSG00000005413","protein_coding"
"10217","ENSMUSG00000005410","protein_coding"
"10218","ENSMUSG00000034472","protein_coding"
"10219","ENSMUSG00000110469","protein_coding"
"10220","ENSMUSG00000031620","protein_coding"
"10221","ENSMUSG00000031618","protein_coding"
"10222","ENSMUSG00000037148","protein_coding"
"10223","ENSMUSG00000037134","protein_coding"
"10224","ENSMUSG00000031617","protein_coding"
"10225","ENSMUSG00000031616","protein_coding"
"10226","ENSMUSG00000037101","protein_coding"
"10227","ENSMUSG00000031688","protein_coding"
"10228","ENSMUSG00000037070","protein_coding"
"10229","ENSMUSG00000031684","protein_coding"
"10230","ENSMUSG00000031683","protein_coding"
"10231","ENSMUSG00000071064","protein_coding"
"10232","ENSMUSG00000031682","protein_coding"
"10233","ENSMUSG00000037022","protein_coding"
"10234","ENSMUSG00000031681","protein_coding"
"10235","ENSMUSG00000036990","protein_coding"
"10236","ENSMUSG00000058355","protein_coding"
"10237","ENSMUSG00000036977","protein_coding"
"10238","ENSMUSG00000064325","protein_coding"
"10239","ENSMUSG00000051839","protein_coding"
"10240","ENSMUSG00000042353","protein_coding"
"10241","ENSMUSG00000031715","protein_coding"
"10242","ENSMUSG00000031714","protein_coding"
"10243","ENSMUSG00000038250","protein_coding"
"10244","ENSMUSG00000037940","protein_coding"
"10245","ENSMUSG00000031712","protein_coding"
"10246","ENSMUSG00000031711","protein_coding"
"10247","ENSMUSG00000047747","protein_coding"
"10248","ENSMUSG00000031709","protein_coding"
"10249","ENSMUSG00000031710","protein_coding"
"10250","ENSMUSG00000035151","protein_coding"
"10251","ENSMUSG00000035057","protein_coding"
"10252","ENSMUSG00000002190","protein_coding"
"10253","ENSMUSG00000063253","protein_coding"
"10254","ENSMUSG00000047286","protein_coding"
"10255","ENSMUSG00000033938","protein_coding"
"10256","ENSMUSG00000031708","protein_coding"
"10257","ENSMUSG00000005483","protein_coding"
"10258","ENSMUSG00000019433","protein_coding"
"10259","ENSMUSG00000057672","protein_coding"
"10260","ENSMUSG00000019464","protein_coding"
"10261","ENSMUSG00000005481","protein_coding"
"10262","ENSMUSG00000002885","protein_coding"
"10263","ENSMUSG00000013033","protein_coding"
"10264","ENSMUSG00000005470","protein_coding"
"10265","ENSMUSG00000005469","protein_coding"
"10266","ENSMUSG00000121579","protein_coding"
"10267","ENSMUSG00000079003","protein_coding"
"10268","ENSMUSG00000046408","protein_coding"
"10269","ENSMUSG00000074217","protein_coding"
"10270","ENSMUSG00000047986","protein_coding"
"10271","ENSMUSG00000005465","protein_coding"
"10272","ENSMUSG00000045232","protein_coding"
"10273","ENSMUSG00000074215","protein_coding"
"10274","ENSMUSG00000031706","protein_coding"
"10275","ENSMUSG00000037103","protein_coding"
"10276","ENSMUSG00000012889","protein_coding"
"10277","ENSMUSG00000036686","protein_coding"
"10278","ENSMUSG00000008129","protein_coding"
"10279","ENSMUSG00000056155","protein_coding"
"10280","ENSMUSG00000035671","protein_coding"
"10281","ENSMUSG00000019362","protein_coding"
"10282","ENSMUSG00000004996","protein_coding"
"10283","ENSMUSG00000004994","protein_coding"
"10284","ENSMUSG00000034656","protein_coding"
"10285","ENSMUSG00000053560","protein_coding"
"10286","ENSMUSG00000001910","protein_coding"
"10287","ENSMUSG00000001909","protein_coding"
"10288","ENSMUSG00000001911","protein_coding"
"10289","ENSMUSG00000034041","protein_coding"
"10290","ENSMUSG00000053226","protein_coding"
"10291","ENSMUSG00000033751","protein_coding"
"10292","ENSMUSG00000003813","protein_coding"
"10293","ENSMUSG00000003814","protein_coding"
"10294","ENSMUSG00000003808","protein_coding"
"10295","ENSMUSG00000003824","protein_coding"
"10296","ENSMUSG00000003809","protein_coding"
"10297","ENSMUSG00000054191","protein_coding"
"10298","ENSMUSG00000003812","protein_coding"
"10299","ENSMUSG00000053693","protein_coding"
"10300","ENSMUSG00000048617","protein_coding"
"10301","ENSMUSG00000052926","protein_coding"
"10302","ENSMUSG00000111184","protein_coding"
"10303","ENSMUSG00000005161","protein_coding"
"10304","ENSMUSG00000052837","protein_coding"
"10305","ENSMUSG00000052566","protein_coding"
"10306","ENSMUSG00000052819","protein_coding"
"10307","ENSMUSG00000052456","protein_coding"
"10308","ENSMUSG00000041203","protein_coding"
"10309","ENSMUSG00000031691","protein_coding"
"10310","ENSMUSG00000008167","protein_coding"
"10311","ENSMUSG00000095845","protein_coding"
"10312","ENSMUSG00000060038","protein_coding"
"10313","ENSMUSG00000005150","protein_coding"
"10314","ENSMUSG00000059355","protein_coding"
"10315","ENSMUSG00000005142","protein_coding"
"10316","ENSMUSG00000074194","protein_coding"
"10317","ENSMUSG00000062687","protein_coding"
"10318","ENSMUSG00000051952","protein_coding"
"10319","ENSMUSG00000031696","protein_coding"
"10320","ENSMUSG00000031697","protein_coding"
"10321","ENSMUSG00000031698","protein_coding"
"10322","ENSMUSG00000036934","protein_coding"
"10323","ENSMUSG00000031700","protein_coding"
"10324","ENSMUSG00000031701","protein_coding"
"10325","ENSMUSG00000036902","protein_coding"
"10326","ENSMUSG00000031703","protein_coding"
"10327","ENSMUSG00000036879","protein_coding"
"10328","ENSMUSG00000036872","protein_coding"
"10329","ENSMUSG00000047866","protein_coding"
"10330","ENSMUSG00000036840","protein_coding"
"10331","ENSMUSG00000031652","protein_coding"
"10332","ENSMUSG00000031654","protein_coding"
"10333","ENSMUSG00000069971","protein_coding"
"10334","ENSMUSG00000045333","protein_coding"
"10335","ENSMUSG00000036810","protein_coding"
"10336","ENSMUSG00000031657","protein_coding"
"10337","ENSMUSG00000036779","protein_coding"
"10338","ENSMUSG00000031659","protein_coding"
"10339","ENSMUSG00000031660","protein_coding"
"10340","ENSMUSG00000031661","protein_coding"
"10341","ENSMUSG00000031662","protein_coding"
"10342","ENSMUSG00000055994","protein_coding"
"10343","ENSMUSG00000036712","protein_coding"
"10344","ENSMUSG00000031665","protein_coding"
"10345","ENSMUSG00000043668","protein_coding"
"10346","ENSMUSG00000110332","protein_coding"
"10347","ENSMUSG00000056608","protein_coding"
"10348","ENSMUSG00000031666","protein_coding"
"10349","ENSMUSG00000031667","protein_coding"
"10350","ENSMUSG00000033282","protein_coding"
"10351","ENSMUSG00000055932","protein_coding"
"10352","ENSMUSG00000031734","protein_coding"
"10353","ENSMUSG00000031737","protein_coding"
"10354","ENSMUSG00000031738","protein_coding"
"10355","ENSMUSG00000031740","protein_coding"
"10356","ENSMUSG00000033192","protein_coding"
"10357","ENSMUSG00000078144","protein_coding"
"10358","ENSMUSG00000055368","protein_coding"
"10359","ENSMUSG00000071047","protein_coding"
"10360","ENSMUSG00000078964","protein_coding"
"10361","ENSMUSG00000057400","protein_coding"
"10362","ENSMUSG00000056973","protein_coding"
"10363","ENSMUSG00000061959","protein_coding"
"10364","ENSMUSG00000031725","protein_coding"
"10365","ENSMUSG00000057074","protein_coding"
"10366","ENSMUSG00000074156","protein_coding"
"10367","ENSMUSG00000058019","protein_coding"
"10368","ENSMUSG00000031748","protein_coding"
"10369","ENSMUSG00000031751","protein_coding"
"10370","ENSMUSG00000031754","protein_coding"
"10371","ENSMUSG00000033009","protein_coding"
"10372","ENSMUSG00000031755","protein_coding"
"10373","ENSMUSG00000031757","protein_coding"
"10374","ENSMUSG00000031760","protein_coding"
"10375","ENSMUSG00000031762","protein_coding"
"10376","ENSMUSG00000031765","protein_coding"
"10377","ENSMUSG00000032939","protein_coding"
"10378","ENSMUSG00000031766","protein_coding"
"10379","ENSMUSG00000031770","protein_coding"
"10380","ENSMUSG00000074151","protein_coding"
"10381","ENSMUSG00000034361","protein_coding"
"10382","ENSMUSG00000031774","protein_coding"
"10383","ENSMUSG00000050079","protein_coding"
"10384","ENSMUSG00000031776","protein_coding"
"10385","ENSMUSG00000031775","protein_coding"
"10386","ENSMUSG00000031779","protein_coding"
"10387","ENSMUSG00000031778","protein_coding"
"10388","ENSMUSG00000031780","protein_coding"
"10389","ENSMUSG00000031781","protein_coding"
"10390","ENSMUSG00000031782","protein_coding"
"10391","ENSMUSG00000031783","protein_coding"
"10392","ENSMUSG00000040631","protein_coding"
"10393","ENSMUSG00000063605","protein_coding"
"10394","ENSMUSG00000061577","protein_coding"
"10395","ENSMUSG00000031785","protein_coding"
"10396","ENSMUSG00000060470","protein_coding"
"10397","ENSMUSG00000031786","protein_coding"
"10398","ENSMUSG00000031787","protein_coding"
"10399","ENSMUSG00000031788","protein_coding"
"10400","ENSMUSG00000031789","protein_coding"
"10401","ENSMUSG00000090206","protein_coding"
"10402","ENSMUSG00000046556","protein_coding"
"10403","ENSMUSG00000031792","protein_coding"
"10404","ENSMUSG00000031790","protein_coding"
"10405","ENSMUSG00000031796","protein_coding"
"10406","ENSMUSG00000046707","protein_coding"
"10407","ENSMUSG00000036598","protein_coding"
"10408","ENSMUSG00000048400","protein_coding"
"10409","ENSMUSG00000031669","protein_coding"
"10410","ENSMUSG00000036564","protein_coding"
"10411","ENSMUSG00000031671","protein_coding"
"10412","ENSMUSG00000036550","protein_coding"
"10413","ENSMUSG00000061104","protein_coding"
"10414","ENSMUSG00000036534","protein_coding"
"10415","ENSMUSG00000031672","protein_coding"
"10416","ENSMUSG00000036510","protein_coding"
"10417","ENSMUSG00000031673","protein_coding"
"10418","ENSMUSG00000031871","protein_coding"
"10419","ENSMUSG00000031872","protein_coding"
"10420","ENSMUSG00000035824","protein_coding"
"10421","ENSMUSG00000054400","protein_coding"
"10422","ENSMUSG00000074127","protein_coding"
"10423","ENSMUSG00000031876","protein_coding"
"10424","ENSMUSG00000110430","protein_coding"
"10425","ENSMUSG00000035785","protein_coding"
"10426","ENSMUSG00000031875","protein_coding"
"10427","ENSMUSG00000096188","protein_coding"
"10428","ENSMUSG00000035770","protein_coding"
"10429","ENSMUSG00000052616","protein_coding"
"10430","ENSMUSG00000031878","protein_coding"
"10431","ENSMUSG00000031883","protein_coding"
"10432","ENSMUSG00000048371","protein_coding"
"10433","ENSMUSG00000031881","protein_coding"
"10434","ENSMUSG00000031880","protein_coding"
"10435","ENSMUSG00000031879","protein_coding"
"10436","ENSMUSG00000055730","protein_coding"
"10437","ENSMUSG00000050097","protein_coding"
"10438","ENSMUSG00000061825","protein_coding"
"10439","ENSMUSG00000031886","protein_coding"
"10440","ENSMUSG00000062826","protein_coding"
"10441","ENSMUSG00000031877","protein_coding"
"10442","ENSMUSG00000091813","protein_coding"
"10443","ENSMUSG00000069922","protein_coding"
"10444","ENSMUSG00000062181","protein_coding"
"10445","ENSMUSG00000060560","protein_coding"
"10446","ENSMUSG00000031885","protein_coding"
"10447","ENSMUSG00000031889","protein_coding"
"10448","ENSMUSG00000069920","protein_coding"
"10449","ENSMUSG00000031887","protein_coding"
"10450","ENSMUSG00000033313","protein_coding"
"10451","ENSMUSG00000033249","protein_coding"
"10452","ENSMUSG00000014776","protein_coding"
"10453","ENSMUSG00000014837","protein_coding"
"10454","ENSMUSG00000043251","protein_coding"
"10455","ENSMUSG00000014859","protein_coding"
"10456","ENSMUSG00000014791","protein_coding"
"10457","ENSMUSG00000041679","protein_coding"
"10458","ENSMUSG00000014856","protein_coding"
"10459","ENSMUSG00000014778","protein_coding"
"10460","ENSMUSG00000014786","protein_coding"
"10461","ENSMUSG00000014782","protein_coding"
"10462","ENSMUSG00000051648","protein_coding"
"10463","ENSMUSG00000054320","protein_coding"
"10464","ENSMUSG00000014846","protein_coding"
"10465","ENSMUSG00000039199","protein_coding"
"10466","ENSMUSG00000031891","protein_coding"
"10467","ENSMUSG00000013160","protein_coding"
"10468","ENSMUSG00000005705","protein_coding"
"10469","ENSMUSG00000038604","protein_coding"
"10470","ENSMUSG00000005698","protein_coding"
"10471","ENSMUSG00000050357","protein_coding"
"10472","ENSMUSG00000038000","protein_coding"
"10473","ENSMUSG00000005699","protein_coding"
"10474","ENSMUSG00000013155","protein_coding"
"10475","ENSMUSG00000013158","protein_coding"
"10476","ENSMUSG00000013150","protein_coding"
"10477","ENSMUSG00000037415","protein_coding"
"10478","ENSMUSG00000031893","protein_coding"
"10479","ENSMUSG00000036672","protein_coding"
"10480","ENSMUSG00000036442","protein_coding"
"10481","ENSMUSG00000008450","protein_coding"
"10482","ENSMUSG00000036270","protein_coding"
"10483","ENSMUSG00000044287","protein_coding"
"10484","ENSMUSG00000048310","protein_coding"
"10485","ENSMUSG00000031896","protein_coding"
"10486","ENSMUSG00000031897","protein_coding"
"10487","ENSMUSG00000035237","protein_coding"
"10488","ENSMUSG00000017765","protein_coding"
"10489","ENSMUSG00000031898","protein_coding"
"10490","ENSMUSG00000053687","protein_coding"
"10491","ENSMUSG00000115067","protein_coding"
"10492","ENSMUSG00000031901","protein_coding"
"10493","ENSMUSG00000115768","protein_coding"
"10494","ENSMUSG00000045538","protein_coding"
"10495","ENSMUSG00000031902","protein_coding"
"10496","ENSMUSG00000084128","protein_coding"
"10497","ENSMUSG00000031903","protein_coding"
"10498","ENSMUSG00000031904","protein_coding"
"10499","ENSMUSG00000033106","protein_coding"
"10500","ENSMUSG00000060098","protein_coding"
"10501","ENSMUSG00000031906","protein_coding"
"10502","ENSMUSG00000031907","protein_coding"
"10503","ENSMUSG00000061048","protein_coding"
"10504","ENSMUSG00000000303","protein_coding"
"10505","ENSMUSG00000041949","protein_coding"
"10506","ENSMUSG00000031910","protein_coding"
"10507","ENSMUSG00000046691","protein_coding"
"10508","ENSMUSG00000117748","protein_coding"
"10509","ENSMUSG00000041438","protein_coding"
"10510","ENSMUSG00000041308","protein_coding"
"10511","ENSMUSG00000031913","protein_coding"
"10512","ENSMUSG00000078931","protein_coding"
"10513","ENSMUSG00000031916","protein_coding"
"10514","ENSMUSG00000031917","protein_coding"
"10515","ENSMUSG00000031919","protein_coding"
"10516","ENSMUSG00000031921","protein_coding"
"10517","ENSMUSG00000031924","protein_coding"
"10518","ENSMUSG00000003847","protein_coding"
"10519","ENSMUSG00000003849","protein_coding"
"10520","ENSMUSG00000003848","protein_coding"
"10521","ENSMUSG00000031930","protein_coding"
"10522","ENSMUSG00000039067","protein_coding"
"10523","ENSMUSG00000038872","protein_coding"
"10524","ENSMUSG00000031727","protein_coding"
"10525","ENSMUSG00000037993","protein_coding"
"10526","ENSMUSG00000031723","protein_coding"
"10527","ENSMUSG00000031722","protein_coding"
"10528","ENSMUSG00000031730","protein_coding"
"10529","ENSMUSG00000048827","protein_coding"
"10530","ENSMUSG00000031729","protein_coding"
"10531","ENSMUSG00000031728","protein_coding"
"10532","ENSMUSG00000069895","protein_coding"
"10533","ENSMUSG00000031731","protein_coding"
"10534","ENSMUSG00000031732","protein_coding"
"10535","ENSMUSG00000001672","protein_coding"
"10536","ENSMUSG00000001670","protein_coding"
"10537","ENSMUSG00000035930","protein_coding"
"10538","ENSMUSG00000044676","protein_coding"
"10539","ENSMUSG00000095941","protein_coding"
"10540","ENSMUSG00000003657","protein_coding"
"10541","ENSMUSG00000046441","protein_coding"
"10542","ENSMUSG00000059854","protein_coding"
"10543","ENSMUSG00000010936","protein_coding"
"10544","ENSMUSG00000033763","protein_coding"
"10545","ENSMUSG00000031750","protein_coding"
"10546","ENSMUSG00000033732","protein_coding"
"10547","ENSMUSG00000031753","protein_coding"
"10548","ENSMUSG00000033703","protein_coding"
"10549","ENSMUSG00000031749","protein_coding"
"10550","ENSMUSG00000015023","protein_coding"
"10551","ENSMUSG00000033658","protein_coding"
"10552","ENSMUSG00000031960","protein_coding"
"10553","ENSMUSG00000109941","protein_coding"
"10554","ENSMUSG00000033633","protein_coding"
"10555","ENSMUSG00000033624","protein_coding"
"10556","ENSMUSG00000003316","protein_coding"
"10557","ENSMUSG00000033596","protein_coding"
"10558","ENSMUSG00000012519","protein_coding"
"10559","ENSMUSG00000033579","protein_coding"
"10560","ENSMUSG00000031959","protein_coding"
"10561","ENSMUSG00000033545","protein_coding"
"10562","ENSMUSG00000031958","protein_coding"
"10563","ENSMUSG00000055835","protein_coding"
"10564","ENSMUSG00000031957","protein_coding"
"10565","ENSMUSG00000031955","protein_coding"
"10566","ENSMUSG00000031954","protein_coding"
"10567","ENSMUSG00000031953","protein_coding"
"10568","ENSMUSG00000031952","protein_coding"
"10569","ENSMUSG00000031951","protein_coding"
"10570","ENSMUSG00000031950","protein_coding"
"10571","ENSMUSG00000031949","protein_coding"
"10572","ENSMUSG00000031948","protein_coding"
"10573","ENSMUSG00000033430","protein_coding"
"10574","ENSMUSG00000031772","protein_coding"
"10575","ENSMUSG00000078908","protein_coding"
"10576","ENSMUSG00000033409","protein_coding"
"10577","ENSMUSG00000053399","protein_coding"
"10578","ENSMUSG00000031767","protein_coding"
"10579","ENSMUSG00000046844","protein_coding"
"10580","ENSMUSG00000008874","protein_coding"
"10581","ENSMUSG00000004637","protein_coding"
"10582","ENSMUSG00000055435","protein_coding"
"10583","ENSMUSG00000034467","protein_coding"
"10584","ENSMUSG00000031758","protein_coding"
"10585","ENSMUSG00000014633","protein_coding"
"10586","ENSMUSG00000031756","protein_coding"
"10587","ENSMUSG00000047388","protein_coding"
"10588","ENSMUSG00000031847","protein_coding"
"10589","ENSMUSG00000034424","protein_coding"
"10590","ENSMUSG00000034416","protein_coding"
"10591","ENSMUSG00000031845","protein_coding"
"10592","ENSMUSG00000052557","protein_coding"
"10593","ENSMUSG00000034390","protein_coding"
"10594","ENSMUSG00000034330","protein_coding"
"10595","ENSMUSG00000034308","protein_coding"
"10596","ENSMUSG00000031844","protein_coding"
"10597","ENSMUSG00000031843","protein_coding"
"10598","ENSMUSG00000031841","protein_coding"
"10599","ENSMUSG00000031839","protein_coding"
"10600","ENSMUSG00000074064","protein_coding"
"10601","ENSMUSG00000074063","protein_coding"
"10602","ENSMUSG00000031837","protein_coding"
"10603","ENSMUSG00000034224","protein_coding"
"10604","ENSMUSG00000031835","protein_coding"
"10605","ENSMUSG00000034189","protein_coding"
"10606","ENSMUSG00000031831","protein_coding"
"10607","ENSMUSG00000031832","protein_coding"
"10608","ENSMUSG00000024266","protein_coding"
"10609","ENSMUSG00000045246","protein_coding"
"10610","ENSMUSG00000023336","protein_coding"
"10611","ENSMUSG00000034112","protein_coding"
"10612","ENSMUSG00000034105","protein_coding"
"10613","ENSMUSG00000031827","protein_coding"
"10614","ENSMUSG00000031828","protein_coding"
"10615","ENSMUSG00000031826","protein_coding"
"10616","ENSMUSG00000031825","protein_coding"
"10617","ENSMUSG00000031823","protein_coding"
"10618","ENSMUSG00000031824","protein_coding"
"10619","ENSMUSG00000042269","protein_coding"
"10620","ENSMUSG00000031822","protein_coding"
"10621","ENSMUSG00000031821","protein_coding"
"10622","ENSMUSG00000043687","protein_coding"
"10623","ENSMUSG00000097919","protein_coding"
"10624","ENSMUSG00000031819","protein_coding"
"10625","ENSMUSG00000031818","protein_coding"
"10626","ENSMUSG00000041515","protein_coding"
"10627","ENSMUSG00000042812","protein_coding"
"10628","ENSMUSG00000031816","protein_coding"
"10629","ENSMUSG00000046714","protein_coding"
"10630","ENSMUSG00000097084","protein_coding"
"10631","ENSMUSG00000031809","protein_coding"
"10632","ENSMUSG00000052934","protein_coding"
"10633","ENSMUSG00000031812","protein_coding"
"10634","ENSMUSG00000061410","protein_coding"
"10635","ENSMUSG00000025318","protein_coding"
"10636","ENSMUSG00000040263","protein_coding"
"10637","ENSMUSG00000040010","protein_coding"
"10638","ENSMUSG00000025317","protein_coding"
"10639","ENSMUSG00000025316","protein_coding"
"10640","ENSMUSG00000043903","protein_coding"
"10641","ENSMUSG00000049577","protein_coding"
"10642","ENSMUSG00000039079","protein_coding"
"10643","ENSMUSG00000017478","protein_coding"
"10644","ENSMUSG00000046108","protein_coding"
"10645","ENSMUSG00000006519","protein_coding"
"10646","ENSMUSG00000006517","protein_coding"
"10647","ENSMUSG00000006587","protein_coding"
"10648","ENSMUSG00000014470","protein_coding"
"10649","ENSMUSG00000049482","protein_coding"
"10650","ENSMUSG00000014444","protein_coding"
"10651","ENSMUSG00000006585","protein_coding"
"10652","ENSMUSG00000006589","protein_coding"
"10653","ENSMUSG00000015027","protein_coding"
"10654","ENSMUSG00000015013","protein_coding"
"10655","ENSMUSG00000069867","protein_coding"
"10656","ENSMUSG00000006362","protein_coding"
"10657","ENSMUSG00000015016","protein_coding"
"10658","ENSMUSG00000031962","protein_coding"
"10659","ENSMUSG00000035569","protein_coding"
"10660","ENSMUSG00000000738","protein_coding"
"10661","ENSMUSG00000000740","protein_coding"
"10662","ENSMUSG00000034796","protein_coding"
"10663","ENSMUSG00000000739","protein_coding"
"10664","ENSMUSG00000019278","protein_coding"
"10665","ENSMUSG00000000743","protein_coding"
"10666","ENSMUSG00000048478","protein_coding"
"10667","ENSMUSG00000033862","protein_coding"
"10668","ENSMUSG00000033594","protein_coding"
"10669","ENSMUSG00000001062","protein_coding"
"10670","ENSMUSG00000001065","protein_coding"
"10671","ENSMUSG00000032815","protein_coding"
"10672","ENSMUSG00000010154","protein_coding"
"10673","ENSMUSG00000001472","protein_coding"
"10674","ENSMUSG00000074037","protein_coding"
"10675","ENSMUSG00000062380","protein_coding"
"10676","ENSMUSG00000001482","protein_coding"
"10677","ENSMUSG00000031967","protein_coding"
"10678","ENSMUSG00000031970","protein_coding"
"10679","ENSMUSG00000040220","protein_coding"
"10680","ENSMUSG00000039960","protein_coding"
"10681","ENSMUSG00000019478","protein_coding"
"10682","ENSMUSG00000031971","protein_coding"
"10683","ENSMUSG00000031972","protein_coding"
"10684","ENSMUSG00000039509","protein_coding"
"10685","ENSMUSG00000031974","protein_coding"
"10686","ENSMUSG00000038697","protein_coding"
"10687","ENSMUSG00000031976","protein_coding"
"10688","ENSMUSG00000089704","protein_coding"
"10689","ENSMUSG00000050751","protein_coding"
"10690","ENSMUSG00000031979","protein_coding"
"10691","ENSMUSG00000031980","protein_coding"
"10692","ENSMUSG00000031981","protein_coding"
"10693","ENSMUSG00000031983","protein_coding"
"10694","ENSMUSG00000037300","protein_coding"
"10695","ENSMUSG00000031982","protein_coding"
"10696","ENSMUSG00000043068","protein_coding"
"10697","ENSMUSG00000036913","protein_coding"
"10698","ENSMUSG00000031984","protein_coding"
"10699","ENSMUSG00000031985","protein_coding"
"10700","ENSMUSG00000074030","protein_coding"
"10701","ENSMUSG00000031986","protein_coding"
"10702","ENSMUSG00000031987","protein_coding"
"10703","ENSMUSG00000056820","protein_coding"
"10704","ENSMUSG00000043051","protein_coding"
"10705","ENSMUSG00000001995","protein_coding"
"10706","ENSMUSG00000050930","protein_coding"
"10707","ENSMUSG00000031851","protein_coding"
"10708","ENSMUSG00000060212","protein_coding"
"10709","ENSMUSG00000031853","protein_coding"
"10710","ENSMUSG00000033998","protein_coding"
"10711","ENSMUSG00000057060","protein_coding"
"10712","ENSMUSG00000051671","protein_coding"
"10713","ENSMUSG00000090290","protein_coding"
"10714","ENSMUSG00000051495","protein_coding"
"10715","ENSMUSG00000093904","protein_coding"
"10716","ENSMUSG00000033931","protein_coding"
"10717","ENSMUSG00000025812","protein_coding"
"10718","ENSMUSG00000025810","protein_coding"
"10719","ENSMUSG00000025809","protein_coding"
"10720","ENSMUSG00000025808","protein_coding"
"10721","ENSMUSG00000056018","protein_coding"
"10722","ENSMUSG00000071302","protein_coding"
"10723","ENSMUSG00000025899","protein_coding"
"10724","ENSMUSG00000025898","protein_coding"
"10725","ENSMUSG00000041624","protein_coding"
"10726","ENSMUSG00000025894","protein_coding"
"10727","ENSMUSG00000025893","protein_coding"
"10728","ENSMUSG00000041124","protein_coding"
"10729","ENSMUSG00000025892","protein_coding"
"10730","ENSMUSG00000025888","protein_coding"
"10731","ENSMUSG00000033538","protein_coding"
"10732","ENSMUSG00000025887","protein_coding"
"10733","ENSMUSG00000032006","protein_coding"
"10734","ENSMUSG00000047619","protein_coding"
"10735","ENSMUSG00000047193","protein_coding"
"10736","ENSMUSG00000032002","protein_coding"
"10737","ENSMUSG00000050578","protein_coding"
"10738","ENSMUSG00000049723","protein_coding"
"10739","ENSMUSG00000041620","protein_coding"
"10740","ENSMUSG00000043613","protein_coding"
"10741","ENSMUSG00000043089","protein_coding"
"10742","ENSMUSG00000047562","protein_coding"
"10743","ENSMUSG00000005800","protein_coding"
"10744","ENSMUSG00000070323","protein_coding"
"10745","ENSMUSG00000018620","protein_coding"
"10746","ENSMUSG00000018623","protein_coding"
"10747","ENSMUSG00000050912","protein_coding"
"10748","ENSMUSG00000057367","protein_coding"
"10749","ENSMUSG00000032000","protein_coding"
"10750","ENSMUSG00000053110","protein_coding"
"10751","ENSMUSG00000053070","protein_coding"
"10752","ENSMUSG00000040729","protein_coding"
"10753","ENSMUSG00000031997","protein_coding"
"10754","ENSMUSG00000031870","protein_coding"
"10755","ENSMUSG00000050730","protein_coding"
"10756","ENSMUSG00000039488","protein_coding"
"10757","ENSMUSG00000079083","protein_coding"
"10758","ENSMUSG00000079084","protein_coding"
"10759","ENSMUSG00000031925","protein_coding"
"10760","ENSMUSG00000090592","protein_coding"
"10761","ENSMUSG00000031918","protein_coding"
"10762","ENSMUSG00000031922","protein_coding"
"10763","ENSMUSG00000037808","protein_coding"
"10764","ENSMUSG00000032009","protein_coding"
"10765","ENSMUSG00000037419","protein_coding"
"10766","ENSMUSG00000053914","protein_coding"
"10767","ENSMUSG00000004096","protein_coding"
"10768","ENSMUSG00000013076","protein_coding"
"10769","ENSMUSG00000036912","protein_coding"
"10770","ENSMUSG00000049307","protein_coding"
"10771","ENSMUSG00000031927","protein_coding"
"10772","ENSMUSG00000031931","protein_coding"
"10773","ENSMUSG00000031928","protein_coding"
"10774","ENSMUSG00000031932","protein_coding"
"10775","ENSMUSG00000031933","protein_coding"
"10776","ENSMUSG00000031934","protein_coding"
"10777","ENSMUSG00000031936","protein_coding"
"10778","ENSMUSG00000031937","protein_coding"
"10779","ENSMUSG00000031935","protein_coding"
"10780","ENSMUSG00000031938","protein_coding"
"10781","ENSMUSG00000031939","protein_coding"
"10782","ENSMUSG00000046111","protein_coding"
"10783","ENSMUSG00000058173","protein_coding"
"10784","ENSMUSG00000039977","protein_coding"
"10785","ENSMUSG00000043885","protein_coding"
"10786","ENSMUSG00000050901","protein_coding"
"10787","ENSMUSG00000074505","protein_coding"
"10788","ENSMUSG00000001774","protein_coding"
"10789","ENSMUSG00000043943","protein_coding"
"10790","ENSMUSG00000074502","protein_coding"
"10791","ENSMUSG00000047508","protein_coding"
"10792","ENSMUSG00000074500","protein_coding"
"10793","ENSMUSG00000038691","protein_coding"
"10794","ENSMUSG00000109564","protein_coding"
"10795","ENSMUSG00000054141","protein_coding"
"10796","ENSMUSG00000078116","protein_coding"
"10797","ENSMUSG00000051414","protein_coding"
"10798","ENSMUSG00000062868","protein_coding"
"10799","ENSMUSG00000095957","protein_coding"
"10800","ENSMUSG00000095525","protein_coding"
"10801","ENSMUSG00000045204","protein_coding"
"10802","ENSMUSG00000059303","protein_coding"
"10803","ENSMUSG00000110621","protein_coding"
"10804","ENSMUSG00000110519","protein_coding"
"10805","ENSMUSG00000048391","protein_coding"
"10806","ENSMUSG00000049229","protein_coding"
"10807","ENSMUSG00000061614","protein_coding"
"10808","ENSMUSG00000058692","protein_coding"
"10809","ENSMUSG00000059821","protein_coding"
"10810","ENSMUSG00000052182","protein_coding"
"10811","ENSMUSG00000094535","protein_coding"
"10812","ENSMUSG00000052625","protein_coding"
"10813","ENSMUSG00000051160","protein_coding"
"10814","ENSMUSG00000095667","protein_coding"
"10815","ENSMUSG00000043087","protein_coding"
"10816","ENSMUSG00000057551","protein_coding"
"10817","ENSMUSG00000094678","protein_coding"
"10818","ENSMUSG00000058659","protein_coding"
"10819","ENSMUSG00000095448","protein_coding"
"10820","ENSMUSG00000066905","protein_coding"
"10821","ENSMUSG00000063842","protein_coding"
"10822","ENSMUSG00000051118","protein_coding"
"10823","ENSMUSG00000110555","protein_coding"
"10824","ENSMUSG00000050803","protein_coding"
"10825","ENSMUSG00000044454","protein_coding"
"10826","ENSMUSG00000044106","protein_coding"
"10827","ENSMUSG00000058491","protein_coding"
"10828","ENSMUSG00000066899","protein_coding"
"10829","ENSMUSG00000061457","protein_coding"
"10830","ENSMUSG00000066897","protein_coding"
"10831","ENSMUSG00000059623","protein_coding"
"10832","ENSMUSG00000049028","protein_coding"
"10833","ENSMUSG00000066896","protein_coding"
"10834","ENSMUSG00000045519","protein_coding"
"10835","ENSMUSG00000063108","protein_coding"
"10836","ENSMUSG00000059475","protein_coding"
"10837","ENSMUSG00000060510","protein_coding"
"10838","ENSMUSG00000058192","protein_coding"
"10839","ENSMUSG00000066892","protein_coding"
"10840","ENSMUSG00000084786","protein_coding"
"10841","ENSMUSG00000032171","protein_coding"
"10842","ENSMUSG00000032172","protein_coding"
"10843","ENSMUSG00000004098","protein_coding"
"10844","ENSMUSG00000053773","protein_coding"
"10845","ENSMUSG00000038884","protein_coding"
"10846","ENSMUSG00000038742","protein_coding"
"10847","ENSMUSG00000004100","protein_coding"
"10848","ENSMUSG00000070319","protein_coding"
"10849","ENSMUSG00000004099","protein_coding"
"10850","ENSMUSG00000043895","protein_coding"
"10851","ENSMUSG00000003299","protein_coding"
"10852","ENSMUSG00000037405","protein_coding"
"10853","ENSMUSG00000001014","protein_coding"
"10854","ENSMUSG00000032174","protein_coding"
"10855","ENSMUSG00000079681","protein_coding"
"10856","ENSMUSG00000111692","protein_coding"
"10857","ENSMUSG00000111497","protein_coding"
"10858","ENSMUSG00000079677","protein_coding"
"10859","ENSMUSG00000010205","protein_coding"
"10860","ENSMUSG00000032175","protein_coding"
"10861","ENSMUSG00000019471","protein_coding"
"10862","ENSMUSG00000032177","protein_coding"
"10863","ENSMUSG00000003308","protein_coding"
"10864","ENSMUSG00000045087","protein_coding"
"10865","ENSMUSG00000002820","protein_coding"
"10866","ENSMUSG00000035047","protein_coding"
"10867","ENSMUSG00000096472","protein_coding"
"10868","ENSMUSG00000003309","protein_coding"
"10869","ENSMUSG00000057193","protein_coding"
"10870","ENSMUSG00000032178","protein_coding"
"10871","ENSMUSG00000002825","protein_coding"
"10872","ENSMUSG00000033335","protein_coding"
"10873","ENSMUSG00000032180","protein_coding"
"10874","ENSMUSG00000057191","protein_coding"
"10875","ENSMUSG00000032185","protein_coding"
"10876","ENSMUSG00000032182","protein_coding"
"10877","ENSMUSG00000048429","protein_coding"
"10878","ENSMUSG00000032187","protein_coding"
"10879","ENSMUSG00000032193","protein_coding"
"10880","ENSMUSG00000074476","protein_coding"
"10881","ENSMUSG00000032194","protein_coding"
"10882","ENSMUSG00000032198","protein_coding"
"10883","ENSMUSG00000047822","protein_coding"
"10884","ENSMUSG00000019066","protein_coding"
"10885","ENSMUSG00000040883","protein_coding"
"10886","ENSMUSG00000006241","protein_coding"
"10887","ENSMUSG00000040563","protein_coding"
"10888","ENSMUSG00000051238","protein_coding"
"10889","ENSMUSG00000006235","protein_coding"
"10890","ENSMUSG00000040146","protein_coding"
"10891","ENSMUSG00000039632","protein_coding"
"10892","ENSMUSG00000003402","protein_coding"
"10893","ENSMUSG00000003410","protein_coding"
"10894","ENSMUSG00000111842","protein_coding"
"10895","ENSMUSG00000038895","protein_coding"
"10896","ENSMUSG00000066839","protein_coding"
"10897","ENSMUSG00000001349","protein_coding"
"10898","ENSMUSG00000013822","protein_coding"
"10899","ENSMUSG00000001348","protein_coding"
"10900","ENSMUSG00000010607","protein_coding"
"10901","ENSMUSG00000074472","protein_coding"
"10902","ENSMUSG00000057982","protein_coding"
"10903","ENSMUSG00000062794","protein_coding"
"10904","ENSMUSG00000066829","protein_coding"
"10905","ENSMUSG00000036777","protein_coding"
"10906","ENSMUSG00000032239","protein_coding"
"10907","ENSMUSG00000036411","protein_coding"
"10908","ENSMUSG00000035919","protein_coding"
"10909","ENSMUSG00000031963","protein_coding"
"10910","ENSMUSG00000043659","protein_coding"
"10911","ENSMUSG00000043067","protein_coding"
"10912","ENSMUSG00000085576","protein_coding"
"10913","ENSMUSG00000047995","protein_coding"
"10914","ENSMUSG00000031965","protein_coding"
"10915","ENSMUSG00000008429","protein_coding"
"10916","ENSMUSG00000001833","protein_coding"
"10917","ENSMUSG00000036611","protein_coding"
"10918","ENSMUSG00000045994","protein_coding"
"10919","ENSMUSG00000036395","protein_coding"
"10920","ENSMUSG00000031966","protein_coding"
"10921","ENSMUSG00000079644","protein_coding"
"10922","ENSMUSG00000031969","protein_coding"
"10923","ENSMUSG00000035443","protein_coding"
"10924","ENSMUSG00000031988","protein_coding"
"10925","ENSMUSG00000035024","protein_coding"
"10926","ENSMUSG00000031990","protein_coding"
"10927","ENSMUSG00000034275","protein_coding"
"10928","ENSMUSG00000031991","protein_coding"
"10929","ENSMUSG00000062257","protein_coding"
"10930","ENSMUSG00000059974","protein_coding"
"10931","ENSMUSG00000031993","protein_coding"
"10932","ENSMUSG00000033453","protein_coding"
"10933","ENSMUSG00000031994","protein_coding"
"10934","ENSMUSG00000047412","protein_coding"
"10935","ENSMUSG00000031995","protein_coding"
"10936","ENSMUSG00000031996","protein_coding"
"10937","ENSMUSG00000042496","protein_coding"
"10938","ENSMUSG00000042185","protein_coding"
"10939","ENSMUSG00000041737","protein_coding"
"10940","ENSMUSG00000032033","protein_coding"
"10941","ENSMUSG00000041444","protein_coding"
"10942","ENSMUSG00000032034","protein_coding"
"10943","ENSMUSG00000041248","protein_coding"
"10944","ENSMUSG00000016087","protein_coding"
"10945","ENSMUSG00000032035","protein_coding"
"10946","ENSMUSG00000032036","protein_coding"
"10947","ENSMUSG00000032038","protein_coding"
"10948","ENSMUSG00000032040","protein_coding"
"10949","ENSMUSG00000032041","protein_coding"
"10950","ENSMUSG00000032042","protein_coding"
"10951","ENSMUSG00000039048","protein_coding"
"10952","ENSMUSG00000050471","protein_coding"
"10953","ENSMUSG00000032044","protein_coding"
"10954","ENSMUSG00000038119","protein_coding"
"10955","ENSMUSG00000098590","protein_coding"
"10956","ENSMUSG00000032101","protein_coding"
"10957","ENSMUSG00000032103","protein_coding"
"10958","ENSMUSG00000050555","protein_coding"
"10959","ENSMUSG00000074452","protein_coding"
"10960","ENSMUSG00000032099","protein_coding"
"10961","ENSMUSG00000094995","protein_coding"
"10962","ENSMUSG00000091215","protein_coding"
"10963","ENSMUSG00000091174","protein_coding"
"10964","ENSMUSG00000090738","protein_coding"
"10965","ENSMUSG00000098847","protein_coding"
"10966","ENSMUSG00000032108","protein_coding"
"10967","ENSMUSG00000047980","protein_coding"
"10968","ENSMUSG00000078934","protein_coding"
"10969","ENSMUSG00000091411","protein_coding"
"10970","ENSMUSG00000023093","protein_coding"
"10971","ENSMUSG00000090710","protein_coding"
"10972","ENSMUSG00000074448","protein_coding"
"10973","ENSMUSG00000091248","protein_coding"
"10974","ENSMUSG00000070313","protein_coding"
"10975","ENSMUSG00000032110","protein_coding"
"10976","ENSMUSG00000032113","protein_coding"
"10977","ENSMUSG00000032116","protein_coding"
"10978","ENSMUSG00000062762","protein_coding"
"10979","ENSMUSG00000032118","protein_coding"
"10980","ENSMUSG00000035934","protein_coding"
"10981","ENSMUSG00000032121","protein_coding"
"10982","ENSMUSG00000032122","protein_coding"
"10983","ENSMUSG00000034303","protein_coding"
"10984","ENSMUSG00000046240","protein_coding"
"10985","ENSMUSG00000032125","protein_coding"
"10986","ENSMUSG00000032128","protein_coding"
"10987","ENSMUSG00000042138","protein_coding"
"10988","ENSMUSG00000001946","protein_coding"
"10989","ENSMUSG00000001943","protein_coding"
"10990","ENSMUSG00000053310","protein_coding"
"10991","ENSMUSG00000001942","protein_coding"
"10992","ENSMUSG00000001948","protein_coding"
"10993","ENSMUSG00000011114","protein_coding"
"10994","ENSMUSG00000011118","protein_coding"
"10995","ENSMUSG00000061165","protein_coding"
"10996","ENSMUSG00000110526","protein_coding"
"10997","ENSMUSG00000063350","protein_coding"
"10998","ENSMUSG00000058628","protein_coding"
"10999","ENSMUSG00000066750","protein_coding"
"11000","ENSMUSG00000066749","protein_coding"
"11001","ENSMUSG00000066748","protein_coding"
"11002","ENSMUSG00000066747","protein_coding"
"11003","ENSMUSG00000060583","protein_coding"
"11004","ENSMUSG00000094461","protein_coding"
"11005","ENSMUSG00000095893","protein_coding"
"11006","ENSMUSG00000096424","protein_coding"
"11007","ENSMUSG00000096167","protein_coding"
"11008","ENSMUSG00000095527","protein_coding"
"11009","ENSMUSG00000096356","protein_coding"
"11010","ENSMUSG00000096409","protein_coding"
"11011","ENSMUSG00000045528","protein_coding"
"11012","ENSMUSG00000110431","protein_coding"
"11013","ENSMUSG00000093901","protein_coding"
"11014","ENSMUSG00000070311","protein_coding"
"11015","ENSMUSG00000094778","protein_coding"
"11016","ENSMUSG00000096427","protein_coding"
"11017","ENSMUSG00000111814","protein_coding"
"11018","ENSMUSG00000110881","protein_coding"
"11019","ENSMUSG00000058270","protein_coding"
"11020","ENSMUSG00000094588","protein_coding"
"11021","ENSMUSG00000049864","protein_coding"
"11022","ENSMUSG00000096757","protein_coding"
"11023","ENSMUSG00000049098","protein_coding"
"11024","ENSMUSG00000052058","protein_coding"
"11025","ENSMUSG00000049334","protein_coding"
"11026","ENSMUSG00000094380","protein_coding"
"11027","ENSMUSG00000096794","protein_coding"
"11028","ENSMUSG00000039962","protein_coding"
"11029","ENSMUSG00000094810","protein_coding"
"11030","ENSMUSG00000110991","protein_coding"
"11031","ENSMUSG00000062621","protein_coding"
"11032","ENSMUSG00000060114","protein_coding"
"11033","ENSMUSG00000111448","protein_coding"
"11034","ENSMUSG00000059189","protein_coding"
"11035","ENSMUSG00000047050","protein_coding"
"11036","ENSMUSG00000057444","protein_coding"
"11037","ENSMUSG00000111700","protein_coding"
"11038","ENSMUSG00000094701","protein_coding"
"11039","ENSMUSG00000063225","protein_coding"
"11040","ENSMUSG00000046150","protein_coding"
"11041","ENSMUSG00000056961","protein_coding"
"11042","ENSMUSG00000023186","protein_coding"
"11043","ENSMUSG00000061039","protein_coding"
"11044","ENSMUSG00000049926","protein_coding"
"11045","ENSMUSG00000043911","protein_coding"
"11046","ENSMUSG00000044798","protein_coding"
"11047","ENSMUSG00000062103","protein_coding"
"11048","ENSMUSG00000047667","protein_coding"
"11049","ENSMUSG00000064333","protein_coding"
"11050","ENSMUSG00000063221","protein_coding"
"11051","ENSMUSG00000058515","protein_coding"
"11052","ENSMUSG00000057424","protein_coding"
"11053","ENSMUSG00000059595","protein_coding"
"11054","ENSMUSG00000058820","protein_coding"
"11055","ENSMUSG00000095194","protein_coding"
"11056","ENSMUSG00000094182","protein_coding"
"11057","ENSMUSG00000048501","protein_coding"
"11058","ENSMUSG00000049708","protein_coding"
"11059","ENSMUSG00000094970","protein_coding"
"11060","ENSMUSG00000096555","protein_coding"
"11061","ENSMUSG00000096109","protein_coding"
"11062","ENSMUSG00000063380","protein_coding"
"11063","ENSMUSG00000111190","protein_coding"
"11064","ENSMUSG00000057349","protein_coding"
"11065","ENSMUSG00000110780","protein_coding"
"11066","ENSMUSG00000094269","protein_coding"
"11067","ENSMUSG00000058856","protein_coding"
"11068","ENSMUSG00000094745","protein_coding"
"11069","ENSMUSG00000063176","protein_coding"
"11070","ENSMUSG00000062649","protein_coding"
"11071","ENSMUSG00000095322","protein_coding"
"11072","ENSMUSG00000050853","protein_coding"
"11073","ENSMUSG00000059366","protein_coding"
"11074","ENSMUSG00000038112","protein_coding"
"11075","ENSMUSG00000048299","protein_coding"
"11076","ENSMUSG00000059867","protein_coding"
"11077","ENSMUSG00000059106","protein_coding"
"11078","ENSMUSG00000064110","protein_coding"
"11079","ENSMUSG00000111660","protein_coding"
"11080","ENSMUSG00000062121","protein_coding"
"11081","ENSMUSG00000095839","protein_coding"
"11082","ENSMUSG00000094353","protein_coding"
"11083","ENSMUSG00000055820","protein_coding"
"11084","ENSMUSG00000095903","protein_coding"
"11085","ENSMUSG00000094254","protein_coding"
"11086","ENSMUSG00000095774","protein_coding"
"11087","ENSMUSG00000093934","protein_coding"
"11088","ENSMUSG00000094449","protein_coding"
"11089","ENSMUSG00000095390","protein_coding"
"11090","ENSMUSG00000051493","protein_coding"
"11091","ENSMUSG00000043331","protein_coding"
"11092","ENSMUSG00000047352","protein_coding"
"11093","ENSMUSG00000111073","protein_coding"
"11094","ENSMUSG00000044292","protein_coding"
"11095","ENSMUSG00000059473","protein_coding"
"11096","ENSMUSG00000060254","protein_coding"
"11097","ENSMUSG00000046678","protein_coding"
"11098","ENSMUSG00000049010","protein_coding"
"11099","ENSMUSG00000044205","protein_coding"
"11100","ENSMUSG00000045812","protein_coding"
"11101","ENSMUSG00000049073","protein_coding"
"11102","ENSMUSG00000040541","protein_coding"
"11103","ENSMUSG00000051095","protein_coding"
"11104","ENSMUSG00000025602","protein_coding"
"11105","ENSMUSG00000049281","protein_coding"
"11106","ENSMUSG00000040111","protein_coding"
"11107","ENSMUSG00000032024","protein_coding"
"11108","ENSMUSG00000015656","protein_coding"
"11109","ENSMUSG00000054360","protein_coding"
"11110","ENSMUSG00000032023","protein_coding"
"11111","ENSMUSG00000032021","protein_coding"
"11112","ENSMUSG00000032020","protein_coding"
"11113","ENSMUSG00000049313","protein_coding"
"11114","ENSMUSG00000032018","protein_coding"
"11115","ENSMUSG00000037705","protein_coding"
"11116","ENSMUSG00000037287","protein_coding"
"11117","ENSMUSG00000032017","protein_coding"
"11118","ENSMUSG00000059495","protein_coding"
"11119","ENSMUSG00000048503","protein_coding"
"11120","ENSMUSG00000032015","protein_coding"
"11121","ENSMUSG00000032014","protein_coding"
"11122","ENSMUSG00000032013","protein_coding"
"11123","ENSMUSG00000032012","protein_coding"
"11124","ENSMUSG00000032011","protein_coding"
"11125","ENSMUSG00000111409","protein_coding"
"11126","ENSMUSG00000032010","protein_coding"
"11127","ENSMUSG00000053128","protein_coding"
"11128","ENSMUSG00000034739","protein_coding"
"11129","ENSMUSG00000079592","protein_coding"
"11130","ENSMUSG00000032135","protein_coding"
"11131","ENSMUSG00000034342","protein_coding"
"11132","ENSMUSG00000070306","protein_coding"
"11133","ENSMUSG00000032105","protein_coding"
"11134","ENSMUSG00000032109","protein_coding"
"11135","ENSMUSG00000032131","protein_coding"
"11136","ENSMUSG00000032119","protein_coding"
"11137","ENSMUSG00000032120","protein_coding"
"11138","ENSMUSG00000032123","protein_coding"
"11139","ENSMUSG00000049932","protein_coding"
"11140","ENSMUSG00000032126","protein_coding"
"11141","ENSMUSG00000032127","protein_coding"
"11142","ENSMUSG00000032115","protein_coding"
"11143","ENSMUSG00000032114","protein_coding"
"11144","ENSMUSG00000032112","protein_coding"
"11145","ENSMUSG00000009927","protein_coding"
"11146","ENSMUSG00000043923","protein_coding"
"11147","ENSMUSG00000074397","protein_coding"
"11148","ENSMUSG00000041523","protein_coding"
"11149","ENSMUSG00000063382","protein_coding"
"11150","ENSMUSG00000047880","protein_coding"
"11151","ENSMUSG00000032097","protein_coding"
"11152","ENSMUSG00000032098","protein_coding"
"11153","ENSMUSG00000048537","protein_coding"
"11154","ENSMUSG00000032096","protein_coding"
"11155","ENSMUSG00000002031","protein_coding"
"11156","ENSMUSG00000002032","protein_coding"
"11157","ENSMUSG00000039438","protein_coding"
"11158","ENSMUSG00000002028","protein_coding"
"11159","ENSMUSG00000038717","protein_coding"
"11160","ENSMUSG00000059890","protein_coding"
"11161","ENSMUSG00000002033","protein_coding"
"11162","ENSMUSG00000032094","protein_coding"
"11163","ENSMUSG00000032093","protein_coding"
"11164","ENSMUSG00000032092","protein_coding"
"11165","ENSMUSG00000070305","protein_coding"
"11166","ENSMUSG00000048534","protein_coding"
"11167","ENSMUSG00000070304","protein_coding"
"11168","ENSMUSG00000046480","protein_coding"
"11169","ENSMUSG00000032091","protein_coding"
"11170","ENSMUSG00000091996","protein_coding"
"11171","ENSMUSG00000032089","protein_coding"
"11172","ENSMUSG00000037129","protein_coding"
"11173","ENSMUSG00000066705","protein_coding"
"11174","ENSMUSG00000059412","protein_coding"
"11175","ENSMUSG00000032087","protein_coding"
"11176","ENSMUSG00000043987","protein_coding"
"11177","ENSMUSG00000032086","protein_coding"
"11178","ENSMUSG00000042790","protein_coding"
"11179","ENSMUSG00000035382","protein_coding"
"11180","ENSMUSG00000032085","protein_coding"
"11181","ENSMUSG00000034908","protein_coding"
"11182","ENSMUSG00000003131","protein_coding"
"11183","ENSMUSG00000034135","protein_coding"
"11184","ENSMUSG00000032083","protein_coding"
"11185","ENSMUSG00000032081","protein_coding"
"11186","ENSMUSG00000032080","protein_coding"
"11187","ENSMUSG00000032079","protein_coding"
"11188","ENSMUSG00000032078","protein_coding"
"11189","ENSMUSG00000032077","protein_coding"
"11190","ENSMUSG00000056617","protein_coding"
"11191","ENSMUSG00000032076","protein_coding"
"11192","ENSMUSG00000044229","protein_coding"
"11193","ENSMUSG00000032028","protein_coding"
"11194","ENSMUSG00000032026","protein_coding"
"11195","ENSMUSG00000042396","protein_coding"
"11196","ENSMUSG00000042293","protein_coding"
"11197","ENSMUSG00000032271","protein_coding"
"11198","ENSMUSG00000066687","protein_coding"
"11199","ENSMUSG00000032269","protein_coding"
"11200","ENSMUSG00000008590","protein_coding"
"11201","ENSMUSG00000032267","protein_coding"
"11202","ENSMUSG00000032264","protein_coding"
"11203","ENSMUSG00000032268","protein_coding"
"11204","ENSMUSG00000032259","protein_coding"
"11205","ENSMUSG00000032257","protein_coding"
"11206","ENSMUSG00000040219","protein_coding"
"11207","ENSMUSG00000039542","protein_coding"
"11208","ENSMUSG00000058443","protein_coding"
"11209","ENSMUSG00000032068","protein_coding"
"11210","ENSMUSG00000032067","protein_coding"
"11211","ENSMUSG00000032066","protein_coding"
"11212","ENSMUSG00000039217","protein_coding"
"11213","ENSMUSG00000032065","protein_coding"
"11214","ENSMUSG00000000171","protein_coding"
"11215","ENSMUSG00000039016","protein_coding"
"11216","ENSMUSG00000059820","protein_coding"
"11217","ENSMUSG00000000167","protein_coding"
"11218","ENSMUSG00000000168","protein_coding"
"11219","ENSMUSG00000032064","protein_coding"
"11220","ENSMUSG00000032062","protein_coding"
"11221","ENSMUSG00000038086","protein_coding"
"11222","ENSMUSG00000032060","protein_coding"
"11223","ENSMUSG00000037971","protein_coding"
"11224","ENSMUSG00000037845","protein_coding"
"11225","ENSMUSG00000032059","protein_coding"
"11226","ENSMUSG00000032058","protein_coding"
"11227","ENSMUSG00000037112","protein_coding"
"11228","ENSMUSG00000060594","protein_coding"
"11229","ENSMUSG00000032056","protein_coding"
"11230","ENSMUSG00000032057","protein_coding"
"11231","ENSMUSG00000110266","protein_coding"
"11232","ENSMUSG00000032053","protein_coding"
"11233","ENSMUSG00000079559","protein_coding"
"11234","ENSMUSG00000036027","protein_coding"
"11235","ENSMUSG00000053199","protein_coding"
"11236","ENSMUSG00000032051","protein_coding"
"11237","ENSMUSG00000032050","protein_coding"
"11238","ENSMUSG00000035164","protein_coding"
"11239","ENSMUSG00000078307","protein_coding"
"11240","ENSMUSG00000053289","protein_coding"
"11241","ENSMUSG00000034584","protein_coding"
"11242","ENSMUSG00000034487","protein_coding"
"11243","ENSMUSG00000005131","protein_coding"
"11244","ENSMUSG00000034218","protein_coding"
"11245","ENSMUSG00000033054","protein_coding"
"11246","ENSMUSG00000032047","protein_coding"
"11247","ENSMUSG00000032030","protein_coding"
"11248","ENSMUSG00000055069","protein_coding"
"11249","ENSMUSG00000042195","protein_coding"
"11250","ENSMUSG00000042045","protein_coding"
"11251","ENSMUSG00000041986","protein_coding"
"11252","ENSMUSG00000074345","protein_coding"
"11253","ENSMUSG00000032274","protein_coding"
"11254","ENSMUSG00000046167","protein_coding"
"11255","ENSMUSG00000041268","protein_coding"
"11256","ENSMUSG00000046460","protein_coding"
"11257","ENSMUSG00000037493","protein_coding"
"11258","ENSMUSG00000032279","protein_coding"
"11259","ENSMUSG00000032281","protein_coding"
"11260","ENSMUSG00000032285","protein_coding"
"11261","ENSMUSG00000061559","protein_coding"
"11262","ENSMUSG00000032291","protein_coding"
"11263","ENSMUSG00000032293","protein_coding"
"11264","ENSMUSG00000035878","protein_coding"
"11265","ENSMUSG00000044820","protein_coding"
"11266","ENSMUSG00000032301","protein_coding"
"11267","ENSMUSG00000035594","protein_coding"
"11268","ENSMUSG00000032303","protein_coding"
"11269","ENSMUSG00000035200","protein_coding"
"11270","ENSMUSG00000032307","protein_coding"
"11271","ENSMUSG00000032309","protein_coding"
"11272","ENSMUSG00000032311","protein_coding"
"11273","ENSMUSG00000032313","protein_coding"
"11274","ENSMUSG00000032314","protein_coding"
"11275","ENSMUSG00000032318","protein_coding"
"11276","ENSMUSG00000034007","protein_coding"
"11277","ENSMUSG00000032320","protein_coding"
"11278","ENSMUSG00000032322","protein_coding"
"11279","ENSMUSG00000032324","protein_coding"
"11280","ENSMUSG00000074305","protein_coding"
"11281","ENSMUSG00000032329","protein_coding"
"11282","ENSMUSG00000118653","protein_coding"
"11283","ENSMUSG00000049556","protein_coding"
"11284","ENSMUSG00000045620","protein_coding"
"11285","ENSMUSG00000032911","protein_coding"
"11286","ENSMUSG00000032733","protein_coding"
"11287","ENSMUSG00000032288","protein_coding"
"11288","ENSMUSG00000055334","protein_coding"
"11289","ENSMUSG00000032290","protein_coding"
"11290","ENSMUSG00000042557","protein_coding"
"11291","ENSMUSG00000032295","protein_coding"
"11292","ENSMUSG00000032298","protein_coding"
"11293","ENSMUSG00000032299","protein_coding"
"11294","ENSMUSG00000070298","protein_coding"
"11295","ENSMUSG00000032300","protein_coding"
"11296","ENSMUSG00000063849","protein_coding"
"11297","ENSMUSG00000040722","protein_coding"
"11298","ENSMUSG00000062309","protein_coding"
"11299","ENSMUSG00000000088","protein_coding"
"11300","ENSMUSG00000032305","protein_coding"
"11301","ENSMUSG00000032306","protein_coding"
"11302","ENSMUSG00000040188","protein_coding"
"11303","ENSMUSG00000032308","protein_coding"
"11304","ENSMUSG00000039714","protein_coding"
"11305","ENSMUSG00000056271","protein_coding"
"11306","ENSMUSG00000032312","protein_coding"
"11307","ENSMUSG00000032310","protein_coding"
"11308","ENSMUSG00000032315","protein_coding"
"11309","ENSMUSG00000038957","protein_coding"
"11310","ENSMUSG00000032316","protein_coding"
"11311","ENSMUSG00000004661","protein_coding"
"11312","ENSMUSG00000055720","protein_coding"
"11313","ENSMUSG00000038264","protein_coding"
"11314","ENSMUSG00000032323","protein_coding"
"11315","ENSMUSG00000037716","protein_coding"
"11316","ENSMUSG00000032327","protein_coding"
"11317","ENSMUSG00000037206","protein_coding"
"11318","ENSMUSG00000051243","protein_coding"
"11319","ENSMUSG00000036986","protein_coding"
"11320","ENSMUSG00000032333","protein_coding"
"11321","ENSMUSG00000032334","protein_coding"
"11322","ENSMUSG00000036244","protein_coding"
"11323","ENSMUSG00000066607","protein_coding"
"11324","ENSMUSG00000035914","protein_coding"
"11325","ENSMUSG00000032336","protein_coding"
"11326","ENSMUSG00000074269","protein_coding"
"11327","ENSMUSG00000032338","protein_coding"
"11328","ENSMUSG00000032340","protein_coding"
"11329","ENSMUSG00000025236","protein_coding"
"11330","ENSMUSG00000025235","protein_coding"
"11331","ENSMUSG00000025234","protein_coding"
"11332","ENSMUSG00000049526","protein_coding"
"11333","ENSMUSG00000025232","protein_coding"
"11334","ENSMUSG00000032297","protein_coding"
"11335","ENSMUSG00000025237","protein_coding"
"11336","ENSMUSG00000032294","protein_coding"
"11337","ENSMUSG00000074259","protein_coding"
"11338","ENSMUSG00000051705","protein_coding"
"11339","ENSMUSG00000039585","protein_coding"
"11340","ENSMUSG00000032292","protein_coding"
"11341","ENSMUSG00000032289","protein_coding"
"11342","ENSMUSG00000047766","protein_coding"
"11343","ENSMUSG00000034839","protein_coding"
"11344","ENSMUSG00000034485","protein_coding"
"11345","ENSMUSG00000032280","protein_coding"
"11346","ENSMUSG00000007892","protein_coding"
"11347","ENSMUSG00000032254","protein_coding"
"11348","ENSMUSG00000032278","protein_coding"
"11349","ENSMUSG00000032252","protein_coding"
"11350","ENSMUSG00000046846","protein_coding"
"11351","ENSMUSG00000032249","protein_coding"
"11352","ENSMUSG00000041729","protein_coding"
"11353","ENSMUSG00000032243","protein_coding"
"11354","ENSMUSG00000032244","protein_coding"
"11355","ENSMUSG00000032245","protein_coding"
"11356","ENSMUSG00000032246","protein_coding"
"11357","ENSMUSG00000032405","protein_coding"
"11358","ENSMUSG00000022245","protein_coding"
"11359","ENSMUSG00000058444","protein_coding"
"11360","ENSMUSG00000032403","protein_coding"
"11361","ENSMUSG00000037801","protein_coding"
"11362","ENSMUSG00000037257","protein_coding"
"11363","ENSMUSG00000032402","protein_coding"
"11364","ENSMUSG00000036867","protein_coding"
"11365","ENSMUSG00000032401","protein_coding"
"11366","ENSMUSG00000032400","protein_coding"
"11367","ENSMUSG00000032399","protein_coding"
"11368","ENSMUSG00000032398","protein_coding"
"11369","ENSMUSG00000004936","protein_coding"
"11370","ENSMUSG00000035337","protein_coding"
"11371","ENSMUSG00000032397","protein_coding"
"11372","ENSMUSG00000032396","protein_coding"
"11373","ENSMUSG00000036466","protein_coding"
"11374","ENSMUSG00000004771","protein_coding"
"11375","ENSMUSG00000053641","protein_coding"
"11376","ENSMUSG00000034452","protein_coding"
"11377","ENSMUSG00000034263","protein_coding"
"11378","ENSMUSG00000033629","protein_coding"
"11379","ENSMUSG00000032393","protein_coding"
"11380","ENSMUSG00000032816","protein_coding"
"11381","ENSMUSG00000032394","protein_coding"
"11382","ENSMUSG00000032392","protein_coding"
"11383","ENSMUSG00000042254","protein_coding"
"11384","ENSMUSG00000015357","protein_coding"
"11385","ENSMUSG00000041837","protein_coding"
"11386","ENSMUSG00000086228","protein_coding"
"11387","ENSMUSG00000054978","protein_coding"
"11388","ENSMUSG00000041696","protein_coding"
"11389","ENSMUSG00000053862","protein_coding"
"11390","ENSMUSG00000059183","protein_coding"
"11391","ENSMUSG00000032388","protein_coding"
"11392","ENSMUSG00000066510","protein_coding"
"11393","ENSMUSG00000050721","protein_coding"
"11394","ENSMUSG00000041064","protein_coding"
"11395","ENSMUSG00000032387","protein_coding"
"11396","ENSMUSG00000040652","protein_coding"
"11397","ENSMUSG00000040524","protein_coding"
"11398","ENSMUSG00000032386","protein_coding"
"11399","ENSMUSG00000040204","protein_coding"
"11400","ENSMUSG00000032384","protein_coding"
"11401","ENSMUSG00000032383","protein_coding"
"11402","ENSMUSG00000039452","protein_coding"
"11403","ENSMUSG00000032382","protein_coding"
"11404","ENSMUSG00000032381","protein_coding"
"11405","ENSMUSG00000032380","protein_coding"
"11406","ENSMUSG00000038664","protein_coding"
"11407","ENSMUSG00000050503","protein_coding"
"11408","ENSMUSG00000032376","protein_coding"
"11409","ENSMUSG00000032373","protein_coding"
"11410","ENSMUSG00000032375","protein_coding"
"11411","ENSMUSG00000053040","protein_coding"
"11412","ENSMUSG00000036943","protein_coding"
"11413","ENSMUSG00000036781","protein_coding"
"11414","ENSMUSG00000032370","protein_coding"
"11415","ENSMUSG00000032366","protein_coding"
"11416","ENSMUSG00000052698","protein_coding"
"11417","ENSMUSG00000091956","protein_coding"
"11418","ENSMUSG00000047990","protein_coding"
"11419","ENSMUSG00000035284","protein_coding"
"11420","ENSMUSG00000032238","protein_coding"
"11421","ENSMUSG00000032235","protein_coding"
"11422","ENSMUSG00000032231","protein_coding"
"11423","ENSMUSG00000059246","protein_coding"
"11424","ENSMUSG00000011958","protein_coding"
"11425","ENSMUSG00000033543","protein_coding"
"11426","ENSMUSG00000032226","protein_coding"
"11427","ENSMUSG00000032224","protein_coding"
"11428","ENSMUSG00000032220","protein_coding"
"11429","ENSMUSG00000032218","protein_coding"
"11430","ENSMUSG00000032217","protein_coding"
"11431","ENSMUSG00000032212","protein_coding"
"11432","ENSMUSG00000042444","protein_coding"
"11433","ENSMUSG00000054693","protein_coding"
"11434","ENSMUSG00000032207","protein_coding"
"11435","ENSMUSG00000032204","protein_coding"
"11436","ENSMUSG00000013584","protein_coding"
"11437","ENSMUSG00000032199","protein_coding"
"11438","ENSMUSG00000041361","protein_coding"
"11439","ENSMUSG00000032232","protein_coding"
"11440","ENSMUSG00000032228","protein_coding"
"11441","ENSMUSG00000038535","protein_coding"
"11442","ENSMUSG00000032221","protein_coding"
"11443","ENSMUSG00000090626","protein_coding"
"11444","ENSMUSG00000037674","protein_coding"
"11445","ENSMUSG00000032216","protein_coding"
"11446","ENSMUSG00000036030","protein_coding"
"11447","ENSMUSG00000034910","protein_coding"
"11448","ENSMUSG00000092192","protein_coding"
"11449","ENSMUSG00000089865","protein_coding"
"11450","ENSMUSG00000086158","protein_coding"
"11451","ENSMUSG00000034563","protein_coding"
"11452","ENSMUSG00000079469","protein_coding"
"11453","ENSMUSG00000098332","protein_coding"
"11454","ENSMUSG00000032202","protein_coding"
"11455","ENSMUSG00000092622","protein_coding"
"11456","ENSMUSG00000092310","protein_coding"
"11457","ENSMUSG00000032215","protein_coding"
"11458","ENSMUSG00000062151","protein_coding"
"11459","ENSMUSG00000044976","protein_coding"
"11460","ENSMUSG00000043013","protein_coding"
"11461","ENSMUSG00000034858","protein_coding"
"11462","ENSMUSG00000007656","protein_coding"
"11463","ENSMUSG00000034593","protein_coding"
"11464","ENSMUSG00000033590","protein_coding"
"11465","ENSMUSG00000032192","protein_coding"
"11466","ENSMUSG00000032191","protein_coding"
"11467","ENSMUSG00000042688","protein_coding"
"11468","ENSMUSG00000042487","protein_coding"
"11469","ENSMUSG00000058587","protein_coding"
"11470","ENSMUSG00000032186","protein_coding"
"11471","ENSMUSG00000032184","protein_coding"
"11472","ENSMUSG00000032181","protein_coding"
"11473","ENSMUSG00000032179","protein_coding"
"11474","ENSMUSG00000007908","protein_coding"
"11475","ENSMUSG00000059383","protein_coding"
"11476","ENSMUSG00000032360","protein_coding"
"11477","ENSMUSG00000032358","protein_coding"
"11478","ENSMUSG00000032357","protein_coding"
"11479","ENSMUSG00000032355","protein_coding"
"11480","ENSMUSG00000032352","protein_coding"
"11481","ENSMUSG00000044938","protein_coding"
"11482","ENSMUSG00000032350","protein_coding"
"11483","ENSMUSG00000032349","protein_coding"
"11484","ENSMUSG00000023333","protein_coding"
"11485","ENSMUSG00000001366","protein_coding"
"11486","ENSMUSG00000009828","protein_coding"
"11487","ENSMUSG00000032348","protein_coding"
"11488","ENSMUSG00000074183","protein_coding"
"11489","ENSMUSG00000111709","protein_coding"
"11490","ENSMUSG00000074179","protein_coding"
"11491","ENSMUSG00000066463","protein_coding"
"11492","ENSMUSG00000038750","protein_coding"
"11493","ENSMUSG00000057933","protein_coding"
"11494","ENSMUSG00000060461","protein_coding"
"11495","ENSMUSG00000032346","protein_coding"
"11496","ENSMUSG00000070291","protein_coding"
"11497","ENSMUSG00000032344","protein_coding"
"11498","ENSMUSG00000032342","protein_coding"
"11499","ENSMUSG00000037742","protein_coding"
"11500","ENSMUSG00000049624","protein_coding"
"11501","ENSMUSG00000046186","protein_coding"
"11502","ENSMUSG00000032332","protein_coding"
"11503","ENSMUSG00000032330","protein_coding"
"11504","ENSMUSG00000032328","protein_coding"
"11505","ENSMUSG00000034898","protein_coding"
"11506","ENSMUSG00000034252","protein_coding"
"11507","ENSMUSG00000033577","protein_coding"
"11508","ENSMUSG00000032343","protein_coding"
"11509","ENSMUSG00000049511","protein_coding"
"11510","ENSMUSG00000043289","protein_coding"
"11511","ENSMUSG00000032251","protein_coding"
"11512","ENSMUSG00000032253","protein_coding"
"11513","ENSMUSG00000066456","protein_coding"
"11514","ENSMUSG00000032258","protein_coding"
"11515","ENSMUSG00000032261","protein_coding"
"11516","ENSMUSG00000032262","protein_coding"
"11517","ENSMUSG00000038379","protein_coding"
"11518","ENSMUSG00000032263","protein_coding"
"11519","ENSMUSG00000032265","protein_coding"
"11520","ENSMUSG00000035941","protein_coding"
"11521","ENSMUSG00000035274","protein_coding"
"11522","ENSMUSG00000032415","protein_coding"
"11523","ENSMUSG00000034973","protein_coding"
"11524","ENSMUSG00000056131","protein_coding"
"11525","ENSMUSG00000032417","protein_coding"
"11526","ENSMUSG00000032418","protein_coding"
"11527","ENSMUSG00000033491","protein_coding"
"11528","ENSMUSG00000033419","protein_coding"
"11529","ENSMUSG00000047897","protein_coding"
"11530","ENSMUSG00000032872","protein_coding"
"11531","ENSMUSG00000042761","protein_coding"
"11532","ENSMUSG00000056919","protein_coding"
"11533","ENSMUSG00000032419","protein_coding"
"11534","ENSMUSG00000032420","protein_coding"
"11535","ENSMUSG00000032422","protein_coding"
"11536","ENSMUSG00000092541","protein_coding"
"11537","ENSMUSG00000032423","protein_coding"
"11538","ENSMUSG00000032425","protein_coding"
"11539","ENSMUSG00000090693","protein_coding"
"11540","ENSMUSG00000079427","protein_coding"
"11541","ENSMUSG00000099974","protein_coding"
"11542","ENSMUSG00000067399","protein_coding"
"11543","ENSMUSG00000102037","protein_coding"
"11544","ENSMUSG00000079162","protein_coding"
"11545","ENSMUSG00000089929","protein_coding"
"11546","ENSMUSG00000100838","protein_coding"
"11547","ENSMUSG00000066442","protein_coding"
"11548","ENSMUSG00000039313","protein_coding"
"11549","ENSMUSG00000032353","protein_coding"
"11550","ENSMUSG00000047606","protein_coding"
"11551","ENSMUSG00000032356","protein_coding"
"11552","ENSMUSG00000032359","protein_coding"
"11553","ENSMUSG00000062270","protein_coding"
"11554","ENSMUSG00000032363","protein_coding"
"11555","ENSMUSG00000037410","protein_coding"
"11556","ENSMUSG00000032368","protein_coding"
"11557","ENSMUSG00000036972","protein_coding"
"11558","ENSMUSG00000095654","protein_coding"
"11559","ENSMUSG00000032369","protein_coding"
"11560","ENSMUSG00000032372","protein_coding"
"11561","ENSMUSG00000074139","protein_coding"
"11562","ENSMUSG00000032377","protein_coding"
"11563","ENSMUSG00000032374","protein_coding"
"11564","ENSMUSG00000045414","protein_coding"
"11565","ENSMUSG00000031129","protein_coding"
"11566","ENSMUSG00000033350","protein_coding"
"11567","ENSMUSG00000032407","protein_coding"
"11568","ENSMUSG00000064225","protein_coding"
"11569","ENSMUSG00000015354","protein_coding"
"11570","ENSMUSG00000032839","protein_coding"
"11571","ENSMUSG00000049493","protein_coding"
"11572","ENSMUSG00000032409","protein_coding"
"11573","ENSMUSG00000032410","protein_coding"
"11574","ENSMUSG00000041440","protein_coding"
"11575","ENSMUSG00000032411","protein_coding"
"11576","ENSMUSG00000032412","protein_coding"
"11577","ENSMUSG00000051234","protein_coding"
"11578","ENSMUSG00000099564","protein_coding"
"11579","ENSMUSG00000032413","protein_coding"
"11580","ENSMUSG00000040433","protein_coding"
"11581","ENSMUSG00000043587","protein_coding"
"11582","ENSMUSG00000046997","protein_coding"
"11583","ENSMUSG00000032449","protein_coding"
"11584","ENSMUSG00000032451","protein_coding"
"11585","ENSMUSG00000032452","protein_coding"
"11586","ENSMUSG00000032456","protein_coding"
"11587","ENSMUSG00000046402","protein_coding"
"11588","ENSMUSG00000032454","protein_coding"
"11589","ENSMUSG00000032458","protein_coding"
"11590","ENSMUSG00000032459","protein_coding"
"11591","ENSMUSG00000091080","protein_coding"
"11592","ENSMUSG00000063058","protein_coding"
"11593","ENSMUSG00000090470","protein_coding"
"11594","ENSMUSG00000074123","protein_coding"
"11595","ENSMUSG00000050397","protein_coding"
"11596","ENSMUSG00000032463","protein_coding"
"11597","ENSMUSG00000044860","protein_coding"
"11598","ENSMUSG00000032462","protein_coding"
"11599","ENSMUSG00000096316","protein_coding"
"11600","ENSMUSG00000056267","protein_coding"
"11601","ENSMUSG00000037681","protein_coding"
"11602","ENSMUSG00000032470","protein_coding"
"11603","ENSMUSG00000046242","protein_coding"
"11604","ENSMUSG00000032468","protein_coding"
"11605","ENSMUSG00000032469","protein_coding"
"11606","ENSMUSG00000037953","protein_coding"
"11607","ENSMUSG00000037784","protein_coding"
"11608","ENSMUSG00000032473","protein_coding"
"11609","ENSMUSG00000053747","protein_coding"
"11610","ENSMUSG00000044244","protein_coding"
"11611","ENSMUSG00000032475","protein_coding"
"11612","ENSMUSG00000070287","protein_coding"
"11613","ENSMUSG00000037286","protein_coding"
"11614","ENSMUSG00000032527","protein_coding"
"11615","ENSMUSG00000066415","protein_coding"
"11616","ENSMUSG00000043154","protein_coding"
"11617","ENSMUSG00000032537","protein_coding"
"11618","ENSMUSG00000035606","protein_coding"
"11619","ENSMUSG00000032534","protein_coding"
"11620","ENSMUSG00000035048","protein_coding"
"11621","ENSMUSG00000032531","protein_coding"
"11622","ENSMUSG00000032547","protein_coding"
"11623","ENSMUSG00000032548","protein_coding"
"11624","ENSMUSG00000032549","protein_coding"
"11625","ENSMUSG00000032553","protein_coding"
"11626","ENSMUSG00000032554","protein_coding"
"11627","ENSMUSG00000033688","protein_coding"
"11628","ENSMUSG00000032555","protein_coding"
"11629","ENSMUSG00000032803","protein_coding"
"11630","ENSMUSG00000032556","protein_coding"
"11631","ENSMUSG00000042757","protein_coding"
"11632","ENSMUSG00000032558","protein_coding"
"11633","ENSMUSG00000101152","protein_coding"
"11634","ENSMUSG00000032557","protein_coding"
"11635","ENSMUSG00000090150","protein_coding"
"11636","ENSMUSG00000079355","protein_coding"
"11637","ENSMUSG00000032560","protein_coding"
"11638","ENSMUSG00000032561","protein_coding"
"11639","ENSMUSG00000032564","protein_coding"
"11640","ENSMUSG00000032563","protein_coding"
"11641","ENSMUSG00000032565","protein_coding"
"11642","ENSMUSG00000032566","protein_coding"
"11643","ENSMUSG00000035032","protein_coding"
"11644","ENSMUSG00000032567","protein_coding"
"11645","ENSMUSG00000032570","protein_coding"
"11646","ENSMUSG00000032571","protein_coding"
"11647","ENSMUSG00000043719","protein_coding"
"11648","ENSMUSG00000091345","protein_coding"
"11649","ENSMUSG00000032572","protein_coding"
"11650","ENSMUSG00000020258","protein_coding"
"11651","ENSMUSG00000020257","protein_coding"
"11652","ENSMUSG00000020253","protein_coding"
"11653","ENSMUSG00000023277","protein_coding"
"11654","ENSMUSG00000045322","protein_coding"
"11655","ENSMUSG00000032786","protein_coding"
"11656","ENSMUSG00000023345","protein_coding"
"11657","ENSMUSG00000053716","protein_coding"
"11658","ENSMUSG00000048758","protein_coding"
"11659","ENSMUSG00000023262","protein_coding"
"11660","ENSMUSG00000042210","protein_coding"
"11661","ENSMUSG00000042073","protein_coding"
"11662","ENSMUSG00000023495","protein_coding"
"11663","ENSMUSG00000091735","protein_coding"
"11664","ENSMUSG00000023249","protein_coding"
"11665","ENSMUSG00000041506","protein_coding"
"11666","ENSMUSG00000066383","protein_coding"
"11667","ENSMUSG00000118396","protein_coding"
"11668","ENSMUSG00000066382","protein_coding"
"11669","ENSMUSG00001074846","protein_coding"
"11670","ENSMUSG00000041009","protein_coding"
"11671","ENSMUSG00000091129","protein_coding"
"11672","ENSMUSG00000023192","protein_coding"
"11673","ENSMUSG00000040813","protein_coding"
"11674","ENSMUSG00000040661","protein_coding"
"11675","ENSMUSG00000040325","protein_coding"
"11676","ENSMUSG00000032575","protein_coding"
"11677","ENSMUSG00000074102","protein_coding"
"11678","ENSMUSG00000039716","protein_coding"
"11679","ENSMUSG00000032577","protein_coding"
"11680","ENSMUSG00000032578","protein_coding"
"11681","ENSMUSG00000032579","protein_coding"
"11682","ENSMUSG00000037977","protein_coding"
"11683","ENSMUSG00000010066","protein_coding"
"11684","ENSMUSG00000010045","protein_coding"
"11685","ENSMUSG00000037190","protein_coding"
"11686","ENSMUSG00000010057","protein_coding"
"11687","ENSMUSG00000010044","protein_coding"
"11688","ENSMUSG00000010067","protein_coding"
"11689","ENSMUSG00000010054","protein_coding"
"11690","ENSMUSG00000010047","protein_coding"
"11691","ENSMUSG00000010051","protein_coding"
"11692","ENSMUSG00000079334","protein_coding"
"11693","ENSMUSG00000036091","protein_coding"
"11694","ENSMUSG00000010048","protein_coding"
"11695","ENSMUSG00000103409","protein_coding"
"11696","ENSMUSG00000057969","protein_coding"
"11697","ENSMUSG00000032562","protein_coding"
"11698","ENSMUSG00000010064","protein_coding"
"11699","ENSMUSG00000034837","protein_coding"
"11700","ENSMUSG00000034684","protein_coding"
"11701","ENSMUSG00000032580","protein_coding"
"11702","ENSMUSG00000032582","protein_coding"
"11703","ENSMUSG00000032583","protein_coding"
"11704","ENSMUSG00000032584","protein_coding"
"11705","ENSMUSG00000066368","protein_coding"
"11706","ENSMUSG00000032936","protein_coding"
"11707","ENSMUSG00000032586","protein_coding"
"11708","ENSMUSG00000032596","protein_coding"
"11709","ENSMUSG00000079323","protein_coding"
"11710","ENSMUSG00000042106","protein_coding"
"11711","ENSMUSG00000032595","protein_coding"
"11712","ENSMUSG00000093456","protein_coding"
"11713","ENSMUSG00000032594","protein_coding"
"11714","ENSMUSG00000070284","protein_coding"
"11715","ENSMUSG00000041528","protein_coding"
"11716","ENSMUSG00000032593","protein_coding"
"11717","ENSMUSG00000032591","protein_coding"
"11718","ENSMUSG00000032590","protein_coding"
"11719","ENSMUSG00000032589","protein_coding"
"11720","ENSMUSG00000039952","protein_coding"
"11721","ENSMUSG00000032606","protein_coding"
"11722","ENSMUSG00000032607","protein_coding"
"11723","ENSMUSG00000039461","protein_coding"
"11724","ENSMUSG00000007815","protein_coding"
"11725","ENSMUSG00000063856","protein_coding"
"11726","ENSMUSG00000032612","protein_coding"
"11727","ENSMUSG00000032611","protein_coding"
"11728","ENSMUSG00000047220","protein_coding"
"11729","ENSMUSG00000050641","protein_coding"
"11730","ENSMUSG00000032609","protein_coding"
"11731","ENSMUSG00000049305","protein_coding"
"11732","ENSMUSG00000052911","protein_coding"
"11733","ENSMUSG00000006676","protein_coding"
"11734","ENSMUSG00000032604","protein_coding"
"11735","ENSMUSG00000006673","protein_coding"
"11736","ENSMUSG00000062867","protein_coding"
"11737","ENSMUSG00000070283","protein_coding"
"11738","ENSMUSG00000019039","protein_coding"
"11739","ENSMUSG00000066357","protein_coding"
"11740","ENSMUSG00000006675","protein_coding"
"11741","ENSMUSG00000064145","protein_coding"
"11742","ENSMUSG00000032602","protein_coding"
"11743","ENSMUSG00000032601","protein_coding"
"11744","ENSMUSG00000032599","protein_coding"
"11745","ENSMUSG00000032598","protein_coding"
"11746","ENSMUSG00000023473","protein_coding"
"11747","ENSMUSG00000023259","protein_coding"
"11748","ENSMUSG00000025652","protein_coding"
"11749","ENSMUSG00000025651","protein_coding"
"11750","ENSMUSG00000025650","protein_coding"
"11751","ENSMUSG00000049699","protein_coding"
"11752","ENSMUSG00000025648","protein_coding"
"11753","ENSMUSG00000025647","protein_coding"
"11754","ENSMUSG00000049734","protein_coding"
"11755","ENSMUSG00000025646","protein_coding"
"11756","ENSMUSG00000091537","protein_coding"
"11757","ENSMUSG00000025645","protein_coding"
"11758","ENSMUSG00000053646","protein_coding"
"11759","ENSMUSG00000047237","protein_coding"
"11760","ENSMUSG00000049314","protein_coding"
"11761","ENSMUSG00000061701","protein_coding"
"11762","ENSMUSG00000105589","protein_coding"
"11763","ENSMUSG00000054087","protein_coding"
"11764","ENSMUSG00000070324","protein_coding"
"11765","ENSMUSG00000074062","protein_coding"
"11766","ENSMUSG00000074061","protein_coding"
"11767","ENSMUSG00000074060","protein_coding"
"11768","ENSMUSG00000062275","protein_coding"
"11769","ENSMUSG00000094992","protein_coding"
"11770","ENSMUSG00000074059","protein_coding"
"11771","ENSMUSG00000059547","protein_coding"
"11772","ENSMUSG00000104614","protein_coding"
"11773","ENSMUSG00000050074","protein_coding"
"11774","ENSMUSG00000032478","protein_coding"
"11775","ENSMUSG00000038357","protein_coding"
"11776","ENSMUSG00000032477","protein_coding"
"11777","ENSMUSG00000032479","protein_coding"
"11778","ENSMUSG00000032480","protein_coding"
"11779","ENSMUSG00000032481","protein_coding"
"11780","ENSMUSG00000032482","protein_coding"
"11781","ENSMUSG00000054836","protein_coding"
"11782","ENSMUSG00000032485","protein_coding"
"11783","ENSMUSG00000036057","protein_coding"
"11784","ENSMUSG00000032484","protein_coding"
"11785","ENSMUSG00000054792","protein_coding"
"11786","ENSMUSG00000032489","protein_coding"
"11787","ENSMUSG00000044791","protein_coding"
"11788","ENSMUSG00000032491","protein_coding"
"11789","ENSMUSG00000056724","protein_coding"
"11790","ENSMUSG00000019659","protein_coding"
"11791","ENSMUSG00000032492","protein_coding"
"11792","ENSMUSG00000059741","protein_coding"
"11793","ENSMUSG00000044664","protein_coding"
"11794","ENSMUSG00000032493","protein_coding"
"11795","ENSMUSG00000058398","protein_coding"
"11796","ENSMUSG00000047257","protein_coding"
"11797","ENSMUSG00000049719","protein_coding"
"11798","ENSMUSG00000048752","protein_coding"
"11799","ENSMUSG00000049555","protein_coding"
"11800","ENSMUSG00000044037","protein_coding"
"11801","ENSMUSG00000096393","protein_coding"
"11802","ENSMUSG00000032494","protein_coding"
"11803","ENSMUSG00000032495","protein_coding"
"11804","ENSMUSG00000066319","protein_coding"
"11805","ENSMUSG00000032496","protein_coding"
"11806","ENSMUSG00000043953","protein_coding"
"11807","ENSMUSG00000032497","protein_coding"
"11808","ENSMUSG00000032498","protein_coding"
"11809","ENSMUSG00000046785","protein_coding"
"11810","ENSMUSG00000062296","protein_coding"
"11811","ENSMUSG00000032500","protein_coding"
"11812","ENSMUSG00000032502","protein_coding"
"11813","ENSMUSG00000032503","protein_coding"
"11814","ENSMUSG00000032504","protein_coding"
"11815","ENSMUSG00000033392","protein_coding"
"11816","ENSMUSG00000009741","protein_coding"
"11817","ENSMUSG00000032507","protein_coding"
"11818","ENSMUSG00000086596","protein_coding"
"11819","ENSMUSG00000053820","protein_coding"
"11820","ENSMUSG00000032431","protein_coding"
"11821","ENSMUSG00000045594","protein_coding"
"11822","ENSMUSG00000079260","protein_coding"
"11823","ENSMUSG00000047898","protein_coding"
"11824","ENSMUSG00000079259","protein_coding"
"11825","ENSMUSG00000056167","protein_coding"
"11826","ENSMUSG00000032435","protein_coding"
"11827","ENSMUSG00000032434","protein_coding"
"11828","ENSMUSG00000032436","protein_coding"
"11829","ENSMUSG00000041012","protein_coding"
"11830","ENSMUSG00000050627","protein_coding"
"11831","ENSMUSG00000040875","protein_coding"
"11832","ENSMUSG00000050621","protein_coding"
"11833","ENSMUSG00000032437","protein_coding"
"11834","ENSMUSG00000056880","protein_coding"
"11835","ENSMUSG00000032440","protein_coding"
"11836","ENSMUSG00000039607","protein_coding"
"11837","ENSMUSG00000032443","protein_coding"
"11838","ENSMUSG00000039285","protein_coding"
"11839","ENSMUSG00000039163","protein_coding"
"11840","ENSMUSG00000032446","protein_coding"
"11841","ENSMUSG00000038708","protein_coding"
"11842","ENSMUSG00000039115","protein_coding"
"11843","ENSMUSG00000047409","protein_coding"
"11844","ENSMUSG00000038775","protein_coding"
"11845","ENSMUSG00000010660","protein_coding"
"11846","ENSMUSG00000038060","protein_coding"
"11847","ENSMUSG00000010651","protein_coding"
"11848","ENSMUSG00000070280","protein_coding"
"11849","ENSMUSG00000074028","protein_coding"
"11850","ENSMUSG00000092212","protein_coding"
"11851","ENSMUSG00000036737","protein_coding"
"11852","ENSMUSG00000032508","protein_coding"
"11853","ENSMUSG00000036138","protein_coding"
"11854","ENSMUSG00000035769","protein_coding"
"11855","ENSMUSG00000061393","protein_coding"
"11856","ENSMUSG00000042787","protein_coding"
"11857","ENSMUSG00000032511","protein_coding"
"11858","ENSMUSG00000034533","protein_coding"
"11859","ENSMUSG00000034115","protein_coding"
"11860","ENSMUSG00000032512","protein_coding"
"11861","ENSMUSG00000052336","protein_coding"
"11862","ENSMUSG00000032513","protein_coding"
"11863","ENSMUSG00000032514","protein_coding"
"11864","ENSMUSG00000032515","protein_coding"
"11865","ENSMUSG00000079243","protein_coding"
"11866","ENSMUSG00000042262","protein_coding"
"11867","ENSMUSG00000032519","protein_coding"
"11868","ENSMUSG00000032518","protein_coding"
"11869","ENSMUSG00000032517","protein_coding"
"11870","ENSMUSG00000041794","protein_coding"
"11871","ENSMUSG00000006941","protein_coding"
"11872","ENSMUSG00000121572","protein_coding"
"11873","ENSMUSG00000041608","protein_coding"
"11874","ENSMUSG00000025794","protein_coding"
"11875","ENSMUSG00000006932","protein_coding"
"11876","ENSMUSG00000040936","protein_coding"
"11877","ENSMUSG00000032536","protein_coding"
"11878","ENSMUSG00000032532","protein_coding"
"11879","ENSMUSG00000032530","protein_coding"
"11880","ENSMUSG00000032528","protein_coding"
"11881","ENSMUSG00000061536","protein_coding"
"11882","ENSMUSG00000032526","protein_coding"
"11883","ENSMUSG00000032525","protein_coding"
"11884","ENSMUSG00000013419","protein_coding"
"11885","ENSMUSG00000074001","protein_coding"
"11886","ENSMUSG00000032523","protein_coding"
"11887","ENSMUSG00000079235","protein_coding"
"11888","ENSMUSG00000038412","protein_coding"
"11889","ENSMUSG00000044534","protein_coding"
"11890","ENSMUSG00000050445","protein_coding"
"11891","ENSMUSG00000038233","protein_coding"
"11892","ENSMUSG00000066235","protein_coding"
"11893","ENSMUSG00000038145","protein_coding"
"11894","ENSMUSG00000037949","protein_coding"
"11895","ENSMUSG00000032540","protein_coding"
"11896","ENSMUSG00000094985","protein_coding"
"11897","ENSMUSG00000046603","protein_coding"
"11898","ENSMUSG00000107504","protein_coding"
"11899","ENSMUSG00000047036","protein_coding"
"11900","ENSMUSG00000063488","protein_coding"
"11901","ENSMUSG00000057895","protein_coding"
"11902","ENSMUSG00000032551","protein_coding"
"11903","ENSMUSG00000036768","protein_coding"
"11904","ENSMUSG00000066233","protein_coding"
"11905","ENSMUSG00000025787","protein_coding"
"11906","ENSMUSG00000025786","protein_coding"
"11907","ENSMUSG00000025785","protein_coding"
"11908","ENSMUSG00000025784","protein_coding"
"11909","ENSMUSG00000035498","protein_coding"
"11910","ENSMUSG00000054871","protein_coding"
"11911","ENSMUSG00000035202","protein_coding"
"11912","ENSMUSG00000025239","protein_coding"
"11913","ENSMUSG00000025240","protein_coding"
"11914","ENSMUSG00000025243","protein_coding"
"11915","ENSMUSG00000036814","protein_coding"
"11916","ENSMUSG00000029530","protein_coding"
"11917","ENSMUSG00000025245","protein_coding"
"11918","ENSMUSG00000025241","protein_coding"
"11919","ENSMUSG00000048521","protein_coding"
"11920","ENSMUSG00000060509","protein_coding"
"11921","ENSMUSG00000025804","protein_coding"
"11922","ENSMUSG00000064039","protein_coding"
"11923","ENSMUSG00000035448","protein_coding"
"11924","ENSMUSG00000049103","protein_coding"
"11925","ENSMUSG00000079227","protein_coding"
"11926","ENSMUSG00000074829","protein_coding"
"11927","ENSMUSG00000093803","protein_coding"
"11928","ENSMUSG00000091618","protein_coding"
"11929","ENSMUSG00000040653","protein_coding"
"11930","ENSMUSG00000019762","protein_coding"
"11931","ENSMUSG00000040624","protein_coding"
"11932","ENSMUSG00000040675","protein_coding"
"11933","ENSMUSG00000038587","protein_coding"
"11934","ENSMUSG00000075327","protein_coding"
"11935","ENSMUSG00000019763","protein_coding"
"11936","ENSMUSG00000061759","protein_coding"
"11937","ENSMUSG00000019767","protein_coding"
"11938","ENSMUSG00000019768","protein_coding"
"11939","ENSMUSG00000096054","protein_coding"
"11940","ENSMUSG00000046916","protein_coding"
"11941","ENSMUSG00000019772","protein_coding"
"11942","ENSMUSG00000019773","protein_coding"
"11943","ENSMUSG00000019774","protein_coding"
"11944","ENSMUSG00000019775","protein_coding"
"11945","ENSMUSG00000000766","protein_coding"
"11946","ENSMUSG00000064065","protein_coding"
"11947","ENSMUSG00000015202","protein_coding"
"11948","ENSMUSG00000079685","protein_coding"
"11949","ENSMUSG00000019796","protein_coding"
"11950","ENSMUSG00000019795","protein_coding"
"11951","ENSMUSG00000040034","protein_coding"
"11952","ENSMUSG00000040021","protein_coding"
"11953","ENSMUSG00000019794","protein_coding"
"11954","ENSMUSG00000040006","protein_coding"
"11955","ENSMUSG00000015757","protein_coding"
"11956","ENSMUSG00000039981","protein_coding"
"11957","ENSMUSG00000015755","protein_coding"
"11958","ENSMUSG00000047712","protein_coding"
"11959","ENSMUSG00000015305","protein_coding"
"11960","ENSMUSG00000060487","protein_coding"
"11961","ENSMUSG00000019790","protein_coding"
"11962","ENSMUSG00000050994","protein_coding"
"11963","ENSMUSG00000019832","protein_coding"
"11964","ENSMUSG00000019828","protein_coding"
"11965","ENSMUSG00000090112","protein_coding"
"11966","ENSMUSG00000047648","protein_coding"
"11967","ENSMUSG00000055493","protein_coding"
"11968","ENSMUSG00000019820","protein_coding"
"11969","ENSMUSG00000039232","protein_coding"
"11970","ENSMUSG00000078348","protein_coding"
"11971","ENSMUSG00000019817","protein_coding"
"11972","ENSMUSG00000019815","protein_coding"
"11973","ENSMUSG00000019814","protein_coding"
"11974","ENSMUSG00000062866","protein_coding"
"11975","ENSMUSG00000019810","protein_coding"
"11976","ENSMUSG00000019809","protein_coding"
"11977","ENSMUSG00000019808","protein_coding"
"11978","ENSMUSG00000019806","protein_coding"
"11979","ENSMUSG00000015501","protein_coding"
"11980","ENSMUSG00000039116","protein_coding"
"11981","ENSMUSG00000019868","protein_coding"
"11982","ENSMUSG00000019865","protein_coding"
"11983","ENSMUSG00000019867","protein_coding"
"11984","ENSMUSG00000039910","protein_coding"
"11985","ENSMUSG00000039891","protein_coding"
"11986","ENSMUSG00000039879","protein_coding"
"11987","ENSMUSG00000078453","protein_coding"
"11988","ENSMUSG00000019854","protein_coding"
"11989","ENSMUSG00000071392","protein_coding"
"11990","ENSMUSG00000059554","protein_coding"
"11991","ENSMUSG00000039835","protein_coding"
"11992","ENSMUSG00000019853","protein_coding"
"11993","ENSMUSG00000019852","protein_coding"
"11994","ENSMUSG00000044624","protein_coding"
"11995","ENSMUSG00000019851","protein_coding"
"11996","ENSMUSG00000019850","protein_coding"
"11997","ENSMUSG00000045591","protein_coding"
"11998","ENSMUSG00000020009","protein_coding"
"11999","ENSMUSG00000039760","protein_coding"
"12000","ENSMUSG00000020007","protein_coding"
"12001","ENSMUSG00000050473","protein_coding"
"12002","ENSMUSG00000020003","protein_coding"
"12003","ENSMUSG00000071369","protein_coding"
"12004","ENSMUSG00000019996","protein_coding"
"12005","ENSMUSG00000037608","protein_coding"
"12006","ENSMUSG00000019992","protein_coding"
"12007","ENSMUSG00000019990","protein_coding"
"12008","ENSMUSG00000019986","protein_coding"
"12009","ENSMUSG00000019982","protein_coding"
"12010","ENSMUSG00000019977","protein_coding"
"12011","ENSMUSG00000037542","protein_coding"
"12012","ENSMUSG00000050844","protein_coding"
"12013","ENSMUSG00000019970","protein_coding"
"12014","ENSMUSG00000069712","protein_coding"
"12015","ENSMUSG00000053219","protein_coding"
"12016","ENSMUSG00000075297","protein_coding"
"12017","ENSMUSG00000078452","protein_coding"
"12018","ENSMUSG00000037490","protein_coding"
"12019","ENSMUSG00000071359","protein_coding"
"12020","ENSMUSG00000118528","protein_coding"
"12021","ENSMUSG00000045680","protein_coding"
"12022","ENSMUSG00000010461","protein_coding"
"12023","ENSMUSG00000061983","protein_coding"
"12024","ENSMUSG00000037455","protein_coding"
"12025","ENSMUSG00000020010","protein_coding"
"12026","ENSMUSG00000037440","protein_coding"
"12027","ENSMUSG00000056379","protein_coding"
"12028","ENSMUSG00000059763","protein_coding"
"12029","ENSMUSG00000069708","protein_coding"
"12030","ENSMUSG00000069707","protein_coding"
"12031","ENSMUSG00000069706","protein_coding"
"12032","ENSMUSG00000045111","protein_coding"
"12033","ENSMUSG00000095647","protein_coding"
"12034","ENSMUSG00000095171","protein_coding"
"12035","ENSMUSG00000095569","protein_coding"
"12036","ENSMUSG00000100689","protein_coding"
"12037","ENSMUSG00000100950","protein_coding"
"12038","ENSMUSG00000096442","protein_coding"
"12039","ENSMUSG00000100186","protein_coding"
"12040","ENSMUSG00000100004","protein_coding"
"12041","ENSMUSG00000037424","protein_coding"
"12042","ENSMUSG00000019998","protein_coding"
"12043","ENSMUSG00000020000","protein_coding"
"12044","ENSMUSG00000019997","protein_coding"
"12045","ENSMUSG00000037370","protein_coding"
"12046","ENSMUSG00000019989","protein_coding"
"12047","ENSMUSG00000019984","protein_coding"
"12048","ENSMUSG00000019987","protein_coding"
"12049","ENSMUSG00000039166","protein_coding"
"12050","ENSMUSG00000019978","protein_coding"
"12051","ENSMUSG00000096546","protein_coding"
"12052","ENSMUSG00000049420","protein_coding"
"12053","ENSMUSG00000051354","protein_coding"
"12054","ENSMUSG00000039089","protein_coding"
"12055","ENSMUSG00000039031","protein_coding"
"12056","ENSMUSG00000019899","protein_coding"
"12057","ENSMUSG00000019889","protein_coding"
"12058","ENSMUSG00000049109","protein_coding"
"12059","ENSMUSG00000015519","protein_coding"
"12060","ENSMUSG00000038916","protein_coding"
"12061","ENSMUSG00000110723","protein_coding"
"12062","ENSMUSG00000004360","protein_coding"
"12063","ENSMUSG00000019883","protein_coding"
"12064","ENSMUSG00000038876","protein_coding"
"12065","ENSMUSG00000019880","protein_coding"
"12066","ENSMUSG00000075266","protein_coding"
"12067","ENSMUSG00000019792","protein_coding"
"12068","ENSMUSG00000019791","protein_coding"
"12069","ENSMUSG00000039697","protein_coding"
"12070","ENSMUSG00000019789","protein_coding"
"12071","ENSMUSG00000000295","protein_coding"
"12072","ENSMUSG00000000296","protein_coding"
"12073","ENSMUSG00000063760","protein_coding"
"12074","ENSMUSG00000069670","protein_coding"
"12075","ENSMUSG00000019787","protein_coding"
"12076","ENSMUSG00000019785","protein_coding"
"12077","ENSMUSG00000090298","protein_coding"
"12078","ENSMUSG00000069668","protein_coding"
"12079","ENSMUSG00000039552","protein_coding"
"12080","ENSMUSG00000039531","protein_coding"
"12081","ENSMUSG00000019782","protein_coding"
"12082","ENSMUSG00000071340","protein_coding"
"12083","ENSMUSG00000039508","protein_coding"
"12084","ENSMUSG00000049872","protein_coding"
"12085","ENSMUSG00000046031","protein_coding"
"12086","ENSMUSG00000039497","protein_coding"
"12087","ENSMUSG00000047514","protein_coding"
"12088","ENSMUSG00000039480","protein_coding"
"12089","ENSMUSG00000039485","protein_coding"
"12090","ENSMUSG00000039462","protein_coding"
"12091","ENSMUSG00000019779","protein_coding"
"12092","ENSMUSG00000063953","protein_coding"
"12093","ENSMUSG00000044499","protein_coding"
"12094","ENSMUSG00000019777","protein_coding"
"12095","ENSMUSG00000069662","protein_coding"
"12096","ENSMUSG00000094311","protein_coding"
"12097","ENSMUSG00000019846","protein_coding"
"12098","ENSMUSG00000051736","protein_coding"
"12099","ENSMUSG00000019845","protein_coding"
"12100","ENSMUSG00000062074","protein_coding"
"12101","ENSMUSG00000019843","protein_coding"
"12102","ENSMUSG00000019842","protein_coding"
"12103","ENSMUSG00000019841","protein_coding"
"12104","ENSMUSG00000096687","protein_coding"
"12105","ENSMUSG00000038528","protein_coding"
"12106","ENSMUSG00000038522","protein_coding"
"12107","ENSMUSG00000019838","protein_coding"
"12108","ENSMUSG00000038510","protein_coding"
"12109","ENSMUSG00000019837","protein_coding"
"12110","ENSMUSG00000075232","protein_coding"
"12111","ENSMUSG00000038481","protein_coding"
"12112","ENSMUSG00000019834","protein_coding"
"12113","ENSMUSG00000063428","protein_coding"
"12114","ENSMUSG00000045555","protein_coding"
"12115","ENSMUSG00000038446","protein_coding"
"12116","ENSMUSG00000019831","protein_coding"
"12117","ENSMUSG00000046922","protein_coding"
"12118","ENSMUSG00000038417","protein_coding"
"12119","ENSMUSG00000091415","protein_coding"
"12120","ENSMUSG00000019826","protein_coding"
"12121","ENSMUSG00000019823","protein_coding"
"12122","ENSMUSG00000019822","protein_coding"
"12123","ENSMUSG00000078451","protein_coding"
"12124","ENSMUSG00000019818","protein_coding"
"12125","ENSMUSG00000075225","protein_coding"
"12126","ENSMUSG00000019813","protein_coding"
"12127","ENSMUSG00000038332","protein_coding"
"12128","ENSMUSG00000071324","protein_coding"
"12129","ENSMUSG00000048756","protein_coding"
"12130","ENSMUSG00000038302","protein_coding"
"12131","ENSMUSG00000019804","protein_coding"
"12132","ENSMUSG00000019803","protein_coding"
"12133","ENSMUSG00000038280","protein_coding"
"12134","ENSMUSG00000019802","protein_coding"
"12135","ENSMUSG00000044770","protein_coding"
"12136","ENSMUSG00000038248","protein_coding"
"12137","ENSMUSG00000038240","protein_coding"
"12138","ENSMUSG00000038214","protein_coding"
"12139","ENSMUSG00000045886","protein_coding"
"12140","ENSMUSG00000019797","protein_coding"
"12141","ENSMUSG00000047139","protein_coding"
"12142","ENSMUSG00000019863","protein_coding"
"12143","ENSMUSG00000019864","protein_coding"
"12144","ENSMUSG00000019866","protein_coding"
"12145","ENSMUSG00000038160","protein_coding"
"12146","ENSMUSG00000038151","protein_coding"
"12147","ENSMUSG00000019849","protein_coding"
"12148","ENSMUSG00000019848","protein_coding"
"12149","ENSMUSG00000071317","protein_coding"
"12150","ENSMUSG00000063804","protein_coding"
"12151","ENSMUSG00000038822","protein_coding"
"12152","ENSMUSG00000056073","protein_coding"
"12153","ENSMUSG00000038774","protein_coding"
"12154","ENSMUSG00000019913","protein_coding"
"12155","ENSMUSG00000062593","protein_coding"
"12156","ENSMUSG00000112023","protein_coding"
"12157","ENSMUSG00000112148","protein_coding"
"12158","ENSMUSG00000019909","protein_coding"
"12159","ENSMUSG00000019905","protein_coding"
"12160","ENSMUSG00000019900","protein_coding"
"12161","ENSMUSG00000049641","protein_coding"
"12162","ENSMUSG00000019893","protein_coding"
"12163","ENSMUSG00000019891","protein_coding"
"12164","ENSMUSG00000019861","protein_coding"
"12165","ENSMUSG00000038624","protein_coding"
"12166","ENSMUSG00000023068","protein_coding"
"12167","ENSMUSG00000038602","protein_coding"
"12168","ENSMUSG00000038594","protein_coding"
"12169","ENSMUSG00000038583","protein_coding"
"12170","ENSMUSG00000058298","protein_coding"
"12171","ENSMUSG00000019857","protein_coding"
"12172","ENSMUSG00000019856","protein_coding"
"12173","ENSMUSG00000003746","protein_coding"
"12174","ENSMUSG00000038122","protein_coding"
"12175","ENSMUSG00000047669","protein_coding"
"12176","ENSMUSG00000050953","protein_coding"
"12177","ENSMUSG00000019878","protein_coding"
"12178","ENSMUSG00000019877","protein_coding"
"12179","ENSMUSG00000019876","protein_coding"
"12180","ENSMUSG00000019874","protein_coding"
"12181","ENSMUSG00000019872","protein_coding"
"12182","ENSMUSG00000058537","protein_coding"
"12183","ENSMUSG00000075046","protein_coding"
"12184","ENSMUSG00000075045","protein_coding"
"12185","ENSMUSG00000038039","protein_coding"
"12186","ENSMUSG00000019920","protein_coding"
"12187","ENSMUSG00000003226","protein_coding"
"12188","ENSMUSG00000038010","protein_coding"
"12189","ENSMUSG00000003227","protein_coding"
"12190","ENSMUSG00000037990","protein_coding"
"12191","ENSMUSG00000019917","protein_coding"
"12192","ENSMUSG00000098188","protein_coding"
"12193","ENSMUSG00000019916","protein_coding"
"12194","ENSMUSG00000009646","protein_coding"
"12195","ENSMUSG00000009654","protein_coding"
"12196","ENSMUSG00000009647","protein_coding"
"12197","ENSMUSG00000020111","protein_coding"
"12198","ENSMUSG00000020109","protein_coding"
"12199","ENSMUSG00000020108","protein_coding"
"12200","ENSMUSG00000020107","protein_coding"
"12201","ENSMUSG00000044475","protein_coding"
"12202","ENSMUSG00000058297","protein_coding"
"12203","ENSMUSG00000057337","protein_coding"
"12204","ENSMUSG00000004207","protein_coding"
"12205","ENSMUSG00000012819","protein_coding"
"12206","ENSMUSG00000020101","protein_coding"
"12207","ENSMUSG00000090439","protein_coding"
"12208","ENSMUSG00000020100","protein_coding"
"12209","ENSMUSG00000020099","protein_coding"
"12210","ENSMUSG00000020098","protein_coding"
"12211","ENSMUSG00000020097","protein_coding"
"12212","ENSMUSG00000020096","protein_coding"
"12213","ENSMUSG00000059901","protein_coding"
"12214","ENSMUSG00000037202","protein_coding"
"12215","ENSMUSG00000020092","protein_coding"
"12216","ENSMUSG00000037171","protein_coding"
"12217","ENSMUSG00000020091","protein_coding"
"12218","ENSMUSG00000037151","protein_coding"
"12219","ENSMUSG00000020090","protein_coding"
"12220","ENSMUSG00000020089","protein_coding"
"12221","ENSMUSG00000020088","protein_coding"
"12222","ENSMUSG00000020087","protein_coding"
"12223","ENSMUSG00000020085","protein_coding"
"12224","ENSMUSG00000020086","protein_coding"
"12225","ENSMUSG00000058806","protein_coding"
"12226","ENSMUSG00000020083","protein_coding"
"12227","ENSMUSG00000044312","protein_coding"
"12228","ENSMUSG00000037031","protein_coding"
"12229","ENSMUSG00000020081","protein_coding"
"12230","ENSMUSG00000037012","protein_coding"
"12231","ENSMUSG00000020080","protein_coding"
"12232","ENSMUSG00000020079","protein_coding"
"12233","ENSMUSG00000020078","protein_coding"
"12234","ENSMUSG00000020077","protein_coding"
"12235","ENSMUSG00000036955","protein_coding"
"12236","ENSMUSG00000020075","protein_coding"
"12237","ENSMUSG00000020076","protein_coding"
"12238","ENSMUSG00000036923","protein_coding"
"12239","ENSMUSG00000020074","protein_coding"
"12240","ENSMUSG00000047146","protein_coding"
"12241","ENSMUSG00000071253","protein_coding"
"12242","ENSMUSG00000036875","protein_coding"
"12243","ENSMUSG00000020070","protein_coding"
"12244","ENSMUSG00000020069","protein_coding"
"12245","ENSMUSG00000020072","protein_coding"
"12246","ENSMUSG00000112129","protein_coding"
"12247","ENSMUSG00000036816","protein_coding"
"12248","ENSMUSG00000020067","protein_coding"
"12249","ENSMUSG00000020064","protein_coding"
"12250","ENSMUSG00000020063","protein_coding"
"12251","ENSMUSG00000036764","protein_coding"
"12252","ENSMUSG00000048185","protein_coding"
"12253","ENSMUSG00000060843","protein_coding"
"12254","ENSMUSG00000042846","protein_coding"
"12255","ENSMUSG00000019873","protein_coding"
"12256","ENSMUSG00000037876","protein_coding"
"12257","ENSMUSG00000075000","protein_coding"
"12258","ENSMUSG00000037868","protein_coding"
"12259","ENSMUSG00000057134","protein_coding"
"12260","ENSMUSG00000037855","protein_coding"
"12261","ENSMUSG00000037846","protein_coding"
"12262","ENSMUSG00000019947","protein_coding"
"12263","ENSMUSG00000019945","protein_coding"
"12264","ENSMUSG00000060044","protein_coding"
"12265","ENSMUSG00000019944","protein_coding"
"12266","ENSMUSG00000019942","protein_coding"
"12267","ENSMUSG00000069601","protein_coding"
"12268","ENSMUSG00000048701","protein_coding"
"12269","ENSMUSG00000019933","protein_coding"
"12270","ENSMUSG00000037762","protein_coding"
"12271","ENSMUSG00000043259","protein_coding"
"12272","ENSMUSG00000037747","protein_coding"
"12273","ENSMUSG00000014329","protein_coding"
"12274","ENSMUSG00000003923","protein_coding"
"12275","ENSMUSG00000019927","protein_coding"
"12276","ENSMUSG00000037710","protein_coding"
"12277","ENSMUSG00000060733","protein_coding"
"12278","ENSMUSG00000019923","protein_coding"
"12279","ENSMUSG00000052613","protein_coding"
"12280","ENSMUSG00000009070","protein_coding"
"12281","ENSMUSG00000040009","protein_coding"
"12282","ENSMUSG00000020175","protein_coding"
"12283","ENSMUSG00000009681","protein_coding"
"12284","ENSMUSG00000033444","protein_coding"
"12285","ENSMUSG00000020178","protein_coding"
"12286","ENSMUSG00000033416","protein_coding"
"12287","ENSMUSG00000033427","protein_coding"
"12288","ENSMUSG00000020180","protein_coding"
"12289","ENSMUSG00000046807","protein_coding"
"12290","ENSMUSG00000006345","protein_coding"
"12291","ENSMUSG00000006344","protein_coding"
"12292","ENSMUSG00000006342","protein_coding"
"12293","ENSMUSG00000020196","protein_coding"
"12294","ENSMUSG00000001666","protein_coding"
"12295","ENSMUSG00000092360","protein_coding"
"12296","ENSMUSG00000001665","protein_coding"
"12297","ENSMUSG00000001663","protein_coding"
"12298","ENSMUSG00000009093","protein_coding"
"12299","ENSMUSG00000033318","protein_coding"
"12300","ENSMUSG00000033307","protein_coding"
"12301","ENSMUSG00000009092","protein_coding"
"12302","ENSMUSG00000000902","protein_coding"
"12303","ENSMUSG00000000901","protein_coding"
"12304","ENSMUSG00000049422","protein_coding"
"12305","ENSMUSG00000050157","protein_coding"
"12306","ENSMUSG00000000903","protein_coding"
"12307","ENSMUSG00000033255","protein_coding"
"12308","ENSMUSG00000049764","protein_coding"
"12309","ENSMUSG00000020226","protein_coding"
"12310","ENSMUSG00000020229","protein_coding"
"12311","ENSMUSG00000020230","protein_coding"
"12312","ENSMUSG00000033208","protein_coding"
"12313","ENSMUSG00000020231","protein_coding"
"12314","ENSMUSG00000001151","protein_coding"
"12315","ENSMUSG00000117965","protein_coding"
"12316","ENSMUSG00000009114","protein_coding"
"12317","ENSMUSG00000033126","protein_coding"
"12318","ENSMUSG00000001150","protein_coding"
"12319","ENSMUSG00000033105","protein_coding"
"12320","ENSMUSG00000009115","protein_coding"
"12321","ENSMUSG00000001155","protein_coding"
"12322","ENSMUSG00000020241","protein_coding"
"12323","ENSMUSG00000001119","protein_coding"
"12324","ENSMUSG00000001120","protein_coding"
"12325","ENSMUSG00000001436","protein_coding"
"12326","ENSMUSG00000001435","protein_coding"
"12327","ENSMUSG00000020260","protein_coding"
"12328","ENSMUSG00000020262","protein_coding"
"12329","ENSMUSG00000032977","protein_coding"
"12330","ENSMUSG00000000290","protein_coding"
"12331","ENSMUSG00000009291","protein_coding"
"12332","ENSMUSG00000020265","protein_coding"
"12333","ENSMUSG00000112241","protein_coding"
"12334","ENSMUSG00000009293","protein_coding"
"12335","ENSMUSG00000069581","protein_coding"
"12336","ENSMUSG00000095970","protein_coding"
"12337","ENSMUSG00000112170","protein_coding"
"12338","ENSMUSG00000069584","protein_coding"
"12339","ENSMUSG00000094012","protein_coding"
"12340","ENSMUSG00000094146","protein_coding"
"12341","ENSMUSG00000069583","protein_coding"
"12342","ENSMUSG00000096421","protein_coding"
"12343","ENSMUSG00000112864","protein_coding"
"12344","ENSMUSG00000112380","protein_coding"
"12345","ENSMUSG00000094120","protein_coding"
"12346","ENSMUSG00000095817","protein_coding"
"12347","ENSMUSG00000095593","protein_coding"
"12348","ENSMUSG00000096481","protein_coding"
"12349","ENSMUSG00000095721","protein_coding"
"12350","ENSMUSG00000096131","protein_coding"
"12351","ENSMUSG00000096380","protein_coding"
"12352","ENSMUSG00000094913","protein_coding"
"12353","ENSMUSG00000112600","protein_coding"
"12354","ENSMUSG00000069582","protein_coding"
"12355","ENSMUSG00000112223","protein_coding"
"12356","ENSMUSG00000112653","protein_coding"
"12357","ENSMUSG00000071195","protein_coding"
"12358","ENSMUSG00000111915","protein_coding"
"12359","ENSMUSG00000051652","protein_coding"
"12360","ENSMUSG00000009292","protein_coding"
"12361","ENSMUSG00000020284","protein_coding"
"12362","ENSMUSG00000020277","protein_coding"
"12363","ENSMUSG00000000731","protein_coding"
"12364","ENSMUSG00000000730","protein_coding"
"12365","ENSMUSG00000000732","protein_coding"
"12366","ENSMUSG00000053329","protein_coding"
"12367","ENSMUSG00000032834","protein_coding"
"12368","ENSMUSG00000000374","protein_coding"
"12369","ENSMUSG00000001211","protein_coding"
"12370","ENSMUSG00000118646","protein_coding"
"12371","ENSMUSG00000061032","protein_coding"
"12372","ENSMUSG00000005054","protein_coding"
"12373","ENSMUSG00000032788","protein_coding"
"12374","ENSMUSG00000107822","protein_coding"
"12375","ENSMUSG00000032763","protein_coding"
"12376","ENSMUSG00000032714","protein_coding"
"12377","ENSMUSG00000071185","protein_coding"
"12378","ENSMUSG00000005355","protein_coding"
"12379","ENSMUSG00000078442","protein_coding"
"12380","ENSMUSG00000005357","protein_coding"
"12381","ENSMUSG00000051190","protein_coding"
"12382","ENSMUSG00000062873","protein_coding"
"12383","ENSMUSG00000094673","protein_coding"
"12384","ENSMUSG00000094080","protein_coding"
"12385","ENSMUSG00000042774","protein_coding"
"12386","ENSMUSG00000046493","protein_coding"
"12387","ENSMUSG00000063216","protein_coding"
"12388","ENSMUSG00000060205","protein_coding"
"12389","ENSMUSG00000060301","protein_coding"
"12390","ENSMUSG00000091888","protein_coding"
"12391","ENSMUSG00000055515","protein_coding"
"12392","ENSMUSG00000091468","protein_coding"
"12393","ENSMUSG00000091381","protein_coding"
"12394","ENSMUSG00000052151","protein_coding"
"12395","ENSMUSG00000042570","protein_coding"
"12396","ENSMUSG00000020317","protein_coding"
"12397","ENSMUSG00000045912","protein_coding"
"12398","ENSMUSG00000020312","protein_coding"
"12399","ENSMUSG00000035963","protein_coding"
"12400","ENSMUSG00000020310","protein_coding"
"12401","ENSMUSG00000020308","protein_coding"
"12402","ENSMUSG00000020307","protein_coding"
"12403","ENSMUSG00000054206","protein_coding"
"12404","ENSMUSG00000023175","protein_coding"
"12405","ENSMUSG00000020331","protein_coding"
"12406","ENSMUSG00000020329","protein_coding"
"12407","ENSMUSG00000020327","protein_coding"
"12408","ENSMUSG00000035890","protein_coding"
"12409","ENSMUSG00000020325","protein_coding"
"12410","ENSMUSG00000020323","protein_coding"
"12411","ENSMUSG00000035863","protein_coding"
"12412","ENSMUSG00000035852","protein_coding"
"12413","ENSMUSG00000006498","protein_coding"
"12414","ENSMUSG00000035835","protein_coding"
"12415","ENSMUSG00000057729","protein_coding"
"12416","ENSMUSG00000020125","protein_coding"
"12417","ENSMUSG00000061780","protein_coding"
"12418","ENSMUSG00000013833","protein_coding"
"12419","ENSMUSG00000035781","protein_coding"
"12420","ENSMUSG00000035773","protein_coding"
"12421","ENSMUSG00000019564","protein_coding"
"12422","ENSMUSG00000035754","protein_coding"
"12423","ENSMUSG00000035745","protein_coding"
"12424","ENSMUSG00000013858","protein_coding"
"12425","ENSMUSG00000004665","protein_coding"
"12426","ENSMUSG00000035722","protein_coding"
"12427","ENSMUSG00000035697","protein_coding"
"12428","ENSMUSG00000004667","protein_coding"
"12429","ENSMUSG00000075706","protein_coding"
"12430","ENSMUSG00000035673","protein_coding"
"12431","ENSMUSG00000003068","protein_coding"
"12432","ENSMUSG00000035640","protein_coding"
"12433","ENSMUSG00000003072","protein_coding"
"12434","ENSMUSG00000035621","protein_coding"
"12435","ENSMUSG00000045193","protein_coding"
"12436","ENSMUSG00000035595","protein_coding"
"12437","ENSMUSG00000003070","protein_coding"
"12438","ENSMUSG00000020156","protein_coding"
"12439","ENSMUSG00000020153","protein_coding"
"12440","ENSMUSG00000020150","protein_coding"
"12441","ENSMUSG00000069565","protein_coding"
"12442","ENSMUSG00000063457","protein_coding"
"12443","ENSMUSG00000020135","protein_coding"
"12444","ENSMUSG00000020133","protein_coding"
"12445","ENSMUSG00000020131","protein_coding"
"12446","ENSMUSG00000035504","protein_coding"
"12447","ENSMUSG00000043822","protein_coding"
"12448","ENSMUSG00000035486","protein_coding"
"12449","ENSMUSG00000048696","protein_coding"
"12450","ENSMUSG00000035478","protein_coding"
"12451","ENSMUSG00000020163","protein_coding"
"12452","ENSMUSG00000020167","protein_coding"
"12453","ENSMUSG00000045518","protein_coding"
"12454","ENSMUSG00000003341","protein_coding"
"12455","ENSMUSG00000047417","protein_coding"
"12456","ENSMUSG00000035397","protein_coding"
"12457","ENSMUSG00000003346","protein_coding"
"12458","ENSMUSG00000113949","protein_coding"
"12459","ENSMUSG00000113640","protein_coding"
"12460","ENSMUSG00000035370","protein_coding"
"12461","ENSMUSG00000003345","protein_coding"
"12462","ENSMUSG00000003344","protein_coding"
"12463","ENSMUSG00000020190","protein_coding"
"12464","ENSMUSG00000003348","protein_coding"
"12465","ENSMUSG00000055862","protein_coding"
"12466","ENSMUSG00000020198","protein_coding"
"12467","ENSMUSG00000061589","protein_coding"
"12468","ENSMUSG00000035278","protein_coding"
"12469","ENSMUSG00000020211","protein_coding"
"12470","ENSMUSG00000035262","protein_coding"
"12471","ENSMUSG00000020216","protein_coding"
"12472","ENSMUSG00000035242","protein_coding"
"12473","ENSMUSG00000051067","protein_coding"
"12474","ENSMUSG00000035215","protein_coding"
"12475","ENSMUSG00000035206","protein_coding"
"12476","ENSMUSG00000059406","protein_coding"
"12477","ENSMUSG00000020219","protein_coding"
"12478","ENSMUSG00000062075","protein_coding"
"12479","ENSMUSG00000015312","protein_coding"
"12480","ENSMUSG00000048240","protein_coding"
"12481","ENSMUSG00000043670","protein_coding"
"12482","ENSMUSG00000046822","protein_coding"
"12483","ENSMUSG00000004937","protein_coding"
"12484","ENSMUSG00000004929","protein_coding"
"12485","ENSMUSG00000035041","protein_coding"
"12486","ENSMUSG00000035027","protein_coding"
"12487","ENSMUSG00000035011","protein_coding"
"12488","ENSMUSG00000004934","protein_coding"
"12489","ENSMUSG00000034994","protein_coding"
"12490","ENSMUSG00000034974","protein_coding"
"12491","ENSMUSG00000004939","protein_coding"
"12492","ENSMUSG00000034958","protein_coding"
"12493","ENSMUSG00000034949","protein_coding"
"12494","ENSMUSG00000004933","protein_coding"
"12495","ENSMUSG00000034932","protein_coding"
"12496","ENSMUSG00000004931","protein_coding"
"12497","ENSMUSG00000034917","protein_coding"
"12498","ENSMUSG00000034902","protein_coding"
"12499","ENSMUSG00000034889","protein_coding"
"12500","ENSMUSG00000034881","protein_coding"
"12501","ENSMUSG00000034872","protein_coding"
"12502","ENSMUSG00000020232","protein_coding"
"12503","ENSMUSG00000034854","protein_coding"
"12504","ENSMUSG00000020234","protein_coding"
"12505","ENSMUSG00000020235","protein_coding"
"12506","ENSMUSG00000078440","protein_coding"
"12507","ENSMUSG00000113262","protein_coding"
"12508","ENSMUSG00000114004","protein_coding"
"12509","ENSMUSG00000078439","protein_coding"
"12510","ENSMUSG00000055053","protein_coding"
"12511","ENSMUSG00000034818","protein_coding"
"12512","ENSMUSG00000020238","protein_coding"
"12513","ENSMUSG00000044199","protein_coding"
"12514","ENSMUSG00000034792","protein_coding"
"12515","ENSMUSG00000034781","protein_coding"
"12516","ENSMUSG00000054452","protein_coding"
"12517","ENSMUSG00000034771","protein_coding"
"12518","ENSMUSG00000034758","protein_coding"
"12519","ENSMUSG00000074862","protein_coding"
"12520","ENSMUSG00000034748","protein_coding"
"12521","ENSMUSG00000054708","protein_coding"
"12522","ENSMUSG00000096856","protein_coding"
"12523","ENSMUSG00000096795","protein_coding"
"12524","ENSMUSG00000094622","protein_coding"
"12525","ENSMUSG00000094076","protein_coding"
"12526","ENSMUSG00000112640","protein_coding"
"12527","ENSMUSG00000096718","protein_coding"
"12528","ENSMUSG00000061371","protein_coding"
"12529","ENSMUSG00000112160","protein_coding"
"12530","ENSMUSG00000078435","protein_coding"
"12531","ENSMUSG00000062931","protein_coding"
"12532","ENSMUSG00000044581","protein_coding"
"12533","ENSMUSG00000073427","protein_coding"
"12534","ENSMUSG00000094186","protein_coding"
"12535","ENSMUSG00000063320","protein_coding"
"12536","ENSMUSG00000034674","protein_coding"
"12537","ENSMUSG00000020251","protein_coding"
"12538","ENSMUSG00000020246","protein_coding"
"12539","ENSMUSG00000020248","protein_coding"
"12540","ENSMUSG00000020250","protein_coding"
"12541","ENSMUSG00000109864","protein_coding"
"12542","ENSMUSG00000034612","protein_coding"
"12543","ENSMUSG00000034591","protein_coding"
"12544","ENSMUSG00000020255","protein_coding"
"12545","ENSMUSG00000020256","protein_coding"
"12546","ENSMUSG00000034560","protein_coding"
"12547","ENSMUSG00000020263","protein_coding"
"12548","ENSMUSG00000087651","protein_coding"
"12549","ENSMUSG00000020032","protein_coding"
"12550","ENSMUSG00000046841","protein_coding"
"12551","ENSMUSG00000020034","protein_coding"
"12552","ENSMUSG00000034453","protein_coding"
"12553","ENSMUSG00000020037","protein_coding"
"12554","ENSMUSG00000035620","protein_coding"
"12555","ENSMUSG00000050035","protein_coding"
"12556","ENSMUSG00000060935","protein_coding"
"12557","ENSMUSG00000049038","protein_coding"
"12558","ENSMUSG00000020038","protein_coding"
"12559","ENSMUSG00000020042","protein_coding"
"12560","ENSMUSG00000001785","protein_coding"
"12561","ENSMUSG00000035529","protein_coding"
"12562","ENSMUSG00000085111","protein_coding"
"12563","ENSMUSG00000001783","protein_coding"
"12564","ENSMUSG00000050108","protein_coding"
"12565","ENSMUSG00000001786","protein_coding"
"12566","ENSMUSG00000059602","protein_coding"
"12567","ENSMUSG00000020044","protein_coding"
"12568","ENSMUSG00000020048","protein_coding"
"12569","ENSMUSG00000044937","protein_coding"
"12570","ENSMUSG00000112743","protein_coding"
"12571","ENSMUSG00000054027","protein_coding"
"12572","ENSMUSG00000035459","protein_coding"
"12573","ENSMUSG00000047129","protein_coding"
"12574","ENSMUSG00000020052","protein_coding"
"12575","ENSMUSG00000020051","protein_coding"
"12576","ENSMUSG00000020053","protein_coding"
"12577","ENSMUSG00000035383","protein_coding"
"12578","ENSMUSG00000035365","protein_coding"
"12579","ENSMUSG00000035351","protein_coding"
"12580","ENSMUSG00000020056","protein_coding"
"12581","ENSMUSG00000020057","protein_coding"
"12582","ENSMUSG00000035311","protein_coding"
"12583","ENSMUSG00000060002","protein_coding"
"12584","ENSMUSG00000020059","protein_coding"
"12585","ENSMUSG00000020061","protein_coding"
"12586","ENSMUSG00000004359","protein_coding"
"12587","ENSMUSG00000060904","protein_coding"
"12588","ENSMUSG00000004356","protein_coding"
"12589","ENSMUSG00000020062","protein_coding"
"12590","ENSMUSG00000035189","protein_coding"
"12591","ENSMUSG00000074802","protein_coding"
"12592","ENSMUSG00000047638","protein_coding"
"12593","ENSMUSG00000019935","protein_coding"
"12594","ENSMUSG00000069539","protein_coding"
"12595","ENSMUSG00000019948","protein_coding"
"12596","ENSMUSG00000019951","protein_coding"
"12597","ENSMUSG00000058589","protein_coding"
"12598","ENSMUSG00000019979","protein_coding"
"12599","ENSMUSG00000019975","protein_coding"
"12600","ENSMUSG00000061904","protein_coding"
"12601","ENSMUSG00000019961","protein_coding"
"12602","ENSMUSG00000019988","protein_coding"
"12603","ENSMUSG00000020014","protein_coding"
"12604","ENSMUSG00000020015","protein_coding"
"12605","ENSMUSG00000008398","protein_coding"
"12606","ENSMUSG00000015889","protein_coding"
"12607","ENSMUSG00000020017","protein_coding"
"12608","ENSMUSG00000015890","protein_coding"
"12609","ENSMUSG00000036168","protein_coding"
"12610","ENSMUSG00000020018","protein_coding"
"12611","ENSMUSG00000020019","protein_coding"
"12612","ENSMUSG00000020020","protein_coding"
"12613","ENSMUSG00000036112","protein_coding"
"12614","ENSMUSG00000036099","protein_coding"
"12615","ENSMUSG00000020021","protein_coding"
"12616","ENSMUSG00000005897","protein_coding"
"12617","ENSMUSG00000020022","protein_coding"
"12618","ENSMUSG00000020023","protein_coding"
"12619","ENSMUSG00000020024","protein_coding"
"12620","ENSMUSG00000074785","protein_coding"
"12621","ENSMUSG00000045867","protein_coding"
"12622","ENSMUSG00000020027","protein_coding"
"12623","ENSMUSG00000062981","protein_coding"
"12624","ENSMUSG00000074781","protein_coding"
"12625","ENSMUSG00000020029","protein_coding"
"12626","ENSMUSG00000074780","protein_coding"
"12627","ENSMUSG00000036499","protein_coding"
"12628","ENSMUSG00000096486","protein_coding"
"12629","ENSMUSG00000036478","protein_coding"
"12630","ENSMUSG00000019929","protein_coding"
"12631","ENSMUSG00000036446","protein_coding"
"12632","ENSMUSG00000019932","protein_coding"
"12633","ENSMUSG00000019936","protein_coding"
"12634","ENSMUSG00000047025","protein_coding"
"12635","ENSMUSG00000019943","protein_coding"
"12636","ENSMUSG00000019952","protein_coding"
"12637","ENSMUSG00000090035","protein_coding"
"12638","ENSMUSG00000019960","protein_coding"
"12639","ENSMUSG00000046934","protein_coding"
"12640","ENSMUSG00000019966","protein_coding"
"12641","ENSMUSG00000094314","protein_coding"
"12642","ENSMUSG00000091101","protein_coding"
"12643","ENSMUSG00000112931","protein_coding"
"12644","ENSMUSG00000112856","protein_coding"
"12645","ENSMUSG00000096744","protein_coding"
"12646","ENSMUSG00000095673","protein_coding"
"12647","ENSMUSG00000096640","protein_coding"
"12648","ENSMUSG00000036676","protein_coding"
"12649","ENSMUSG00000019971","protein_coding"
"12650","ENSMUSG00000046567","protein_coding"
"12651","ENSMUSG00000056912","protein_coding"
"12652","ENSMUSG00000019888","protein_coding"
"12653","ENSMUSG00000019890","protein_coding"
"12654","ENSMUSG00000044921","protein_coding"
"12655","ENSMUSG00000036602","protein_coding"
"12656","ENSMUSG00000019892","protein_coding"
"12657","ENSMUSG00000019894","protein_coding"
"12658","ENSMUSG00000091779","protein_coding"
"12659","ENSMUSG00000097427","protein_coding"
"12660","ENSMUSG00000097878","protein_coding"
"12661","ENSMUSG00000097550","protein_coding"
"12662","ENSMUSG00000094144","protein_coding"
"12663","ENSMUSG00000095022","protein_coding"
"12664","ENSMUSG00000090854","protein_coding"
"12665","ENSMUSG00000036019","protein_coding"
"12666","ENSMUSG00000036009","protein_coding"
"12667","ENSMUSG00000019897","protein_coding"
"12668","ENSMUSG00000053825","protein_coding"
"12669","ENSMUSG00000035948","protein_coding"
"12670","ENSMUSG00000019906","protein_coding"
"12671","ENSMUSG00000000435","protein_coding"
"12672","ENSMUSG00000035923","protein_coding"
"12673","ENSMUSG00000035916","protein_coding"
"12674","ENSMUSG00000091455","protein_coding"
"12675","ENSMUSG00000019907","protein_coding"
"12676","ENSMUSG00000035873","protein_coding"
"12677","ENSMUSG00000035864","protein_coding"
"12678","ENSMUSG00000112039","protein_coding"
"12679","ENSMUSG00000020181","protein_coding"
"12680","ENSMUSG00000020185","protein_coding"
"12681","ENSMUSG00000020186","protein_coding"
"12682","ENSMUSG00000035798","protein_coding"
"12683","ENSMUSG00000020189","protein_coding"
"12684","ENSMUSG00000035759","protein_coding"
"12685","ENSMUSG00000058799","protein_coding"
"12686","ENSMUSG00000020205","protein_coding"
"12687","ENSMUSG00000063334","protein_coding"
"12688","ENSMUSG00000056888","protein_coding"
"12689","ENSMUSG00000020213","protein_coding"
"12690","ENSMUSG00000020214","protein_coding"
"12691","ENSMUSG00000112611","protein_coding"
"12692","ENSMUSG00000035694","protein_coding"
"12693","ENSMUSG00000035681","protein_coding"
"12694","ENSMUSG00000074748","protein_coding"
"12695","ENSMUSG00000050663","protein_coding"
"12696","ENSMUSG00000006764","protein_coding"
"12697","ENSMUSG00000020130","protein_coding"
"12698","ENSMUSG00000020132","protein_coding"
"12699","ENSMUSG00000069520","protein_coding"
"12700","ENSMUSG00000020137","protein_coding"
"12701","ENSMUSG00000034163","protein_coding"
"12702","ENSMUSG00000020140","protein_coding"
"12703","ENSMUSG00000092210","protein_coding"
"12704","ENSMUSG00000034127","protein_coding"
"12705","ENSMUSG00000020151","protein_coding"
"12706","ENSMUSG00000020154","protein_coding"
"12707","ENSMUSG00000054934","protein_coding"
"12708","ENSMUSG00000020166","protein_coding"
"12709","ENSMUSG00000034057","protein_coding"
"12710","ENSMUSG00000064181","protein_coding"
"12711","ENSMUSG00000020169","protein_coding"
"12712","ENSMUSG00000060187","protein_coding"
"12713","ENSMUSG00000034024","protein_coding"
"12714","ENSMUSG00000020170","protein_coding"
"12715","ENSMUSG00000020171","protein_coding"
"12716","ENSMUSG00000020177","protein_coding"
"12717","ENSMUSG00000069516","protein_coding"
"12718","ENSMUSG00000069515","protein_coding"
"12719","ENSMUSG00000055531","protein_coding"
"12720","ENSMUSG00000020183","protein_coding"
"12721","ENSMUSG00000020184","protein_coding"
"12722","ENSMUSG00000060181","protein_coding"
"12723","ENSMUSG00000052798","protein_coding"
"12724","ENSMUSG00000052681","protein_coding"
"12725","ENSMUSG00000020212","protein_coding"
"12726","ENSMUSG00000074695","protein_coding"
"12727","ENSMUSG00000112216","protein_coding"
"12728","ENSMUSG00000112252","protein_coding"
"12729","ENSMUSG00000090461","protein_coding"
"12730","ENSMUSG00000112814","protein_coding"
"12731","ENSMUSG00000112419","protein_coding"
"12732","ENSMUSG00000112027","protein_coding"
"12733","ENSMUSG00000112781","protein_coding"
"12734","ENSMUSG00000112495","protein_coding"
"12735","ENSMUSG00000112919","protein_coding"
"12736","ENSMUSG00000055170","protein_coding"
"12737","ENSMUSG00000028630","protein_coding"
"12738","ENSMUSG00000020114","protein_coding"
"12739","ENSMUSG00000034813","protein_coding"
"12740","ENSMUSG00000020228","protein_coding"
"12741","ENSMUSG00000020227","protein_coding"
"12742","ENSMUSG00000020225","protein_coding"
"12743","ENSMUSG00000020224","protein_coding"
"12744","ENSMUSG00000056758","protein_coding"
"12745","ENSMUSG00000051236","protein_coding"
"12746","ENSMUSG00000048661","protein_coding"
"12747","ENSMUSG00000020218","protein_coding"
"12748","ENSMUSG00000052302","protein_coding"
"12749","ENSMUSG00000034707","protein_coding"
"12750","ENSMUSG00000025795","protein_coding"
"12751","ENSMUSG00000020115","protein_coding"
"12752","ENSMUSG00000034667","protein_coding"
"12753","ENSMUSG00000047642","protein_coding"
"12754","ENSMUSG00000053684","protein_coding"
"12755","ENSMUSG00000020121","protein_coding"
"12756","ENSMUSG00000034620","protein_coding"
"12757","ENSMUSG00000020123","protein_coding"
"12758","ENSMUSG00000034613","protein_coding"
"12759","ENSMUSG00000034602","protein_coding"
"12760","ENSMUSG00000020124","protein_coding"
"12761","ENSMUSG00000044071","protein_coding"
"12762","ENSMUSG00000020102","protein_coding"
"12763","ENSMUSG00000020105","protein_coding"
"12764","ENSMUSG00000025436","protein_coding"
"12765","ENSMUSG00000078429","protein_coding"
"12766","ENSMUSG00000025432","protein_coding"
"12767","ENSMUSG00000040521","protein_coding"
"12768","ENSMUSG00000080115","protein_coding"
"12769","ENSMUSG00000006732","protein_coding"
"12770","ENSMUSG00000006724","protein_coding"
"12771","ENSMUSG00000040502","protein_coding"
"12772","ENSMUSG00000006728","protein_coding"
"12773","ENSMUSG00000006736","protein_coding"
"12774","ENSMUSG00000025422","protein_coding"
"12775","ENSMUSG00000040462","protein_coding"
"12776","ENSMUSG00000006731","protein_coding"
"12777","ENSMUSG00000040441","protein_coding"
"12778","ENSMUSG00000019467","protein_coding"
"12779","ENSMUSG00000040415","protein_coding"
"12780","ENSMUSG00000025417","protein_coding"
"12781","ENSMUSG00000074657","protein_coding"
"12782","ENSMUSG00000025410","protein_coding"
"12783","ENSMUSG00000025409","protein_coding"
"12784","ENSMUSG00000025408","protein_coding"
"12785","ENSMUSG00000116429","protein_coding"
"12786","ENSMUSG00000040354","protein_coding"
"12787","ENSMUSG00000040345","protein_coding"
"12788","ENSMUSG00000025407","protein_coding"
"12789","ENSMUSG00000047492","protein_coding"
"12790","ENSMUSG00000025405","protein_coding"
"12791","ENSMUSG00000025404","protein_coding"
"12792","ENSMUSG00000040287","protein_coding"
"12793","ENSMUSG00000040280","protein_coding"
"12794","ENSMUSG00000025403","protein_coding"
"12795","ENSMUSG00000040258","protein_coding"
"12796","ENSMUSG00000040249","protein_coding"
"12797","ENSMUSG00000002147","protein_coding"
"12798","ENSMUSG00000025402","protein_coding"
"12799","ENSMUSG00000040195","protein_coding"
"12800","ENSMUSG00000025401","protein_coding"
"12801","ENSMUSG00000025400","protein_coding"
"12802","ENSMUSG00000044617","protein_coding"
"12803","ENSMUSG00000058396","protein_coding"
"12804","ENSMUSG00000089789","protein_coding"
"12805","ENSMUSG00000099009","protein_coding"
"12806","ENSMUSG00000056148","protein_coding"
"12807","ENSMUSG00000069456","protein_coding"
"12808","ENSMUSG00000054052","protein_coding"
"12809","ENSMUSG00000074639","protein_coding"
"12810","ENSMUSG00000040134","protein_coding"
"12811","ENSMUSG00000040127","protein_coding"
"12812","ENSMUSG00000025396","protein_coding"
"12813","ENSMUSG00000025395","protein_coding"
"12814","ENSMUSG00000061315","protein_coding"
"12815","ENSMUSG00000071072","protein_coding"
"12816","ENSMUSG00000025393","protein_coding"
"12817","ENSMUSG00000040054","protein_coding"
"12818","ENSMUSG00000040043","protein_coding"
"12819","ENSMUSG00000044005","protein_coding"
"12820","ENSMUSG00000051346","protein_coding"
"12821","ENSMUSG00000025389","protein_coding"
"12822","ENSMUSG00000039994","protein_coding"
"12823","ENSMUSG00000051716","protein_coding"
"12824","ENSMUSG00000047631","protein_coding"
"12825","ENSMUSG00000040033","protein_coding"
"12826","ENSMUSG00000025383","protein_coding"
"12827","ENSMUSG00000005682","protein_coding"
"12828","ENSMUSG00000025381","protein_coding"
"12829","ENSMUSG00000005683","protein_coding"
"12830","ENSMUSG00000039914","protein_coding"
"12831","ENSMUSG00000014498","protein_coding"
"12832","ENSMUSG00000039878","protein_coding"
"12833","ENSMUSG00000025374","protein_coding"
"12834","ENSMUSG00000025373","protein_coding"
"12835","ENSMUSG00000025369","protein_coding"
"12836","ENSMUSG00000090841","protein_coding"
"12837","ENSMUSG00000039824","protein_coding"
"12838","ENSMUSG00000025366","protein_coding"
"12839","ENSMUSG00000039810","protein_coding"
"12840","ENSMUSG00000093674","protein_coding"
"12841","ENSMUSG00000025364","protein_coding"
"12842","ENSMUSG00000018166","protein_coding"
"12843","ENSMUSG00000025362","protein_coding"
"12844","ENSMUSG00000002578","protein_coding"
"12845","ENSMUSG00000049858","protein_coding"
"12846","ENSMUSG00000000711","protein_coding"
"12847","ENSMUSG00000025358","protein_coding"
"12848","ENSMUSG00000025359","protein_coding"
"12849","ENSMUSG00000025357","protein_coding"
"12850","ENSMUSG00000064030","protein_coding"
"12851","ENSMUSG00000025355","protein_coding"
"12852","ENSMUSG00000047090","protein_coding"
"12853","ENSMUSG00000025354","protein_coding"
"12854","ENSMUSG00000078427","protein_coding"
"12855","ENSMUSG00000025353","protein_coding"
"12856","ENSMUSG00000025352","protein_coding"
"12857","ENSMUSG00000025351","protein_coding"
"12858","ENSMUSG00000025350","protein_coding"
"12859","ENSMUSG00000090247","protein_coding"
"12860","ENSMUSG00000025348","protein_coding"
"12861","ENSMUSG00000025347","protein_coding"
"12862","ENSMUSG00000069430","protein_coding"
"12863","ENSMUSG00000063374","protein_coding"
"12864","ENSMUSG00000107648","protein_coding"
"12865","ENSMUSG00000056853","protein_coding"
"12866","ENSMUSG00000107748","protein_coding"
"12867","ENSMUSG00000059762","protein_coding"
"12868","ENSMUSG00000050198","protein_coding"
"12869","ENSMUSG00000042801","protein_coding"
"12870","ENSMUSG00000047868","protein_coding"
"12871","ENSMUSG00000061367","protein_coding"
"12872","ENSMUSG00000107662","protein_coding"
"12873","ENSMUSG00000096000","protein_coding"
"12874","ENSMUSG00000096229","protein_coding"
"12875","ENSMUSG00000096220","protein_coding"
"12876","ENSMUSG00000095483","protein_coding"
"12877","ENSMUSG00000062914","protein_coding"
"12878","ENSMUSG00000044537","protein_coding"
"12879","ENSMUSG00000049573","protein_coding"
"12880","ENSMUSG00000095138","protein_coding"
"12881","ENSMUSG00000095075","protein_coding"
"12882","ENSMUSG00000094347","protein_coding"
"12883","ENSMUSG00000111732","protein_coding"
"12884","ENSMUSG00000095696","protein_coding"
"12885","ENSMUSG00000096497","protein_coding"
"12886","ENSMUSG00000049217","protein_coding"
"12887","ENSMUSG00000111273","protein_coding"
"12888","ENSMUSG00000044025","protein_coding"
"12889","ENSMUSG00000047626","protein_coding"
"12890","ENSMUSG00000094496","protein_coding"
"12891","ENSMUSG00000044293","protein_coding"
"12892","ENSMUSG00000052012","protein_coding"
"12893","ENSMUSG00000095002","protein_coding"
"12894","ENSMUSG00000094734","protein_coding"
"12895","ENSMUSG00000108114","protein_coding"
"12896","ENSMUSG00000058513","protein_coding"
"12897","ENSMUSG00000093866","protein_coding"
"12898","ENSMUSG00000046041","protein_coding"
"12899","ENSMUSG00000095401","protein_coding"
"12900","ENSMUSG00000096858","protein_coding"
"12901","ENSMUSG00000071065","protein_coding"
"12902","ENSMUSG00000050478","protein_coding"
"12903","ENSMUSG00000049894","protein_coding"
"12904","ENSMUSG00000050251","protein_coding"
"12905","ENSMUSG00000069421","protein_coding"
"12906","ENSMUSG00000063173","protein_coding"
"12907","ENSMUSG00000049052","protein_coding"
"12908","ENSMUSG00000052818","protein_coding"
"12909","ENSMUSG00000059134","protein_coding"
"12910","ENSMUSG00000061961","protein_coding"
"12911","ENSMUSG00000063715","protein_coding"
"12912","ENSMUSG00000058071","protein_coding"
"12913","ENSMUSG00000094295","protein_coding"
"12914","ENSMUSG00000095608","protein_coding"
"12915","ENSMUSG00000094632","protein_coding"
"12916","ENSMUSG00000048745","protein_coding"
"12917","ENSMUSG00000044897","protein_coding"
"12918","ENSMUSG00000058251","protein_coding"
"12919","ENSMUSG00000096747","protein_coding"
"12920","ENSMUSG00000095804","protein_coding"
"12921","ENSMUSG00000058084","protein_coding"
"12922","ENSMUSG00000059862","protein_coding"
"12923","ENSMUSG00000045559","protein_coding"
"12924","ENSMUSG00000048015","protein_coding"
"12925","ENSMUSG00000034833","protein_coding"
"12926","ENSMUSG00000070601","protein_coding"
"12927","ENSMUSG00000092048","protein_coding"
"12928","ENSMUSG00000092162","protein_coding"
"12929","ENSMUSG00000091511","protein_coding"
"12930","ENSMUSG00000023764","protein_coding"
"12931","ENSMUSG00000020457","protein_coding"
"12932","ENSMUSG00000020454","protein_coding"
"12933","ENSMUSG00000020453","protein_coding"
"12934","ENSMUSG00000034614","protein_coding"
"12935","ENSMUSG00000020451","protein_coding"
"12936","ENSMUSG00000020448","protein_coding"
"12937","ENSMUSG00000034579","protein_coding"
"12938","ENSMUSG00000034570","protein_coding"
"12939","ENSMUSG00000075702","protein_coding"
"12940","ENSMUSG00000020439","protein_coding"
"12941","ENSMUSG00000056579","protein_coding"
"12942","ENSMUSG00000034543","protein_coding"
"12943","ENSMUSG00000020435","protein_coding"
"12944","ENSMUSG00000020434","protein_coding"
"12945","ENSMUSG00000047205","protein_coding"
"12946","ENSMUSG00000048807","protein_coding"
"12947","ENSMUSG00000020432","protein_coding"
"12948","ENSMUSG00000034493","protein_coding"
"12949","ENSMUSG00000020430","protein_coding"
"12950","ENSMUSG00000049721","protein_coding"
"12951","ENSMUSG00000019368","protein_coding"
"12952","ENSMUSG00000054986","protein_coding"
"12953","ENSMUSG00000004748","protein_coding"
"12954","ENSMUSG00000003585","protein_coding"
"12955","ENSMUSG00000003581","protein_coding"
"12956","ENSMUSG00000051427","protein_coding"
"12957","ENSMUSG00000002129","protein_coding"
"12958","ENSMUSG00000034412","protein_coding"
"12959","ENSMUSG00000020424","protein_coding"
"12960","ENSMUSG00000058755","protein_coding"
"12961","ENSMUSG00000034394","protein_coding"
"12962","ENSMUSG00000020419","protein_coding"
"12963","ENSMUSG00000034354","protein_coding"
"12964","ENSMUSG00000020412","protein_coding"
"12965","ENSMUSG00000059534","protein_coding"
"12966","ENSMUSG00000009076","protein_coding"
"12967","ENSMUSG00000009075","protein_coding"
"12968","ENSMUSG00000009073","protein_coding"
"12969","ENSMUSG00000034285","protein_coding"
"12970","ENSMUSG00000034274","protein_coding"
"12971","ENSMUSG00000020396","protein_coding"
"12972","ENSMUSG00000009090","protein_coding"
"12973","ENSMUSG00000034201","protein_coding"
"12974","ENSMUSG00000034209","protein_coding"
"12975","ENSMUSG00000009079","protein_coding"
"12976","ENSMUSG00000034175","protein_coding"
"12977","ENSMUSG00000034164","protein_coding"
"12978","ENSMUSG00000020393","protein_coding"
"12979","ENSMUSG00000041961","protein_coding"
"12980","ENSMUSG00000020484","protein_coding"
"12981","ENSMUSG00000020482","protein_coding"
"12982","ENSMUSG00000020481","protein_coding"
"12983","ENSMUSG00000020477","protein_coding"
"12984","ENSMUSG00000049680","protein_coding"
"12985","ENSMUSG00000020476","protein_coding"
"12986","ENSMUSG00000020475","protein_coding"
"12987","ENSMUSG00000020474","protein_coding"
"12988","ENSMUSG00000020473","protein_coding"
"12989","ENSMUSG00000020471","protein_coding"
"12990","ENSMUSG00000020469","protein_coding"
"12991","ENSMUSG00000041798","protein_coding"
"12992","ENSMUSG00000002741","protein_coding"
"12993","ENSMUSG00000057897","protein_coding"
"12994","ENSMUSG00000053838","protein_coding"
"12995","ENSMUSG00000020447","protein_coding"
"12996","ENSMUSG00000004393","protein_coding"
"12997","ENSMUSG00000004394","protein_coding"
"12998","ENSMUSG00000020456","protein_coding"
"12999","ENSMUSG00000041164","protein_coding"
"13000","ENSMUSG00000071866","protein_coding"
"13001","ENSMUSG00000041126","protein_coding"
"13002","ENSMUSG00000094483","protein_coding"
"13003","ENSMUSG00000020437","protein_coding"
"13004","ENSMUSG00000000378","protein_coding"
"13005","ENSMUSG00000041073","protein_coding"
"13006","ENSMUSG00000000384","protein_coding"
"13007","ENSMUSG00000000381","protein_coding"
"13008","ENSMUSG00000041046","protein_coding"
"13009","ENSMUSG00000020431","protein_coding"
"13010","ENSMUSG00000087512","protein_coding"
"13011","ENSMUSG00000020429","protein_coding"
"13012","ENSMUSG00000020427","protein_coding"
"13013","ENSMUSG00000020422","protein_coding"
"13014","ENSMUSG00000046634","protein_coding"
"13015","ENSMUSG00000020413","protein_coding"
"13016","ENSMUSG00000040985","protein_coding"
"13017","ENSMUSG00000040978","protein_coding"
"13018","ENSMUSG00000020407","protein_coding"
"13019","ENSMUSG00000004668","protein_coding"
"13020","ENSMUSG00000050830","protein_coding"
"13021","ENSMUSG00000020193","protein_coding"
"13022","ENSMUSG00000020191","protein_coding"
"13023","ENSMUSG00000062511","protein_coding"
"13024","ENSMUSG00000018654","protein_coding"
"13025","ENSMUSG00000035455","protein_coding"
"13026","ENSMUSG00000020182","protein_coding"
"13027","ENSMUSG00000020176","protein_coding"
"13028","ENSMUSG00000020173","protein_coding"
"13029","ENSMUSG00000084135","protein_coding"
"13030","ENSMUSG00000048834","protein_coding"
"13031","ENSMUSG00000078974","protein_coding"
"13032","ENSMUSG00000020122","protein_coding"
"13033","ENSMUSG00000044966","protein_coding"
"13034","ENSMUSG00000020120","protein_coding"
"13035","ENSMUSG00000044629","protein_coding"
"13036","ENSMUSG00000033953","protein_coding"
"13037","ENSMUSG00000078970","protein_coding"
"13038","ENSMUSG00000020116","protein_coding"
"13039","ENSMUSG00000000581","protein_coding"
"13040","ENSMUSG00000016984","protein_coding"
"13041","ENSMUSG00000020160","protein_coding"
"13042","ENSMUSG00000045671","protein_coding"
"13043","ENSMUSG00000020152","protein_coding"
"13044","ENSMUSG00000020149","protein_coding"
"13045","ENSMUSG00000044066","protein_coding"
"13046","ENSMUSG00000020142","protein_coding"
"13047","ENSMUSG00000049800","protein_coding"
"13048","ENSMUSG00000049659","protein_coding"
"13049","ENSMUSG00000042363","protein_coding"
"13050","ENSMUSG00000020134","protein_coding"
"13051","ENSMUSG00000020128","protein_coding"
"13052","ENSMUSG00000001891","protein_coding"
"13053","ENSMUSG00000020321","protein_coding"
"13054","ENSMUSG00000020319","protein_coding"
"13055","ENSMUSG00000005917","protein_coding"
"13056","ENSMUSG00000042302","protein_coding"
"13057","ENSMUSG00000049904","protein_coding"
"13058","ENSMUSG00000051650","protein_coding"
"13059","ENSMUSG00000098650","protein_coding"
"13060","ENSMUSG00000051355","protein_coding"
"13061","ENSMUSG00000007739","protein_coding"
"13062","ENSMUSG00000049811","protein_coding"
"13063","ENSMUSG00000020290","protein_coding"
"13064","ENSMUSG00000056342","protein_coding"
"13065","ENSMUSG00000020288","protein_coding"
"13066","ENSMUSG00000020286","protein_coding"
"13067","ENSMUSG00000042208","protein_coding"
"13068","ENSMUSG00000020283","protein_coding"
"13069","ENSMUSG00000020280","protein_coding"
"13070","ENSMUSG00000020275","protein_coding"
"13071","ENSMUSG00000020273","protein_coding"
"13072","ENSMUSG00000055010","protein_coding"
"13073","ENSMUSG00000000861","protein_coding"
"13074","ENSMUSG00000032985","protein_coding"
"13075","ENSMUSG00000004018","protein_coding"
"13076","ENSMUSG00000064090","protein_coding"
"13077","ENSMUSG00000032878","protein_coding"
"13078","ENSMUSG00000020467","protein_coding"
"13079","ENSMUSG00000020464","protein_coding"
"13080","ENSMUSG00000020463","protein_coding"
"13081","ENSMUSG00000020462","protein_coding"
"13082","ENSMUSG00000032740","protein_coding"
"13083","ENSMUSG00000032673","protein_coding"
"13084","ENSMUSG00000020459","protein_coding"
"13085","ENSMUSG00000020460","protein_coding"
"13086","ENSMUSG00000020461","protein_coding"
"13087","ENSMUSG00000020458","protein_coding"
"13088","ENSMUSG00000044072","protein_coding"
"13089","ENSMUSG00000078157","protein_coding"
"13090","ENSMUSG00000020315","protein_coding"
"13091","ENSMUSG00000040919","protein_coding"
"13092","ENSMUSG00000060923","protein_coding"
"13093","ENSMUSG00000040850","protein_coding"
"13094","ENSMUSG00000043999","protein_coding"
"13095","ENSMUSG00000020305","protein_coding"
"13096","ENSMUSG00000020311","protein_coding"
"13097","ENSMUSG00000020309","protein_coding"
"13098","ENSMUSG00000020303","protein_coding"
"13099","ENSMUSG00000044502","protein_coding"
"13100","ENSMUSG00000020300","protein_coding"
"13101","ENSMUSG00000020299","protein_coding"
"13102","ENSMUSG00000020297","protein_coding"
"13103","ENSMUSG00000020279","protein_coding"
"13104","ENSMUSG00000040767","protein_coding"
"13105","ENSMUSG00000020282","protein_coding"
"13106","ENSMUSG00000020289","protein_coding"
"13107","ENSMUSG00000020287","protein_coding"
"13108","ENSMUSG00000055609","protein_coding"
"13109","ENSMUSG00000069919","protein_coding"
"13110","ENSMUSG00000073063","protein_coding"
"13111","ENSMUSG00000069917","protein_coding"
"13112","ENSMUSG00000020295","protein_coding"
"13113","ENSMUSG00000040711","protein_coding"
"13114","ENSMUSG00000044949","protein_coding"
"13115","ENSMUSG00000044056","protein_coding"
"13116","ENSMUSG00000020272","protein_coding"
"13117","ENSMUSG00000020271","protein_coding"
"13118","ENSMUSG00000020270","protein_coding"
"13119","ENSMUSG00000057967","protein_coding"
"13120","ENSMUSG00000057113","protein_coding"
"13121","ENSMUSG00000040610","protein_coding"
"13122","ENSMUSG00000040594","protein_coding"
"13123","ENSMUSG00000020159","protein_coding"
"13124","ENSMUSG00000053519","protein_coding"
"13125","ENSMUSG00000020155","protein_coding"
"13126","ENSMUSG00000085684","protein_coding"
"13127","ENSMUSG00000002699","protein_coding"
"13128","ENSMUSG00000047861","protein_coding"
"13129","ENSMUSG00000020143","protein_coding"
"13130","ENSMUSG00000069911","protein_coding"
"13131","ENSMUSG00000069910","protein_coding"
"13132","ENSMUSG00000056427","protein_coding"
"13133","ENSMUSG00000018846","protein_coding"
"13134","ENSMUSG00000051062","protein_coding"
"13135","ENSMUSG00000018848","protein_coding"
"13136","ENSMUSG00000018849","protein_coding"
"13137","ENSMUSG00000049336","protein_coding"
"13138","ENSMUSG00000042032","protein_coding"
"13139","ENSMUSG00000020330","protein_coding"
"13140","ENSMUSG00000020328","protein_coding"
"13141","ENSMUSG00000020326","protein_coding"
"13142","ENSMUSG00000020436","protein_coding"
"13143","ENSMUSG00000010803","protein_coding"
"13144","ENSMUSG00000020428","protein_coding"
"13145","ENSMUSG00000007653","protein_coding"
"13146","ENSMUSG00000055415","protein_coding"
"13147","ENSMUSG00000020415","protein_coding"
"13148","ENSMUSG00000020409","protein_coding"
"13149","ENSMUSG00000046491","protein_coding"
"13150","ENSMUSG00000044707","protein_coding"
"13151","ENSMUSG00000020405","protein_coding"
"13152","ENSMUSG00000044950","protein_coding"
"13153","ENSMUSG00000041278","protein_coding"
"13154","ENSMUSG00000050541","protein_coding"
"13155","ENSMUSG00000004296","protein_coding"
"13156","ENSMUSG00000041231","protein_coding"
"13157","ENSMUSG00000019189","protein_coding"
"13158","ENSMUSG00000057098","protein_coding"
"13159","ENSMUSG00000006169","protein_coding"
"13160","ENSMUSG00000044847","protein_coding"
"13161","ENSMUSG00000011254","protein_coding"
"13162","ENSMUSG00000040489","protein_coding"
"13163","ENSMUSG00000069899","protein_coding"
"13164","ENSMUSG00000011256","protein_coding"
"13165","ENSMUSG00000020411","protein_coding"
"13166","ENSMUSG00000020340","protein_coding"
"13167","ENSMUSG00000048721","protein_coding"
"13168","ENSMUSG00000020395","protein_coding"
"13169","ENSMUSG00000020401","protein_coding"
"13170","ENSMUSG00000020397","protein_coding"
"13171","ENSMUSG00000020399","protein_coding"
"13172","ENSMUSG00000078924","protein_coding"
"13173","ENSMUSG00000046974","protein_coding"
"13174","ENSMUSG00000064010","protein_coding"
"13175","ENSMUSG00000040413","protein_coding"
"13176","ENSMUSG00000040405","protein_coding"
"13177","ENSMUSG00000055546","protein_coding"
"13178","ENSMUSG00000020354","protein_coding"
"13179","ENSMUSG00000020372","protein_coding"
"13180","ENSMUSG00000040365","protein_coding"
"13181","ENSMUSG00000078154","protein_coding"
"13182","ENSMUSG00000040350","protein_coding"
"13183","ENSMUSG00000046879","protein_coding"
"13184","ENSMUSG00000058163","protein_coding"
"13185","ENSMUSG00000048852","protein_coding"
"13186","ENSMUSG00000078153","protein_coding"
"13187","ENSMUSG00000069893","protein_coding"
"13188","ENSMUSG00000040328","protein_coding"
"13189","ENSMUSG00000078922","protein_coding"
"13190","ENSMUSG00000069892","protein_coding"
"13191","ENSMUSG00000078921","protein_coding"
"13192","ENSMUSG00000078920","protein_coding"
"13193","ENSMUSG00000047511","protein_coding"
"13194","ENSMUSG00000050763","protein_coding"
"13195","ENSMUSG00000048378","protein_coding"
"13196","ENSMUSG00000040283","protein_coding"
"13197","ENSMUSG00000046311","protein_coding"
"13198","ENSMUSG00000020346","protein_coding"
"13199","ENSMUSG00000059864","protein_coding"
"13200","ENSMUSG00000101750","protein_coding"
"13201","ENSMUSG00000100923","protein_coding"
"13202","ENSMUSG00000101874","protein_coding"
"13203","ENSMUSG00000045421","protein_coding"
"13204","ENSMUSG00000107573","protein_coding"
"13205","ENSMUSG00000047702","protein_coding"
"13206","ENSMUSG00000063386","protein_coding"
"13207","ENSMUSG00000108167","protein_coding"
"13208","ENSMUSG00000059729","protein_coding"
"13209","ENSMUSG00000044170","protein_coding"
"13210","ENSMUSG00000107417","protein_coding"
"13211","ENSMUSG00000063827","protein_coding"
"13212","ENSMUSG00000095187","protein_coding"
"13213","ENSMUSG00000107645","protein_coding"
"13214","ENSMUSG00000020357","protein_coding"
"13215","ENSMUSG00000064057","protein_coding"
"13216","ENSMUSG00000020362","protein_coding"
"13217","ENSMUSG00000020363","protein_coding"
"13218","ENSMUSG00000020366","protein_coding"
"13219","ENSMUSG00000020374","protein_coding"
"13220","ENSMUSG00000020376","protein_coding"
"13221","ENSMUSG00000036644","protein_coding"
"13222","ENSMUSG00000020381","protein_coding"
"13223","ENSMUSG00000015837","protein_coding"
"13224","ENSMUSG00000036620","protein_coding"
"13225","ENSMUSG00000020377","protein_coding"
"13226","ENSMUSG00000050567","protein_coding"
"13227","ENSMUSG00000020368","protein_coding"
"13228","ENSMUSG00000050087","protein_coding"
"13229","ENSMUSG00000007850","protein_coding"
"13230","ENSMUSG00000020375","protein_coding"
"13231","ENSMUSG00000036545","protein_coding"
"13232","ENSMUSG00000044807","protein_coding"
"13233","ENSMUSG00000044296","protein_coding"
"13234","ENSMUSG00000000617","protein_coding"
"13235","ENSMUSG00000048728","protein_coding"
"13236","ENSMUSG00000049321","protein_coding"
"13237","ENSMUSG00000020335","protein_coding"
"13238","ENSMUSG00000072983","protein_coding"
"13239","ENSMUSG00000044542","protein_coding"
"13240","ENSMUSG00000050343","protein_coding"
"13241","ENSMUSG00000061952","protein_coding"
"13242","ENSMUSG00000060918","protein_coding"
"13243","ENSMUSG00000059397","protein_coding"
"13244","ENSMUSG00000057890","protein_coding"
"13245","ENSMUSG00000020364","protein_coding"
"13246","ENSMUSG00000061469","protein_coding"
"13247","ENSMUSG00000045942","protein_coding"
"13248","ENSMUSG00000020385","protein_coding"
"13249","ENSMUSG00000063564","protein_coding"
"13250","ENSMUSG00000020359","protein_coding"
"13251","ENSMUSG00000020358","protein_coding"
"13252","ENSMUSG00000001056","protein_coding"
"13253","ENSMUSG00000001054","protein_coding"
"13254","ENSMUSG00000001053","protein_coding"
"13255","ENSMUSG00000007777","protein_coding"
"13256","ENSMUSG00000036391","protein_coding"
"13257","ENSMUSG00000020386","protein_coding"
"13258","ENSMUSG00000020387","protein_coding"
"13259","ENSMUSG00000020392","protein_coding"
"13260","ENSMUSG00000020390","protein_coding"
"13261","ENSMUSG00000020389","protein_coding"
"13262","ENSMUSG00000020349","protein_coding"
"13263","ENSMUSG00000062204","protein_coding"
"13264","ENSMUSG00000060170","protein_coding"
"13265","ENSMUSG00000036309","protein_coding"
"13266","ENSMUSG00000000782","protein_coding"
"13267","ENSMUSG00000020402","protein_coding"
"13268","ENSMUSG00000036275","protein_coding"
"13269","ENSMUSG00000036264","protein_coding"
"13270","ENSMUSG00000020361","protein_coding"
"13271","ENSMUSG00000018239","protein_coding"
"13272","ENSMUSG00000049470","protein_coding"
"13273","ENSMUSG00000036216","protein_coding"
"13274","ENSMUSG00000044894","protein_coding"
"13275","ENSMUSG00000018238","protein_coding"
"13276","ENSMUSG00000018387","protein_coding"
"13277","ENSMUSG00000044352","protein_coding"
"13278","ENSMUSG00000018398","protein_coding"
"13279","ENSMUSG00000018395","protein_coding"
"13280","ENSMUSG00000000869","protein_coding"
"13281","ENSMUSG00000020383","protein_coding"
"13282","ENSMUSG00000020380","protein_coding"
"13283","ENSMUSG00000036117","protein_coding"
"13284","ENSMUSG00000018899","protein_coding"
"13285","ENSMUSG00000018900","protein_coding"
"13286","ENSMUSG00000063652","protein_coding"
"13287","ENSMUSG00000020334","protein_coding"
"13288","ENSMUSG00000020388","protein_coding"
"13289","ENSMUSG00000018906","protein_coding"
"13290","ENSMUSG00000018916","protein_coding"
"13291","ENSMUSG00000018914","protein_coding"
"13292","ENSMUSG00000020333","protein_coding"
"13293","ENSMUSG00000020332","protein_coding"
"13294","ENSMUSG00000035992","protein_coding"
"13295","ENSMUSG00000037533","protein_coding"
"13296","ENSMUSG00000052298","protein_coding"
"13297","ENSMUSG00000020268","protein_coding"
"13298","ENSMUSG00000020267","protein_coding"
"13299","ENSMUSG00000018339","protein_coding"
"13300","ENSMUSG00000020400","protein_coding"
"13301","ENSMUSG00000018340","protein_coding"
"13302","ENSMUSG00000049588","protein_coding"
"13303","ENSMUSG00000000594","protein_coding"
"13304","ENSMUSG00000049491","protein_coding"
"13305","ENSMUSG00000020264","protein_coding"
"13306","ENSMUSG00000020261","protein_coding"
"13307","ENSMUSG00000055333","protein_coding"
"13308","ENSMUSG00000018593","protein_coding"
"13309","ENSMUSG00000018585","protein_coding"
"13310","ENSMUSG00000018583","protein_coding"
"13311","ENSMUSG00000000263","protein_coding"
"13312","ENSMUSG00000037393","protein_coding"
"13313","ENSMUSG00000020524","protein_coding"
"13314","ENSMUSG00000020523","protein_coding"
"13315","ENSMUSG00000020522","protein_coding"
"13316","ENSMUSG00000020520","protein_coding"
"13317","ENSMUSG00000020519","protein_coding"
"13318","ENSMUSG00000037335","protein_coding"
"13319","ENSMUSG00000037331","protein_coding"
"13320","ENSMUSG00000086962","protein_coding"
"13321","ENSMUSG00000020515","protein_coding"
"13322","ENSMUSG00000037275","protein_coding"
"13323","ENSMUSG00000020514","protein_coding"
"13324","ENSMUSG00000078853","protein_coding"
"13325","ENSMUSG00000069874","protein_coding"
"13326","ENSMUSG00000069873","protein_coding"
"13327","ENSMUSG00000037243","protein_coding"
"13328","ENSMUSG00000049755","protein_coding"
"13329","ENSMUSG00000013646","protein_coding"
"13330","ENSMUSG00000013643","protein_coding"
"13331","ENSMUSG00000013653","protein_coding"
"13332","ENSMUSG00000058287","protein_coding"
"13333","ENSMUSG00000052642","protein_coding"
"13334","ENSMUSG00000043314","protein_coding"
"13335","ENSMUSG00000050813","protein_coding"
"13336","ENSMUSG00000058807","protein_coding"
"13337","ENSMUSG00000050818","protein_coding"
"13338","ENSMUSG00000064252","protein_coding"
"13339","ENSMUSG00000057654","protein_coding"
"13340","ENSMUSG00000059279","protein_coding"
"13341","ENSMUSG00000060765","protein_coding"
"13342","ENSMUSG00000056564","protein_coding"
"13343","ENSMUSG00000037145","protein_coding"
"13344","ENSMUSG00000043880","protein_coding"
"13345","ENSMUSG00000037124","protein_coding"
"13346","ENSMUSG00000063549","protein_coding"
"13347","ENSMUSG00000107711","protein_coding"
"13348","ENSMUSG00000064044","protein_coding"
"13349","ENSMUSG00000108265","protein_coding"
"13350","ENSMUSG00000060030","protein_coding"
"13351","ENSMUSG00000107677","protein_coding"
"13352","ENSMUSG00000056959","protein_coding"
"13353","ENSMUSG00000059504","protein_coding"
"13354","ENSMUSG00000049154","protein_coding"
"13355","ENSMUSG00000070438","protein_coding"
"13356","ENSMUSG00000096806","protein_coding"
"13357","ENSMUSG00000094805","protein_coding"
"13358","ENSMUSG00000072915","protein_coding"
"13359","ENSMUSG00000020491","protein_coding"
"13360","ENSMUSG00000037001","protein_coding"
"13361","ENSMUSG00000020490","protein_coding"
"13362","ENSMUSG00000020496","protein_coding"
"13363","ENSMUSG00000056895","protein_coding"
"13364","ENSMUSG00000080712","protein_coding"
"13365","ENSMUSG00000078851","protein_coding"
"13366","ENSMUSG00000036964","protein_coding"
"13367","ENSMUSG00000080152","protein_coding"
"13368","ENSMUSG00000020455","protein_coding"
"13369","ENSMUSG00000061462","protein_coding"
"13370","ENSMUSG00000049287","protein_coding"
"13371","ENSMUSG00000043448","protein_coding"
"13372","ENSMUSG00000020444","protein_coding"
"13373","ENSMUSG00000036860","protein_coding"
"13374","ENSMUSG00000020441","protein_coding"
"13375","ENSMUSG00000048076","protein_coding"
"13376","ENSMUSG00000009900","protein_coding"
"13377","ENSMUSG00000000126","protein_coding"
"13378","ENSMUSG00000049291","protein_coding"
"13379","ENSMUSG00000009894","protein_coding"
"13380","ENSMUSG00000036819","protein_coding"
"13381","ENSMUSG00000054519","protein_coding"
"13382","ENSMUSG00000020472","protein_coding"
"13383","ENSMUSG00000032691","protein_coding"
"13384","ENSMUSG00000059610","protein_coding"
"13385","ENSMUSG00000048919","protein_coding"
"13386","ENSMUSG00000044061","protein_coding"
"13387","ENSMUSG00000005417","protein_coding"
"13388","ENSMUSG00000043648","protein_coding"
"13389","ENSMUSG00000032633","protein_coding"
"13390","ENSMUSG00000019373","protein_coding"
"13391","ENSMUSG00000032615","protein_coding"
"13392","ENSMUSG00000061650","protein_coding"
"13393","ENSMUSG00000049892","protein_coding"
"13394","ENSMUSG00000000301","protein_coding"
"13395","ENSMUSG00000062115","protein_coding"
"13396","ENSMUSG00000020538","protein_coding"
"13397","ENSMUSG00000000538","protein_coding"
"13398","ENSMUSG00000056598","protein_coding"
"13399","ENSMUSG00000042709","protein_coding"
"13400","ENSMUSG00000018415","protein_coding"
"13401","ENSMUSG00000020537","protein_coding"
"13402","ENSMUSG00000042678","protein_coding"
"13403","ENSMUSG00000042650","protein_coding"
"13404","ENSMUSG00000020536","protein_coding"
"13405","ENSMUSG00000002812","protein_coding"
"13406","ENSMUSG00000018599","protein_coding"
"13407","ENSMUSG00000002814","protein_coding"
"13408","ENSMUSG00000049323","protein_coding"
"13409","ENSMUSG00000020534","protein_coding"
"13410","ENSMUSG00000042569","protein_coding"
"13411","ENSMUSG00000043284","protein_coding"
"13412","ENSMUSG00000018931","protein_coding"
"13413","ENSMUSG00000018932","protein_coding"
"13414","ENSMUSG00000042529","protein_coding"
"13415","ENSMUSG00000010142","protein_coding"
"13416","ENSMUSG00000042506","protein_coding"
"13417","ENSMUSG00000019102","protein_coding"
"13418","ENSMUSG00000010025","protein_coding"
"13419","ENSMUSG00000069855","protein_coding"
"13420","ENSMUSG00000010122","protein_coding"
"13421","ENSMUSG00000010086","protein_coding"
"13422","ENSMUSG00000042436","protein_coding"
"13423","ENSMUSG00000001034","protein_coding"
"13424","ENSMUSG00000001039","protein_coding"
"13425","ENSMUSG00000001036","protein_coding"
"13426","ENSMUSG00000004837","protein_coding"
"13427","ENSMUSG00000042371","protein_coding"
"13428","ENSMUSG00000042377","protein_coding"
"13429","ENSMUSG00000020528","protein_coding"
"13430","ENSMUSG00000004798","protein_coding"
"13431","ENSMUSG00000047804","protein_coding"
"13432","ENSMUSG00000042331","protein_coding"
"13433","ENSMUSG00000018500","protein_coding"
"13434","ENSMUSG00000014243","protein_coding"
"13435","ENSMUSG00000042298","protein_coding"
"13436","ENSMUSG00000018501","protein_coding"
"13437","ENSMUSG00000014245","protein_coding"
"13438","ENSMUSG00000018509","protein_coding"
"13439","ENSMUSG00000019505","protein_coding"
"13440","ENSMUSG00000018507","protein_coding"
"13441","ENSMUSG00000046417","protein_coding"
"13442","ENSMUSG00000048497","protein_coding"
"13443","ENSMUSG00000005267","protein_coding"
"13444","ENSMUSG00000047342","protein_coding"
"13445","ENSMUSG00000047821","protein_coding"
"13446","ENSMUSG00000090173","protein_coding"
"13447","ENSMUSG00000014177","protein_coding"
"13448","ENSMUSG00000042200","protein_coding"
"13449","ENSMUSG00000042189","protein_coding"
"13450","ENSMUSG00000018217","protein_coding"
"13451","ENSMUSG00000070407","protein_coding"
"13452","ENSMUSG00000042148","protein_coding"
"13453","ENSMUSG00000047759","protein_coding"
"13454","ENSMUSG00000020549","protein_coding"
"13455","ENSMUSG00000033389","protein_coding"
"13456","ENSMUSG00000020542","protein_coding"
"13457","ENSMUSG00000033352","protein_coding"
"13458","ENSMUSG00000018347","protein_coding"
"13459","ENSMUSG00000056752","protein_coding"
"13460","ENSMUSG00000053930","protein_coding"
"13461","ENSMUSG00000048070","protein_coding"
"13462","ENSMUSG00000085683","protein_coding"
"13463","ENSMUSG00000050270","protein_coding"
"13464","ENSMUSG00000020910","protein_coding"
"13465","ENSMUSG00000069844","protein_coding"
"13466","ENSMUSG00000020908","protein_coding"
"13467","ENSMUSG00000033196","protein_coding"
"13468","ENSMUSG00000056328","protein_coding"
"13469","ENSMUSG00000057003","protein_coding"
"13470","ENSMUSG00000055775","protein_coding"
"13471","ENSMUSG00000060180","protein_coding"
"13472","ENSMUSG00000033066","protein_coding"
"13473","ENSMUSG00000049928","protein_coding"
"13474","ENSMUSG00000020907","protein_coding"
"13475","ENSMUSG00000097886","protein_coding"
"13476","ENSMUSG00000033044","protein_coding"
"13477","ENSMUSG00000020905","protein_coding"
"13478","ENSMUSG00000020904","protein_coding"
"13479","ENSMUSG00000020903","protein_coding"
"13480","ENSMUSG00000020902","protein_coding"
"13481","ENSMUSG00000020901","protein_coding"
"13482","ENSMUSG00000046207","protein_coding"
"13483","ENSMUSG00000048329","protein_coding"
"13484","ENSMUSG00000045915","protein_coding"
"13485","ENSMUSG00000020900","protein_coding"
"13486","ENSMUSG00000018736","protein_coding"
"13487","ENSMUSG00000046490","protein_coding"
"13488","ENSMUSG00000060938","protein_coding"
"13489","ENSMUSG00000032921","protein_coding"
"13490","ENSMUSG00000052921","protein_coding"
"13491","ENSMUSG00000018740","protein_coding"
"13492","ENSMUSG00000032892","protein_coding"
"13493","ENSMUSG00000020899","protein_coding"
"13494","ENSMUSG00000020898","protein_coding"
"13495","ENSMUSG00000020897","protein_coding"
"13496","ENSMUSG00000045176","protein_coding"
"13497","ENSMUSG00000020895","protein_coding"
"13498","ENSMUSG00000020894","protein_coding"
"13499","ENSMUSG00000020893","protein_coding"
"13500","ENSMUSG00000023781","protein_coding"
"13501","ENSMUSG00000020892","protein_coding"
"13502","ENSMUSG00000032807","protein_coding"
"13503","ENSMUSG00000020891","protein_coding"
"13504","ENSMUSG00000020890","protein_coding"
"13505","ENSMUSG00000032782","protein_coding"
"13506","ENSMUSG00000049299","protein_coding"
"13507","ENSMUSG00000018470","protein_coding"
"13508","ENSMUSG00000043419","protein_coding"
"13509","ENSMUSG00000018474","protein_coding"
"13510","ENSMUSG00000044795","protein_coding"
"13511","ENSMUSG00000059278","protein_coding"
"13512","ENSMUSG00000045377","protein_coding"
"13513","ENSMUSG00000018476","protein_coding"
"13514","ENSMUSG00000005237","protein_coding"
"13515","ENSMUSG00000003934","protein_coding"
"13516","ENSMUSG00000041346","protein_coding"
"13517","ENSMUSG00000059552","protein_coding"
"13518","ENSMUSG00000041329","protein_coding"
"13519","ENSMUSG00000005202","protein_coding"
"13520","ENSMUSG00000069835","protein_coding"
"13521","ENSMUSG00000018765","protein_coding"
"13522","ENSMUSG00000041287","protein_coding"
"13523","ENSMUSG00000018761","protein_coding"
"13524","ENSMUSG00000018774","protein_coding"
"13525","ENSMUSG00000059796","protein_coding"
"13526","ENSMUSG00000005204","protein_coding"
"13527","ENSMUSG00000018752","protein_coding"
"13528","ENSMUSG00000089669","protein_coding"
"13529","ENSMUSG00000097328","protein_coding"
"13530","ENSMUSG00000005198","protein_coding"
"13531","ENSMUSG00000018776","protein_coding"
"13532","ENSMUSG00000018750","protein_coding"
"13533","ENSMUSG00000041189","protein_coding"
"13534","ENSMUSG00000042826","protein_coding"
"13535","ENSMUSG00000089876","protein_coding"
"13536","ENSMUSG00000109737","protein_coding"
"13537","ENSMUSG00000044084","protein_coding"
"13538","ENSMUSG00000041165","protein_coding"
"13539","ENSMUSG00000051790","protein_coding"
"13540","ENSMUSG00000070394","protein_coding"
"13541","ENSMUSG00000019461","protein_coding"
"13542","ENSMUSG00000001583","protein_coding"
"13543","ENSMUSG00000094845","protein_coding"
"13544","ENSMUSG00000046731","protein_coding"
"13545","ENSMUSG00000001588","protein_coding"
"13546","ENSMUSG00000018570","protein_coding"
"13547","ENSMUSG00000047284","protein_coding"
"13548","ENSMUSG00000023170","protein_coding"
"13549","ENSMUSG00000078812","protein_coding"
"13550","ENSMUSG00000018554","protein_coding"
"13551","ENSMUSG00000018566","protein_coding"
"13552","ENSMUSG00000018569","protein_coding"
"13553","ENSMUSG00000018565","protein_coding"
"13554","ENSMUSG00000018559","protein_coding"
"13555","ENSMUSG00000018567","protein_coding"
"13556","ENSMUSG00000018572","protein_coding"
"13557","ENSMUSG00000020888","protein_coding"
"13558","ENSMUSG00000018574","protein_coding"
"13559","ENSMUSG00000020886","protein_coding"
"13560","ENSMUSG00000020884","protein_coding"
"13561","ENSMUSG00000040963","protein_coding"
"13562","ENSMUSG00000040950","protein_coding"
"13563","ENSMUSG00000000318","protein_coding"
"13564","ENSMUSG00000040938","protein_coding"
"13565","ENSMUSG00000044367","protein_coding"
"13566","ENSMUSG00000000317","protein_coding"
"13567","ENSMUSG00000020831","protein_coding"
"13568","ENSMUSG00000040904","protein_coding"
"13569","ENSMUSG00000093989","protein_coding"
"13570","ENSMUSG00000000320","protein_coding"
"13571","ENSMUSG00000018907","protein_coding"
"13572","ENSMUSG00000018924","protein_coding"
"13573","ENSMUSG00000018921","protein_coding"
"13574","ENSMUSG00000060216","protein_coding"
"13575","ENSMUSG00000018923","protein_coding"
"13576","ENSMUSG00000018920","protein_coding"
"13577","ENSMUSG00000040829","protein_coding"
"13578","ENSMUSG00000018919","protein_coding"
"13579","ENSMUSG00000020830","protein_coding"
"13580","ENSMUSG00000046811","protein_coding"
"13581","ENSMUSG00000018286","protein_coding"
"13582","ENSMUSG00000109833","protein_coding"
"13583","ENSMUSG00000020828","protein_coding"
"13584","ENSMUSG00000020827","protein_coding"
"13585","ENSMUSG00000014609","protein_coding"
"13586","ENSMUSG00000087279","protein_coding"
"13587","ENSMUSG00000050675","protein_coding"
"13588","ENSMUSG00000014606","protein_coding"
"13589","ENSMUSG00000040746","protein_coding"
"13590","ENSMUSG00000018293","protein_coding"
"13591","ENSMUSG00000060600","protein_coding"
"13592","ENSMUSG00000018287","protein_coding"
"13593","ENSMUSG00000040712","protein_coding"
"13594","ENSMUSG00000057054","protein_coding"
"13595","ENSMUSG00000020821","protein_coding"
"13596","ENSMUSG00000043602","protein_coding"
"13597","ENSMUSG00000057135","protein_coding"
"13598","ENSMUSG00000020817","protein_coding"
"13599","ENSMUSG00000040667","protein_coding"
"13600","ENSMUSG00000018449","protein_coding"
"13601","ENSMUSG00000018446","protein_coding"
"13602","ENSMUSG00000040620","protein_coding"
"13603","ENSMUSG00000018442","protein_coding"
"13604","ENSMUSG00000040599","protein_coding"
"13605","ENSMUSG00000018451","protein_coding"
"13606","ENSMUSG00000069830","protein_coding"
"13607","ENSMUSG00000070390","protein_coding"
"13608","ENSMUSG00000020811","protein_coding"
"13609","ENSMUSG00000040554","protein_coding"
"13610","ENSMUSG00000020808","protein_coding"
"13611","ENSMUSG00000040543","protein_coding"
"13612","ENSMUSG00000020807","protein_coding"
"13613","ENSMUSG00000107877","protein_coding"
"13614","ENSMUSG00000020803","protein_coding"
"13615","ENSMUSG00000020801","protein_coding"
"13616","ENSMUSG00000053574","protein_coding"
"13617","ENSMUSG00000020805","protein_coding"
"13618","ENSMUSG00000040483","protein_coding"
"13619","ENSMUSG00000070388","protein_coding"
"13620","ENSMUSG00000020799","protein_coding"
"13621","ENSMUSG00000045667","protein_coding"
"13622","ENSMUSG00000040471","protein_coding"
"13623","ENSMUSG00000040463","protein_coding"
"13624","ENSMUSG00000040447","protein_coding"
"13625","ENSMUSG00000020798","protein_coding"
"13626","ENSMUSG00000020794","protein_coding"
"13627","ENSMUSG00000020790","protein_coding"
"13628","ENSMUSG00000057778","protein_coding"
"13629","ENSMUSG00000055670","protein_coding"
"13630","ENSMUSG00000020788","protein_coding"
"13631","ENSMUSG00000020787","protein_coding"
"13632","ENSMUSG00000020785","protein_coding"
"13633","ENSMUSG00000020783","protein_coding"
"13634","ENSMUSG00000005947","protein_coding"
"13635","ENSMUSG00000050107","protein_coding"
"13636","ENSMUSG00000005950","protein_coding"
"13637","ENSMUSG00000047260","protein_coding"
"13638","ENSMUSG00000040158","protein_coding"
"13639","ENSMUSG00000005949","protein_coding"
"13640","ENSMUSG00000005951","protein_coding"
"13641","ENSMUSG00000005952","protein_coding"
"13642","ENSMUSG00000043029","protein_coding"
"13643","ENSMUSG00000020774","protein_coding"
"13644","ENSMUSG00000112920","protein_coding"
"13645","ENSMUSG00000069825","protein_coding"
"13646","ENSMUSG00000062128","protein_coding"
"13647","ENSMUSG00000063881","protein_coding"
"13648","ENSMUSG00000069824","protein_coding"
"13649","ENSMUSG00000069823","protein_coding"
"13650","ENSMUSG00000055971","protein_coding"
"13651","ENSMUSG00000084387","protein_coding"
"13652","ENSMUSG00000072709","protein_coding"
"13653","ENSMUSG00000072708","protein_coding"
"13654","ENSMUSG00000095312","protein_coding"
"13655","ENSMUSG00000095095","protein_coding"
"13656","ENSMUSG00000060335","protein_coding"
"13657","ENSMUSG00000061246","protein_coding"
"13658","ENSMUSG00000060630","protein_coding"
"13659","ENSMUSG00000080781","protein_coding"
"13660","ENSMUSG00000070383","protein_coding"
"13661","ENSMUSG00000069818","protein_coding"
"13662","ENSMUSG00000070382","protein_coding"
"13663","ENSMUSG00000061984","protein_coding"
"13664","ENSMUSG00000094488","protein_coding"
"13665","ENSMUSG00000056921","protein_coding"
"13666","ENSMUSG00000062186","protein_coding"
"13667","ENSMUSG00000108605","protein_coding"
"13668","ENSMUSG00000069816","protein_coding"
"13669","ENSMUSG00000079875","protein_coding"
"13670","ENSMUSG00000057050","protein_coding"
"13671","ENSMUSG00000049041","protein_coding"
"13672","ENSMUSG00000047444","protein_coding"
"13673","ENSMUSG00000043692","protein_coding"
"13674","ENSMUSG00000069476","protein_coding"
"13675","ENSMUSG00000070380","protein_coding"
"13676","ENSMUSG00000070379","protein_coding"
"13677","ENSMUSG00000070378","protein_coding"
"13678","ENSMUSG00000070377","protein_coding"
"13679","ENSMUSG00000083188","protein_coding"
"13680","ENSMUSG00000070375","protein_coding"
"13681","ENSMUSG00000070374","protein_coding"
"13682","ENSMUSG00000083886","protein_coding"
"13683","ENSMUSG00000063116","protein_coding"
"13684","ENSMUSG00000054406","protein_coding"
"13685","ENSMUSG00000058275","protein_coding"
"13686","ENSMUSG00000038807","protein_coding"
"13687","ENSMUSG00000069814","protein_coding"
"13688","ENSMUSG00000020741","protein_coding"
"13689","ENSMUSG00000020745","protein_coding"
"13690","ENSMUSG00000010554","protein_coding"
"13691","ENSMUSG00000000282","protein_coding"
"13692","ENSMUSG00000038351","protein_coding"
"13693","ENSMUSG00000038335","protein_coding"
"13694","ENSMUSG00000001323","protein_coding"
"13695","ENSMUSG00000038290","protein_coding"
"13696","ENSMUSG00000043099","protein_coding"
"13697","ENSMUSG00000038268","protein_coding"
"13698","ENSMUSG00000078789","protein_coding"
"13699","ENSMUSG00000045287","protein_coding"
"13700","ENSMUSG00000000751","protein_coding"
"13701","ENSMUSG00000018809","protein_coding"
"13702","ENSMUSG00000000753","protein_coding"
"13703","ENSMUSG00000038224","protein_coding"
"13704","ENSMUSG00000045374","protein_coding"
"13705","ENSMUSG00000038217","protein_coding"
"13706","ENSMUSG00000020850","protein_coding"
"13707","ENSMUSG00000038195","protein_coding"
"13708","ENSMUSG00000038188","protein_coding"
"13709","ENSMUSG00000038178","protein_coding"
"13710","ENSMUSG00000017781","protein_coding"
"13711","ENSMUSG00000006127","protein_coding"
"13712","ENSMUSG00000017774","protein_coding"
"13713","ENSMUSG00000017776","protein_coding"
"13714","ENSMUSG00000020849","protein_coding"
"13715","ENSMUSG00000020848","protein_coding"
"13716","ENSMUSG00000020847","protein_coding"
"13717","ENSMUSG00000053783","protein_coding"
"13718","ENSMUSG00000020846","protein_coding"
"13719","ENSMUSG00000017288","protein_coding"
"13720","ENSMUSG00000017286","protein_coding"
"13721","ENSMUSG00000069808","protein_coding"
"13722","ENSMUSG00000049396","protein_coding"
"13723","ENSMUSG00000038057","protein_coding"
"13724","ENSMUSG00000038046","protein_coding"
"13725","ENSMUSG00000020844","protein_coding"
"13726","ENSMUSG00000020843","protein_coding"
"13727","ENSMUSG00000017631","protein_coding"
"13728","ENSMUSG00000044243","protein_coding"
"13729","ENSMUSG00000046275","protein_coding"
"13730","ENSMUSG00000010392","protein_coding"
"13731","ENSMUSG00000020841","protein_coding"
"13732","ENSMUSG00000020839","protein_coding"
"13733","ENSMUSG00000020840","protein_coding"
"13734","ENSMUSG00000020838","protein_coding"
"13735","ENSMUSG00000037958","protein_coding"
"13736","ENSMUSG00000050944","protein_coding"
"13737","ENSMUSG00000037926","protein_coding"
"13738","ENSMUSG00000020836","protein_coding"
"13739","ENSMUSG00000037907","protein_coding"
"13740","ENSMUSG00000011877","protein_coding"
"13741","ENSMUSG00000044328","protein_coding"
"13742","ENSMUSG00000000686","protein_coding"
"13743","ENSMUSG00000017291","protein_coding"
"13744","ENSMUSG00000037857","protein_coding"
"13745","ENSMUSG00000000724","protein_coding"
"13746","ENSMUSG00000000631","protein_coding"
"13747","ENSMUSG00000069804","protein_coding"
"13748","ENSMUSG00000017453","protein_coding"
"13749","ENSMUSG00000000632","protein_coding"
"13750","ENSMUSG00000037791","protein_coding"
"13751","ENSMUSG00000020834","protein_coding"
"13752","ENSMUSG00000061981","protein_coding"
"13753","ENSMUSG00000020832","protein_coding"
"13754","ENSMUSG00000037750","protein_coding"
"13755","ENSMUSG00000017386","protein_coding"
"13756","ENSMUSG00000017405","protein_coding"
"13757","ENSMUSG00000019437","protein_coding"
"13758","ENSMUSG00000058546","protein_coding"
"13759","ENSMUSG00000002059","protein_coding"
"13760","ENSMUSG00000044122","protein_coding"
"13761","ENSMUSG00000002052","protein_coding"
"13762","ENSMUSG00000002064","protein_coding"
"13763","ENSMUSG00000010277","protein_coding"
"13764","ENSMUSG00000037593","protein_coding"
"13765","ENSMUSG00000002055","protein_coding"
"13766","ENSMUSG00000017390","protein_coding"
"13767","ENSMUSG00000041958","protein_coding"
"13768","ENSMUSG00000002058","protein_coding"
"13769","ENSMUSG00000002057","protein_coding"
"13770","ENSMUSG00000001095","protein_coding"
"13771","ENSMUSG00000020829","protein_coding"
"13772","ENSMUSG00000050132","protein_coding"
"13773","ENSMUSG00000017344","protein_coding"
"13774","ENSMUSG00000001103","protein_coding"
"13775","ENSMUSG00000051232","protein_coding"
"13776","ENSMUSG00000001100","protein_coding"
"13777","ENSMUSG00000017615","protein_coding"
"13778","ENSMUSG00000001105","protein_coding"
"13779","ENSMUSG00000037278","protein_coding"
"13780","ENSMUSG00000017376","protein_coding"
"13781","ENSMUSG00000049489","protein_coding"
"13782","ENSMUSG00000072640","protein_coding"
"13783","ENSMUSG00000020826","protein_coding"
"13784","ENSMUSG00000001123","protein_coding"
"13785","ENSMUSG00000018334","protein_coding"
"13786","ENSMUSG00000017677","protein_coding"
"13787","ENSMUSG00000020716","protein_coding"
"13788","ENSMUSG00000049612","protein_coding"
"13789","ENSMUSG00000070354","protein_coding"
"13790","ENSMUSG00000093938","protein_coding"
"13791","ENSMUSG00000078771","protein_coding"
"13792","ENSMUSG00000017639","protein_coding"
"13793","ENSMUSG00000035575","protein_coding"
"13794","ENSMUSG00000017548","protein_coding"
"13795","ENSMUSG00000017561","protein_coding"
"13796","ENSMUSG00000017550","protein_coding"
"13797","ENSMUSG00000046909","protein_coding"
"13798","ENSMUSG00000020709","protein_coding"
"13799","ENSMUSG00000020707","protein_coding"
"13800","ENSMUSG00000017686","protein_coding"
"13801","ENSMUSG00000017692","protein_coding"
"13802","ENSMUSG00000057181","protein_coding"
"13803","ENSMUSG00000017421","protein_coding"
"13804","ENSMUSG00000017428","protein_coding"
"13805","ENSMUSG00000048895","protein_coding"
"13806","ENSMUSG00000035441","protein_coding"
"13807","ENSMUSG00000035413","protein_coding"
"13808","ENSMUSG00000053184","protein_coding"
"13809","ENSMUSG00000020704","protein_coding"
"13810","ENSMUSG00000035385","protein_coding"
"13811","ENSMUSG00000035373","protein_coding"
"13812","ENSMUSG00000020676","protein_coding"
"13813","ENSMUSG00000035352","protein_coding"
"13814","ENSMUSG00000009185","protein_coding"
"13815","ENSMUSG00000020702","protein_coding"
"13816","ENSMUSG00000020701","protein_coding"
"13817","ENSMUSG00000020698","protein_coding"
"13818","ENSMUSG00000046010","protein_coding"
"13819","ENSMUSG00000020697","protein_coding"
"13820","ENSMUSG00000020696","protein_coding"
"13821","ENSMUSG00000018841","protein_coding"
"13822","ENSMUSG00000018844","protein_coding"
"13823","ENSMUSG00000020692","protein_coding"
"13824","ENSMUSG00000018845","protein_coding"
"13825","ENSMUSG00000054404","protein_coding"
"13826","ENSMUSG00000069793","protein_coding"
"13827","ENSMUSG00000035208","protein_coding"
"13828","ENSMUSG00000072620","protein_coding"
"13829","ENSMUSG00000078763","protein_coding"
"13830","ENSMUSG00000000204","protein_coding"
"13831","ENSMUSG00000018986","protein_coding"
"13832","ENSMUSG00000082101","protein_coding"
"13833","ENSMUSG00000018733","protein_coding"
"13834","ENSMUSG00000035152","protein_coding"
"13835","ENSMUSG00000020684","protein_coding"
"13836","ENSMUSG00000020686","protein_coding"
"13837","ENSMUSG00000035085","protein_coding"
"13838","ENSMUSG00000020682","protein_coding"
"13839","ENSMUSG00000020680","protein_coding"
"13840","ENSMUSG00000018925","protein_coding"
"13841","ENSMUSG00000035042","protein_coding"
"13842","ENSMUSG00000019122","protein_coding"
"13843","ENSMUSG00000018927","protein_coding"
"13844","ENSMUSG00000000982","protein_coding"
"13845","ENSMUSG00000018930","protein_coding"
"13846","ENSMUSG00000069792","protein_coding"
"13847","ENSMUSG00000000983","protein_coding"
"13848","ENSMUSG00000051748","protein_coding"
"13849","ENSMUSG00000000976","protein_coding"
"13850","ENSMUSG00000020679","protein_coding"
"13851","ENSMUSG00000020677","protein_coding"
"13852","ENSMUSG00000034940","protein_coding"
"13853","ENSMUSG00000018648","protein_coding"
"13854","ENSMUSG00000018651","protein_coding"
"13855","ENSMUSG00000020532","protein_coding"
"13856","ENSMUSG00000051452","protein_coding"
"13857","ENSMUSG00000018697","protein_coding"
"13858","ENSMUSG00000018698","protein_coding"
"13859","ENSMUSG00000018405","protein_coding"
"13860","ENSMUSG00000034449","protein_coding"
"13861","ENSMUSG00000020530","protein_coding"
"13862","ENSMUSG00000045140","protein_coding"
"13863","ENSMUSG00000020527","protein_coding"
"13864","ENSMUSG00000020526","protein_coding"
"13865","ENSMUSG00000000805","protein_coding"
"13866","ENSMUSG00000000804","protein_coding"
"13867","ENSMUSG00000018479","protein_coding"
"13868","ENSMUSG00000018481","protein_coding"
"13869","ENSMUSG00000020525","protein_coding"
"13870","ENSMUSG00000059439","protein_coding"
"13871","ENSMUSG00000000093","protein_coding"
"13872","ENSMUSG00000000094","protein_coding"
"13873","ENSMUSG00000034329","protein_coding"
"13874","ENSMUSG00000018068","protein_coding"
"13875","ENSMUSG00000034297","protein_coding"
"13876","ENSMUSG00000020521","protein_coding"
"13877","ENSMUSG00000020516","protein_coding"
"13878","ENSMUSG00000020513","protein_coding"
"13879","ENSMUSG00000018171","protein_coding"
"13880","ENSMUSG00000072582","protein_coding"
"13881","ENSMUSG00000047126","protein_coding"
"13882","ENSMUSG00000018425","protein_coding"
"13883","ENSMUSG00000018427","protein_coding"
"13884","ENSMUSG00000061666","protein_coding"
"13885","ENSMUSG00000020495","protein_coding"
"13886","ENSMUSG00000020493","protein_coding"
"13887","ENSMUSG00000020492","protein_coding"
"13888","ENSMUSG00000018548","protein_coding"
"13889","ENSMUSG00000046442","protein_coding"
"13890","ENSMUSG00000007646","protein_coding"
"13891","ENSMUSG00000010342","protein_coding"
"13892","ENSMUSG00000020486","protein_coding"
"13893","ENSMUSG00000018401","protein_coding"
"13894","ENSMUSG00000070345","protein_coding"
"13895","ENSMUSG00000034177","protein_coding"
"13896","ENSMUSG00000020485","protein_coding"
"13897","ENSMUSG00000034156","protein_coding"
"13898","ENSMUSG00000009350","protein_coding"
"13899","ENSMUSG00000009356","protein_coding"
"13900","ENSMUSG00000034121","protein_coding"
"13901","ENSMUSG00000052234","protein_coding"
"13902","ENSMUSG00000093839","protein_coding"
"13903","ENSMUSG00000093920","protein_coding"
"13904","ENSMUSG00000060787","protein_coding"
"13905","ENSMUSG00000020483","protein_coding"
"13906","ENSMUSG00000018379","protein_coding"
"13907","ENSMUSG00000018377","protein_coding"
"13908","ENSMUSG00000018378","protein_coding"
"13909","ENSMUSG00000023723","protein_coding"
"13910","ENSMUSG00000034031","protein_coding"
"13911","ENSMUSG00000069769","protein_coding"
"13912","ENSMUSG00000018428","protein_coding"
"13913","ENSMUSG00000000278","protein_coding"
"13914","ENSMUSG00000057534","protein_coding"
"13915","ENSMUSG00000033983","protein_coding"
"13916","ENSMUSG00000000275","protein_coding"
"13917","ENSMUSG00000000276","protein_coding"
"13918","ENSMUSG00000072553","protein_coding"
"13919","ENSMUSG00000048616","protein_coding"
"13920","ENSMUSG00000047773","protein_coding"
"13921","ENSMUSG00000020553","protein_coding"
"13922","ENSMUSG00000069763","protein_coding"
"13923","ENSMUSG00000110344","protein_coding"
"13924","ENSMUSG00000003948","protein_coding"
"13925","ENSMUSG00000003949","protein_coding"
"13926","ENSMUSG00000020546","protein_coding"
"13927","ENSMUSG00000020544","protein_coding"
"13928","ENSMUSG00000020541","protein_coding"
"13929","ENSMUSG00000046755","protein_coding"
"13930","ENSMUSG00000056158","protein_coding"
"13931","ENSMUSG00000054079","protein_coding"
"13932","ENSMUSG00000059474","protein_coding"
"13933","ENSMUSG00000020857","protein_coding"
"13934","ENSMUSG00000091228","protein_coding"
"13935","ENSMUSG00000037601","protein_coding"
"13936","ENSMUSG00000020859","protein_coding"
"13937","ENSMUSG00000037573","protein_coding"
"13938","ENSMUSG00000044177","protein_coding"
"13939","ENSMUSG00000094091","protein_coding"
"13940","ENSMUSG00000020863","protein_coding"
"13941","ENSMUSG00000020864","protein_coding"
"13942","ENSMUSG00000020865","protein_coding"
"13943","ENSMUSG00000020866","protein_coding"
"13944","ENSMUSG00000020867","protein_coding"
"13945","ENSMUSG00000010080","protein_coding"
"13946","ENSMUSG00000039110","protein_coding"
"13947","ENSMUSG00000039096","protein_coding"
"13948","ENSMUSG00000076435","protein_coding"
"13949","ENSMUSG00000039084","protein_coding"
"13950","ENSMUSG00000020869","protein_coding"
"13951","ENSMUSG00000039055","protein_coding"
"13952","ENSMUSG00000024414","protein_coding"
"13953","ENSMUSG00000020868","protein_coding"
"13954","ENSMUSG00000020870","protein_coding"
"13955","ENSMUSG00000075610","protein_coding"
"13956","ENSMUSG00000001506","protein_coding"
"13957","ENSMUSG00000001508","protein_coding"
"13958","ENSMUSG00000038994","protein_coding"
"13959","ENSMUSG00000038976","protein_coding"
"13960","ENSMUSG00000047181","protein_coding"
"13961","ENSMUSG00000038967","protein_coding"
"13962","ENSMUSG00000001507","protein_coding"
"13963","ENSMUSG00000001510","protein_coding"
"13964","ENSMUSG00000020871","protein_coding"
"13965","ENSMUSG00000020872","protein_coding"
"13966","ENSMUSG00000038909","protein_coding"
"13967","ENSMUSG00000038893","protein_coding"
"13968","ENSMUSG00000020873","protein_coding"
"13969","ENSMUSG00000057522","protein_coding"
"13970","ENSMUSG00000046719","protein_coding"
"13971","ENSMUSG00000000120","protein_coding"
"13972","ENSMUSG00000038845","protein_coding"
"13973","ENSMUSG00000075595","protein_coding"
"13974","ENSMUSG00000050860","protein_coding"
"13975","ENSMUSG00000018381","protein_coding"
"13976","ENSMUSG00000038811","protein_coding"
"13977","ENSMUSG00000013418","protein_coding"
"13978","ENSMUSG00000013415","protein_coding"
"13979","ENSMUSG00000014351","protein_coding"
"13980","ENSMUSG00000006058","protein_coding"
"13981","ENSMUSG00000014349","protein_coding"
"13982","ENSMUSG00000006057","protein_coding"
"13983","ENSMUSG00000006056","protein_coding"
"13984","ENSMUSG00000038756","protein_coding"
"13985","ENSMUSG00000049604","protein_coding"
"13986","ENSMUSG00000020875","protein_coding"
"13987","ENSMUSG00000056648","protein_coding"
"13988","ENSMUSG00000038721","protein_coding"
"13989","ENSMUSG00000000690","protein_coding"
"13990","ENSMUSG00000038700","protein_coding"
"13991","ENSMUSG00000038692","protein_coding"
"13992","ENSMUSG00000048763","protein_coding"
"13993","ENSMUSG00000075588","protein_coding"
"13994","ENSMUSG00000018973","protein_coding"
"13995","ENSMUSG00000057058","protein_coding"
"13996","ENSMUSG00000020876","protein_coding"
"13997","ENSMUSG00000018666","protein_coding"
"13998","ENSMUSG00000038615","protein_coding"
"13999","ENSMUSG00000018672","protein_coding"
"14000","ENSMUSG00000018669","protein_coding"
"14001","ENSMUSG00000047040","protein_coding"
"14002","ENSMUSG00000018659","protein_coding"
"14003","ENSMUSG00000018678","protein_coding"
"14004","ENSMUSG00000038560","protein_coding"
"14005","ENSMUSG00000020877","protein_coding"
"14006","ENSMUSG00000020878","protein_coding"
"14007","ENSMUSG00000001445","protein_coding"
"14008","ENSMUSG00000038534","protein_coding"
"14009","ENSMUSG00000001444","protein_coding"
"14010","ENSMUSG00000038517","protein_coding"
"14011","ENSMUSG00000001440","protein_coding"
"14012","ENSMUSG00000001441","protein_coding"
"14013","ENSMUSG00000018882","protein_coding"
"14014","ENSMUSG00000070337","protein_coding"
"14015","ENSMUSG00000038485","protein_coding"
"14016","ENSMUSG00000049807","protein_coding"
"14017","ENSMUSG00000038453","protein_coding"
"14018","ENSMUSG00000043439","protein_coding"
"14019","ENSMUSG00000038437","protein_coding"
"14020","ENSMUSG00000078695","protein_coding"
"14021","ENSMUSG00000018537","protein_coding"
"14022","ENSMUSG00000069744","protein_coding"
"14023","ENSMUSG00000018547","protein_coding"
"14024","ENSMUSG00000018541","protein_coding"
"14025","ENSMUSG00000018543","protein_coding"
"14026","ENSMUSG00000071415","protein_coding"
"14027","ENSMUSG00000038366","protein_coding"
"14028","ENSMUSG00000050538","protein_coding"
"14029","ENSMUSG00000070336","protein_coding"
"14030","ENSMUSG00000017417","protein_coding"
"14031","ENSMUSG00000038352","protein_coding"
"14032","ENSMUSG00000020882","protein_coding"
"14033","ENSMUSG00000017404","protein_coding"
"14034","ENSMUSG00000017400","protein_coding"
"14035","ENSMUSG00000020883","protein_coding"
"14036","ENSMUSG00000018160","protein_coding"
"14037","ENSMUSG00000003119","protein_coding"
"14038","ENSMUSG00000038255","protein_coding"
"14039","ENSMUSG00000061718","protein_coding"
"14040","ENSMUSG00000018167","protein_coding"
"14041","ENSMUSG00000007877","protein_coding"
"14042","ENSMUSG00000038216","protein_coding"
"14043","ENSMUSG00000038208","protein_coding"
"14044","ENSMUSG00000062312","protein_coding"
"14045","ENSMUSG00000002580","protein_coding"
"14046","ENSMUSG00000019312","protein_coding"
"14047","ENSMUSG00000018168","protein_coding"
"14048","ENSMUSG00000017195","protein_coding"
"14049","ENSMUSG00000038150","protein_coding"
"14050","ENSMUSG00000086545","protein_coding"
"14051","ENSMUSG00000064224","protein_coding"
"14052","ENSMUSG00000017211","protein_coding"
"14053","ENSMUSG00000017204","protein_coding"
"14054","ENSMUSG00000017221","protein_coding"
"14055","ENSMUSG00000038067","protein_coding"
"14056","ENSMUSG00000017210","protein_coding"
"14057","ENSMUSG00000058756","protein_coding"
"14058","ENSMUSG00000020889","protein_coding"
"14059","ENSMUSG00000052915","protein_coding"
"14060","ENSMUSG00000078676","protein_coding"
"14061","ENSMUSG00000038020","protein_coding"
"14062","ENSMUSG00000038013","protein_coding"
"14063","ENSMUSG00000017499","protein_coding"
"14064","ENSMUSG00000037992","protein_coding"
"14065","ENSMUSG00000047197","protein_coding"
"14066","ENSMUSG00000020914","protein_coding"
"14067","ENSMUSG00000017493","protein_coding"
"14068","ENSMUSG00000017607","protein_coding"
"14069","ENSMUSG00000037944","protein_coding"
"14070","ENSMUSG00000037935","protein_coding"
"14071","ENSMUSG00000035849","protein_coding"
"14072","ENSMUSG00000020913","protein_coding"
"14073","ENSMUSG00000035831","protein_coding"
"14074","ENSMUSG00000075570","protein_coding"
"14075","ENSMUSG00000017588","protein_coding"
"14076","ENSMUSG00000055937","protein_coding"
"14077","ENSMUSG00000019761","protein_coding"
"14078","ENSMUSG00000020912","protein_coding"
"14079","ENSMUSG00000035775","protein_coding"
"14080","ENSMUSG00000006777","protein_coding"
"14081","ENSMUSG00000064165","protein_coding"
"14082","ENSMUSG00000059169","protein_coding"
"14083","ENSMUSG00000069722","protein_coding"
"14084","ENSMUSG00000069721","protein_coding"
"14085","ENSMUSG00000078132","protein_coding"
"14086","ENSMUSG00000047564","protein_coding"
"14087","ENSMUSG00000047253","protein_coding"
"14088","ENSMUSG00000075567","protein_coding"
"14089","ENSMUSG00000078131","protein_coding"
"14090","ENSMUSG00000049809","protein_coding"
"14091","ENSMUSG00000057674","protein_coding"
"14092","ENSMUSG00000058725","protein_coding"
"14093","ENSMUSG00000060756","protein_coding"
"14094","ENSMUSG00000062278","protein_coding"
"14095","ENSMUSG00000063251","protein_coding"
"14096","ENSMUSG00000044649","protein_coding"
"14097","ENSMUSG00000045109","protein_coding"
"14098","ENSMUSG00000078130","protein_coding"
"14099","ENSMUSG00000069718","protein_coding"
"14100","ENSMUSG00000075566","protein_coding"
"14101","ENSMUSG00000078276","protein_coding"
"14102","ENSMUSG00000078269","protein_coding"
"14103","ENSMUSG00000078668","protein_coding"
"14104","ENSMUSG00000089724","protein_coding"
"14105","ENSMUSG00000078262","protein_coding"
"14106","ENSMUSG00000078261","protein_coding"
"14107","ENSMUSG00000078260","protein_coding"
"14108","ENSMUSG00000078259","protein_coding"
"14109","ENSMUSG00000048294","protein_coding"
"14110","ENSMUSG00000078258","protein_coding"
"14111","ENSMUSG00000078257","protein_coding"
"14112","ENSMUSG00000046474","protein_coding"
"14113","ENSMUSG00000069717","protein_coding"
"14114","ENSMUSG00000090225","protein_coding"
"14115","ENSMUSG00000070335","protein_coding"
"14116","ENSMUSG00000059845","protein_coding"
"14117","ENSMUSG00000070334","protein_coding"
"14118","ENSMUSG00000078256","protein_coding"
"14119","ENSMUSG00000051481","protein_coding"
"14120","ENSMUSG00000078255","protein_coding"
"14121","ENSMUSG00000078254","protein_coding"
"14122","ENSMUSG00000078253","protein_coding"
"14123","ENSMUSG00000078252","protein_coding"
"14124","ENSMUSG00000035592","protein_coding"
"14125","ENSMUSG00000057723","protein_coding"
"14126","ENSMUSG00000043485","protein_coding"
"14127","ENSMUSG00000048981","protein_coding"
"14128","ENSMUSG00000046095","protein_coding"
"14129","ENSMUSG00000048013","protein_coding"
"14130","ENSMUSG00000020916","protein_coding"
"14131","ENSMUSG00000044041","protein_coding"
"14132","ENSMUSG00000054146","protein_coding"
"14133","ENSMUSG00000020911","protein_coding"
"14134","ENSMUSG00000051617","protein_coding"
"14135","ENSMUSG00000045545","protein_coding"
"14136","ENSMUSG00000053797","protein_coding"
"14137","ENSMUSG00000035557","protein_coding"
"14138","ENSMUSG00000053654","protein_coding"
"14139","ENSMUSG00000035530","protein_coding"
"14140","ENSMUSG00000017165","protein_coding"
"14141","ENSMUSG00000006930","protein_coding"
"14142","ENSMUSG00000001552","protein_coding"
"14143","ENSMUSG00000006931","protein_coding"
"14144","ENSMUSG00000001555","protein_coding"
"14145","ENSMUSG00000017176","protein_coding"
"14146","ENSMUSG00000001558","protein_coding"
"14147","ENSMUSG00000048732","protein_coding"
"14148","ENSMUSG00000020917","protein_coding"
"14149","ENSMUSG00000006784","protein_coding"
"14150","ENSMUSG00000006782","protein_coding"
"14151","ENSMUSG00000014195","protein_coding"
"14152","ENSMUSG00000017837","protein_coding"
"14153","ENSMUSG00000014198","protein_coding"
"14154","ENSMUSG00000017830","protein_coding"
"14155","ENSMUSG00000020918","protein_coding"
"14156","ENSMUSG00000017832","protein_coding"
"14157","ENSMUSG00000019173","protein_coding"
"14158","ENSMUSG00000035355","protein_coding"
"14159","ENSMUSG00000045471","protein_coding"
"14160","ENSMUSG00000017747","protein_coding"
"14161","ENSMUSG00000020919","protein_coding"
"14162","ENSMUSG00000004043","protein_coding"
"14163","ENSMUSG00000004040","protein_coding"
"14164","ENSMUSG00000004044","protein_coding"
"14165","ENSMUSG00000019302","protein_coding"
"14166","ENSMUSG00000001751","protein_coding"
"14167","ENSMUSG00000019301","protein_coding"
"14168","ENSMUSG00000001755","protein_coding"
"14169","ENSMUSG00000017801","protein_coding"
"14170","ENSMUSG00000019303","protein_coding"
"14171","ENSMUSG00000017802","protein_coding"
"14172","ENSMUSG00000035198","protein_coding"
"14173","ENSMUSG00000045007","protein_coding"
"14174","ENSMUSG00000035172","protein_coding"
"14175","ENSMUSG00000017167","protein_coding"
"14176","ENSMUSG00000044052","protein_coding"
"14177","ENSMUSG00000006920","protein_coding"
"14178","ENSMUSG00000001240","protein_coding"
"14179","ENSMUSG00000078656","protein_coding"
"14180","ENSMUSG00000035112","protein_coding"
"14181","ENSMUSG00000017188","protein_coding"
"14182","ENSMUSG00000078653","protein_coding"
"14183","ENSMUSG00000035086","protein_coding"
"14184","ENSMUSG00000078652","protein_coding"
"14185","ENSMUSG00000078651","protein_coding"
"14186","ENSMUSG00000019326","protein_coding"
"14187","ENSMUSG00000078650","protein_coding"
"14188","ENSMUSG00000097239","protein_coding"
"14189","ENSMUSG00000075528","protein_coding"
"14190","ENSMUSG00000097487","protein_coding"
"14191","ENSMUSG00000035007","protein_coding"
"14192","ENSMUSG00000063316","protein_coding"
"14193","ENSMUSG00000010358","protein_coding"
"14194","ENSMUSG00000034993","protein_coding"
"14195","ENSMUSG00000001313","protein_coding"
"14196","ENSMUSG00000017146","protein_coding"
"14197","ENSMUSG00000017119","protein_coding"
"14198","ENSMUSG00000034947","protein_coding"
"14199","ENSMUSG00000085486","protein_coding"
"14200","ENSMUSG00000010362","protein_coding"
"14201","ENSMUSG00000034936","protein_coding"
"14202","ENSMUSG00000034931","protein_coding"
"14203","ENSMUSG00000017724","protein_coding"
"14204","ENSMUSG00000001493","protein_coding"
"14205","ENSMUSG00000001494","protein_coding"
"14206","ENSMUSG00000003518","protein_coding"
"14207","ENSMUSG00000010841","protein_coding"
"14208","ENSMUSG00000052373","protein_coding"
"14209","ENSMUSG00000017309","protein_coding"
"14210","ENSMUSG00000017314","protein_coding"
"14211","ENSMUSG00000017316","protein_coding"
"14212","ENSMUSG00000017311","protein_coding"
"14213","ENSMUSG00000048217","protein_coding"
"14214","ENSMUSG00000020921","protein_coding"
"14215","ENSMUSG00000020922","protein_coding"
"14216","ENSMUSG00000034793","protein_coding"
"14217","ENSMUSG00000008855","protein_coding"
"14218","ENSMUSG00000034773","protein_coding"
"14219","ENSMUSG00000034768","protein_coding"
"14220","ENSMUSG00000034757","protein_coding"
"14221","ENSMUSG00000059995","protein_coding"
"14222","ENSMUSG00000020923","protein_coding"
"14223","ENSMUSG00000006574","protein_coding"
"14224","ENSMUSG00000006575","protein_coding"
"14225","ENSMUSG00000018677","protein_coding"
"14226","ENSMUSG00000034708","protein_coding"
"14227","ENSMUSG00000034685","protein_coding"
"14228","ENSMUSG00000034664","protein_coding"
"14229","ENSMUSG00000034621","protein_coding"
"14230","ENSMUSG00000050288","protein_coding"
"14231","ENSMUSG00000051455","protein_coding"
"14232","ENSMUSG00000020925","protein_coding"
"14233","ENSMUSG00000020926","protein_coding"
"14234","ENSMUSG00000034520","protein_coding"
"14235","ENSMUSG00000020928","protein_coding"
"14236","ENSMUSG00000020929","protein_coding"
"14237","ENSMUSG00000020930","protein_coding"
"14238","ENSMUSG00000075510","protein_coding"
"14239","ENSMUSG00000020932","protein_coding"
"14240","ENSMUSG00000051378","protein_coding"
"14241","ENSMUSG00000045532","protein_coding"
"14242","ENSMUSG00000020935","protein_coding"
"14243","ENSMUSG00000020936","protein_coding"
"14244","ENSMUSG00000020937","protein_coding"
"14245","ENSMUSG00000056938","protein_coding"
"14246","ENSMUSG00000048878","protein_coding"
"14247","ENSMUSG00000043372","protein_coding"
"14248","ENSMUSG00000055805","protein_coding"
"14249","ENSMUSG00000020940","protein_coding"
"14250","ENSMUSG00000044787","protein_coding"
"14251","ENSMUSG00000020941","protein_coding"
"14252","ENSMUSG00000034255","protein_coding"
"14253","ENSMUSG00000034247","protein_coding"
"14254","ENSMUSG00000078632","protein_coding"
"14255","ENSMUSG00000034239","protein_coding"
"14256","ENSMUSG00000020945","protein_coding"
"14257","ENSMUSG00000046215","protein_coding"
"14258","ENSMUSG00000020946","protein_coding"
"14259","ENSMUSG00000018486","protein_coding"
"14260","ENSMUSG00000000125","protein_coding"
"14261","ENSMUSG00000034187","protein_coding"
"14262","ENSMUSG00000062421","protein_coding"
"14263","ENSMUSG00000018634","protein_coding"
"14264","ENSMUSG00000049506","protein_coding"
"14265","ENSMUSG00000018411","protein_coding"
"14266","ENSMUSG00000018412","protein_coding"
"14267","ENSMUSG00000020687","protein_coding"
"14268","ENSMUSG00000061086","protein_coding"
"14269","ENSMUSG00000020689","protein_coding"
"14270","ENSMUSG00000040838","protein_coding"
"14271","ENSMUSG00000020690","protein_coding"
"14272","ENSMUSG00000020691","protein_coding"
"14273","ENSMUSG00000020694","protein_coding"
"14274","ENSMUSG00000020695","protein_coding"
"14275","ENSMUSG00000078627","protein_coding"
"14276","ENSMUSG00000053580","protein_coding"
"14277","ENSMUSG00000019590","protein_coding"
"14278","ENSMUSG00000020681","protein_coding"
"14279","ENSMUSG00000101605","protein_coding"
"14280","ENSMUSG00000001901","protein_coding"
"14281","ENSMUSG00000049354","protein_coding"
"14282","ENSMUSG00000001983","protein_coding"
"14283","ENSMUSG00000020700","protein_coding"
"14284","ENSMUSG00000040699","protein_coding"
"14285","ENSMUSG00000069631","protein_coding"
"14286","ENSMUSG00000078622","protein_coding"
"14287","ENSMUSG00000020705","protein_coding"
"14288","ENSMUSG00000020706","protein_coding"
"14289","ENSMUSG00000020708","protein_coding"
"14290","ENSMUSG00000078619","protein_coding"
"14291","ENSMUSG00000020712","protein_coding"
"14292","ENSMUSG00000020713","protein_coding"
"14293","ENSMUSG00000040592","protein_coding"
"14294","ENSMUSG00000001027","protein_coding"
"14295","ENSMUSG00000009210","protein_coding"
"14296","ENSMUSG00000001029","protein_coding"
"14297","ENSMUSG00000020715","protein_coding"
"14298","ENSMUSG00000040548","protein_coding"
"14299","ENSMUSG00000020717","protein_coding"
"14300","ENSMUSG00000040528","protein_coding"
"14301","ENSMUSG00000020718","protein_coding"
"14302","ENSMUSG00000020719","protein_coding"
"14303","ENSMUSG00000018372","protein_coding"
"14304","ENSMUSG00000018363","protein_coding"
"14305","ENSMUSG00000018362","protein_coding"
"14306","ENSMUSG00000078607","protein_coding"
"14307","ENSMUSG00000040481","protein_coding"
"14308","ENSMUSG00000018433","protein_coding"
"14309","ENSMUSG00000040430","protein_coding"
"14310","ENSMUSG00000020720","protein_coding"
"14311","ENSMUSG00000020721","protein_coding"
"14312","ENSMUSG00000020722","protein_coding"
"14313","ENSMUSG00000020723","protein_coding"
"14314","ENSMUSG00000040373","protein_coding"
"14315","ENSMUSG00000050965","protein_coding"
"14316","ENSMUSG00000000049","protein_coding"
"14317","ENSMUSG00000020728","protein_coding"
"14318","ENSMUSG00000000142","protein_coding"
"14319","ENSMUSG00000078605","protein_coding"
"14320","ENSMUSG00000020599","protein_coding"
"14321","ENSMUSG00000020611","protein_coding"
"14322","ENSMUSG00000045065","protein_coding"
"14323","ENSMUSG00000020610","protein_coding"
"14324","ENSMUSG00000041920","protein_coding"
"14325","ENSMUSG00000020604","protein_coding"
"14326","ENSMUSG00000041895","protein_coding"
"14327","ENSMUSG00000020612","protein_coding"
"14328","ENSMUSG00000020614","protein_coding"
"14329","ENSMUSG00000020617","protein_coding"
"14330","ENSMUSG00000020620","protein_coding"
"14331","ENSMUSG00000041828","protein_coding"
"14332","ENSMUSG00000041797","protein_coding"
"14333","ENSMUSG00000044749","protein_coding"
"14334","ENSMUSG00000018800","protein_coding"
"14335","ENSMUSG00000020623","protein_coding"
"14336","ENSMUSG00000051497","protein_coding"
"14337","ENSMUSG00000041695","protein_coding"
"14338","ENSMUSG00000000567","protein_coding"
"14339","ENSMUSG00000041654","protein_coding"
"14340","ENSMUSG00000047904","protein_coding"
"14341","ENSMUSG00000018661","protein_coding"
"14342","ENSMUSG00000041629","protein_coding"
"14343","ENSMUSG00000041623","protein_coding"
"14344","ENSMUSG00000018727","protein_coding"
"14345","ENSMUSG00000041598","protein_coding"
"14346","ENSMUSG00000041592","protein_coding"
"14347","ENSMUSG00000057322","protein_coding"
"14348","ENSMUSG00000034714","protein_coding"
"14349","ENSMUSG00000034706","protein_coding"
"14350","ENSMUSG00000010021","protein_coding"
"14351","ENSMUSG00000000202","protein_coding"
"14352","ENSMUSG00000034677","protein_coding"
"14353","ENSMUSG00000051043","protein_coding"
"14354","ENSMUSG00000034652","protein_coding"
"14355","ENSMUSG00000063193","protein_coding"
"14356","ENSMUSG00000058728","protein_coding"
"14357","ENSMUSG00000034641","protein_coding"
"14358","ENSMUSG00000044811","protein_coding"
"14359","ENSMUSG00000089753","protein_coding"
"14360","ENSMUSG00000069609","protein_coding"
"14361","ENSMUSG00000089722","protein_coding"
"14362","ENSMUSG00000069607","protein_coding"
"14363","ENSMUSG00000048498","protein_coding"
"14364","ENSMUSG00000020732","protein_coding"
"14365","ENSMUSG00000047798","protein_coding"
"14366","ENSMUSG00000020733","protein_coding"
"14367","ENSMUSG00000015542","protein_coding"
"14368","ENSMUSG00000045980","protein_coding"
"14369","ENSMUSG00000020734","protein_coding"
"14370","ENSMUSG00000018861","protein_coding"
"14371","ENSMUSG00000044788","protein_coding"
"14372","ENSMUSG00000050201","protein_coding"
"14373","ENSMUSG00000045288","protein_coding"
"14374","ENSMUSG00000018862","protein_coding"
"14375","ENSMUSG00000034586","protein_coding"
"14376","ENSMUSG00000050910","protein_coding"
"14377","ENSMUSG00000018858","protein_coding"
"14378","ENSMUSG00000034566","protein_coding"
"14379","ENSMUSG00000016940","protein_coding"
"14380","ENSMUSG00000070332","protein_coding"
"14381","ENSMUSG00000045775","protein_coding"
"14382","ENSMUSG00000057219","protein_coding"
"14383","ENSMUSG00000020736","protein_coding"
"14384","ENSMUSG00000020737","protein_coding"
"14385","ENSMUSG00000020738","protein_coding"
"14386","ENSMUSG00000020739","protein_coding"
"14387","ENSMUSG00000020740","protein_coding"
"14388","ENSMUSG00000046756","protein_coding"
"14389","ENSMUSG00000020743","protein_coding"
"14390","ENSMUSG00000020744","protein_coding"
"14391","ENSMUSG00000059923","protein_coding"
"14392","ENSMUSG00000020747","protein_coding"
"14393","ENSMUSG00000034471","protein_coding"
"14394","ENSMUSG00000020781","protein_coding"
"14395","ENSMUSG00000020782","protein_coding"
"14396","ENSMUSG00000034427","protein_coding"
"14397","ENSMUSG00000020752","protein_coding"
"14398","ENSMUSG00000048442","protein_coding"
"14399","ENSMUSG00000075420","protein_coding"
"14400","ENSMUSG00000020755","protein_coding"
"14401","ENSMUSG00000020758","protein_coding"
"14402","ENSMUSG00000020766","protein_coding"
"14403","ENSMUSG00000016559","protein_coding"
"14404","ENSMUSG00000020770","protein_coding"
"14405","ENSMUSG00000057948","protein_coding"
"14406","ENSMUSG00000034341","protein_coding"
"14407","ENSMUSG00000020773","protein_coding"
"14408","ENSMUSG00000054517","protein_coding"
"14409","ENSMUSG00000020775","protein_coding"
"14410","ENSMUSG00000020776","protein_coding"
"14411","ENSMUSG00000020777","protein_coding"
"14412","ENSMUSG00000020778","protein_coding"
"14413","ENSMUSG00000092300","protein_coding"
"14414","ENSMUSG00000034282","protein_coding"
"14415","ENSMUSG00000020780","protein_coding"
"14416","ENSMUSG00000020793","protein_coding"
"14417","ENSMUSG00000020792","protein_coding"
"14418","ENSMUSG00000034227","protein_coding"
"14419","ENSMUSG00000052949","protein_coding"
"14420","ENSMUSG00000050628","protein_coding"
"14421","ENSMUSG00000070331","protein_coding"
"14422","ENSMUSG00000015869","protein_coding"
"14423","ENSMUSG00000061878","protein_coding"
"14424","ENSMUSG00000020802","protein_coding"
"14425","ENSMUSG00000020804","protein_coding"
"14426","ENSMUSG00000020806","protein_coding"
"14427","ENSMUSG00000020810","protein_coding"
"14428","ENSMUSG00000075410","protein_coding"
"14429","ENSMUSG00000057286","protein_coding"
"14430","ENSMUSG00000110170","protein_coding"
"14431","ENSMUSG00000009588","protein_coding"
"14432","ENSMUSG00000020814","protein_coding"
"14433","ENSMUSG00000056962","protein_coding"
"14434","ENSMUSG00000090266","protein_coding"
"14435","ENSMUSG00000034120","protein_coding"
"14436","ENSMUSG00000020818","protein_coding"
"14437","ENSMUSG00000043857","protein_coding"
"14438","ENSMUSG00000020823","protein_coding"
"14439","ENSMUSG00000059248","protein_coding"
"14440","ENSMUSG00000025571","protein_coding"
"14441","ENSMUSG00000025572","protein_coding"
"14442","ENSMUSG00000050106","protein_coding"
"14443","ENSMUSG00000025573","protein_coding"
"14444","ENSMUSG00000048277","protein_coding"
"14445","ENSMUSG00000093485","protein_coding"
"14446","ENSMUSG00000025574","protein_coding"
"14447","ENSMUSG00000017718","protein_coding"
"14448","ENSMUSG00000017716","protein_coding"
"14449","ENSMUSG00000070330","protein_coding"
"14450","ENSMUSG00000017713","protein_coding"
"14451","ENSMUSG00000053113","protein_coding"
"14452","ENSMUSG00000017715","protein_coding"
"14453","ENSMUSG00000033987","protein_coding"
"14454","ENSMUSG00000017132","protein_coding"
"14455","ENSMUSG00000033909","protein_coding"
"14456","ENSMUSG00000017466","protein_coding"
"14457","ENSMUSG00000076433","protein_coding"
"14458","ENSMUSG00000033880","protein_coding"
"14459","ENSMUSG00000025575","protein_coding"
"14460","ENSMUSG00000017446","protein_coding"
"14461","ENSMUSG00000033857","protein_coding"
"14462","ENSMUSG00000025576","protein_coding"
"14463","ENSMUSG00000046697","protein_coding"
"14464","ENSMUSG00000025577","protein_coding"
"14465","ENSMUSG00000025578","protein_coding"
"14466","ENSMUSG00000039989","protein_coding"
"14467","ENSMUSG00000039976","protein_coding"
"14468","ENSMUSG00000039963","protein_coding"
"14469","ENSMUSG00000025579","protein_coding"
"14470","ENSMUSG00000025580","protein_coding"
"14471","ENSMUSG00000013483","protein_coding"
"14472","ENSMUSG00000005043","protein_coding"
"14473","ENSMUSG00000039908","protein_coding"
"14474","ENSMUSG00000070327","protein_coding"
"14475","ENSMUSG00000039850","protein_coding"
"14476","ENSMUSG00000025582","protein_coding"
"14477","ENSMUSG00000025583","protein_coding"
"14478","ENSMUSG00000121577","protein_coding"
"14479","ENSMUSG00000025371","protein_coding"
"14480","ENSMUSG00000025372","protein_coding"
"14481","ENSMUSG00000025375","protein_coding"
"14482","ENSMUSG00000039781","protein_coding"
"14483","ENSMUSG00000025377","protein_coding"
"14484","ENSMUSG00000078572","protein_coding"
"14485","ENSMUSG00000061306","protein_coding"
"14486","ENSMUSG00000039741","protein_coding"
"14487","ENSMUSG00000062825","protein_coding"
"14488","ENSMUSG00000025380","protein_coding"
"14489","ENSMUSG00000025384","protein_coding"
"14490","ENSMUSG00000039703","protein_coding"
"14491","ENSMUSG00000039691","protein_coding"
"14492","ENSMUSG00000025386","protein_coding"
"14493","ENSMUSG00000039670","protein_coding"
"14494","ENSMUSG00000049957","protein_coding"
"14495","ENSMUSG00000057594","protein_coding"
"14496","ENSMUSG00000025793","protein_coding"
"14497","ENSMUSG00000039640","protein_coding"
"14498","ENSMUSG00000025792","protein_coding"
"14499","ENSMUSG00000025127","protein_coding"
"14500","ENSMUSG00000061111","protein_coding"
"14501","ENSMUSG00000025129","protein_coding"
"14502","ENSMUSG00000025130","protein_coding"
"14503","ENSMUSG00000025132","protein_coding"
"14504","ENSMUSG00000025134","protein_coding"
"14505","ENSMUSG00000025135","protein_coding"
"14506","ENSMUSG00000044034","protein_coding"
"14507","ENSMUSG00000025137","protein_coding"
"14508","ENSMUSG00000025138","protein_coding"
"14509","ENSMUSG00000051510","protein_coding"
"14510","ENSMUSG00000025140","protein_coding"
"14511","ENSMUSG00000025141","protein_coding"
"14512","ENSMUSG00000042988","protein_coding"
"14513","ENSMUSG00000025142","protein_coding"
"14514","ENSMUSG00000025144","protein_coding"
"14515","ENSMUSG00000025145","protein_coding"
"14516","ENSMUSG00000018012","protein_coding"
"14517","ENSMUSG00000039450","protein_coding"
"14518","ENSMUSG00000025150","protein_coding"
"14519","ENSMUSG00000078249","protein_coding"
"14520","ENSMUSG00000025158","protein_coding"
"14521","ENSMUSG00000025156","protein_coding"
"14522","ENSMUSG00000025155","protein_coding"
"14523","ENSMUSG00000025153","protein_coding"
"14524","ENSMUSG00000048445","protein_coding"
"14525","ENSMUSG00000025161","protein_coding"
"14526","ENSMUSG00000025162","protein_coding"
"14527","ENSMUSG00000025163","protein_coding"
"14528","ENSMUSG00000039364","protein_coding"
"14529","ENSMUSG00000025165","protein_coding"
"14530","ENSMUSG00000039337","protein_coding"
"14531","ENSMUSG00000039329","protein_coding"
"14532","ENSMUSG00000039321","protein_coding"
"14533","ENSMUSG00000025169","protein_coding"
"14534","ENSMUSG00000039307","protein_coding"
"14535","ENSMUSG00000039294","protein_coding"
"14536","ENSMUSG00000000056","protein_coding"
"14537","ENSMUSG00000039275","protein_coding"
"14538","ENSMUSG00000025173","protein_coding"
"14539","ENSMUSG00000025170","protein_coding"
"14540","ENSMUSG00000039253","protein_coding"
"14541","ENSMUSG00000025175","protein_coding"
"14542","ENSMUSG00000039230","protein_coding"
"14543","ENSMUSG00000039238","protein_coding"
"14544","ENSMUSG00000046605","protein_coding"
"14545","ENSMUSG00000039208","protein_coding"
"14546","ENSMUSG00000039198","protein_coding"
"14547","ENSMUSG00000020671","protein_coding"
"14548","ENSMUSG00000020668","protein_coding"
"14549","ENSMUSG00000037486","protein_coding"
"14550","ENSMUSG00000071454","protein_coding"
"14551","ENSMUSG00000020661","protein_coding"
"14552","ENSMUSG00000020660","protein_coding"
"14553","ENSMUSG00000020658","protein_coding"
"14554","ENSMUSG00000020657","protein_coding"
"14555","ENSMUSG00000020654","protein_coding"
"14556","ENSMUSG00000020652","protein_coding"
"14557","ENSMUSG00000096199","protein_coding"
"14558","ENSMUSG00000020647","protein_coding"
"14559","ENSMUSG00000020640","protein_coding"
"14560","ENSMUSG00000079177","protein_coding"
"14561","ENSMUSG00000050545","protein_coding"
"14562","ENSMUSG00000020639","protein_coding"
"14563","ENSMUSG00000037361","protein_coding"
"14564","ENSMUSG00000020635","protein_coding"
"14565","ENSMUSG00000051721","protein_coding"
"14566","ENSMUSG00000037336","protein_coding"
"14567","ENSMUSG00000020634","protein_coding"
"14568","ENSMUSG00000052812","protein_coding"
"14569","ENSMUSG00000020627","protein_coding"
"14570","ENSMUSG00000020609","protein_coding"
"14571","ENSMUSG00000037669","protein_coding"
"14572","ENSMUSG00000037660","protein_coding"
"14573","ENSMUSG00000020605","protein_coding"
"14574","ENSMUSG00000054364","protein_coding"
"14575","ENSMUSG00000020600","protein_coding"
"14576","ENSMUSG00000020594","protein_coding"
"14577","ENSMUSG00000020592","protein_coding"
"14578","ENSMUSG00000020585","protein_coding"
"14579","ENSMUSG00000020583","protein_coding"
"14580","ENSMUSG00000066643","protein_coding"
"14581","ENSMUSG00000066637","protein_coding"
"14582","ENSMUSG00000048387","protein_coding"
"14583","ENSMUSG00000020622","protein_coding"
"14584","ENSMUSG00000020621","protein_coding"
"14585","ENSMUSG00000043673","protein_coding"
"14586","ENSMUSG00000047002","protein_coding"
"14587","ENSMUSG00000051235","protein_coding"
"14588","ENSMUSG00000020608","protein_coding"
"14589","ENSMUSG00000054459","protein_coding"
"14590","ENSMUSG00000086022","protein_coding"
"14591","ENSMUSG00000020589","protein_coding"
"14592","ENSMUSG00000037169","protein_coding"
"14593","ENSMUSG00000037149","protein_coding"
"14594","ENSMUSG00000020576","protein_coding"
"14595","ENSMUSG00000020607","protein_coding"
"14596","ENSMUSG00000020601","protein_coding"
"14597","ENSMUSG00000020593","protein_coding"
"14598","ENSMUSG00000020591","protein_coding"
"14599","ENSMUSG00000036523","protein_coding"
"14600","ENSMUSG00000057469","protein_coding"
"14601","ENSMUSG00000020580","protein_coding"
"14602","ENSMUSG00000045679","protein_coding"
"14603","ENSMUSG00000071398","protein_coding"
"14604","ENSMUSG00000051726","protein_coding"
"14605","ENSMUSG00000020571","protein_coding"
"14606","ENSMUSG00000020566","protein_coding"
"14607","ENSMUSG00000061458","protein_coding"
"14608","ENSMUSG00000011179","protein_coding"
"14609","ENSMUSG00000071379","protein_coding"
"14610","ENSMUSG00000073197","protein_coding"
"14611","ENSMUSG00000095470","protein_coding"
"14612","ENSMUSG00000052632","protein_coding"
"14613","ENSMUSG00000062352","protein_coding"
"14614","ENSMUSG00000054309","protein_coding"
"14615","ENSMUSG00000062054","protein_coding"
"14616","ENSMUSG00000052593","protein_coding"
"14617","ENSMUSG00000076432","protein_coding"
"14618","ENSMUSG00000073158","protein_coding"
"14619","ENSMUSG00000059669","protein_coding"
"14620","ENSMUSG00000020656","protein_coding"
"14621","ENSMUSG00000020653","protein_coding"
"14622","ENSMUSG00000062563","protein_coding"
"14623","ENSMUSG00000020649","protein_coding"
"14624","ENSMUSG00000020646","protein_coding"
"14625","ENSMUSG00000036333","protein_coding"
"14626","ENSMUSG00000020644","protein_coding"
"14627","ENSMUSG00000020642","protein_coding"
"14628","ENSMUSG00000020641","protein_coding"
"14629","ENSMUSG00000020638","protein_coding"
"14630","ENSMUSG00000063632","protein_coding"
"14631","ENSMUSG00000020633","protein_coding"
"14632","ENSMUSG00000020636","protein_coding"
"14633","ENSMUSG00000036655","protein_coding"
"14634","ENSMUSG00000061477","protein_coding"
"14635","ENSMUSG00000020630","protein_coding"
"14636","ENSMUSG00000020629","protein_coding"
"14637","ENSMUSG00000020628","protein_coding"
"14638","ENSMUSG00000036613","protein_coding"
"14639","ENSMUSG00000061911","protein_coding"
"14640","ENSMUSG00000020674","protein_coding"
"14641","ENSMUSG00000020673","protein_coding"
"14642","ENSMUSG00000020672","protein_coding"
"14643","ENSMUSG00000043061","protein_coding"
"14644","ENSMUSG00000054204","protein_coding"
"14645","ENSMUSG00000044573","protein_coding"
"14646","ENSMUSG00000020669","protein_coding"
"14647","ENSMUSG00000036136","protein_coding"
"14648","ENSMUSG00000112187","protein_coding"
"14649","ENSMUSG00000002900","protein_coding"
"14650","ENSMUSG00000020664","protein_coding"
"14651","ENSMUSG00000001225","protein_coding"
"14652","ENSMUSG00000020659","protein_coding"
"14653","ENSMUSG00000020651","protein_coding"
"14654","ENSMUSG00000020650","protein_coding"
"14655","ENSMUSG00000020648","protein_coding"
"14656","ENSMUSG00000035933","protein_coding"
"14657","ENSMUSG00000044067","protein_coding"
"14658","ENSMUSG00000002996","protein_coding"
"14659","ENSMUSG00000002997","protein_coding"
"14660","ENSMUSG00000020573","protein_coding"
"14661","ENSMUSG00000090946","protein_coding"
"14662","ENSMUSG00000020572","protein_coding"
"14663","ENSMUSG00000020570","protein_coding"
"14664","ENSMUSG00000035860","protein_coding"
"14665","ENSMUSG00000020564","protein_coding"
"14666","ENSMUSG00000020562","protein_coding"
"14667","ENSMUSG00000020561","protein_coding"
"14668","ENSMUSG00000046518","protein_coding"
"14669","ENSMUSG00000035799","protein_coding"
"14670","ENSMUSG00000004698","protein_coding"
"14671","ENSMUSG00000092305","protein_coding"
"14672","ENSMUSG00000020590","protein_coding"
"14673","ENSMUSG00000019256","protein_coding"
"14674","ENSMUSG00000036231","protein_coding"
"14675","ENSMUSG00000020581","protein_coding"
"14676","ENSMUSG00000020577","protein_coding"
"14677","ENSMUSG00000020547","protein_coding"
"14678","ENSMUSG00000036188","protein_coding"
"14679","ENSMUSG00000020545","protein_coding"
"14680","ENSMUSG00000036169","protein_coding"
"14681","ENSMUSG00000043153","protein_coding"
"14682","ENSMUSG00000036144","protein_coding"
"14683","ENSMUSG00000050103","protein_coding"
"14684","ENSMUSG00000036095","protein_coding"
"14685","ENSMUSG00000004151","protein_coding"
"14686","ENSMUSG00000047446","protein_coding"
"14687","ENSMUSG00000002565","protein_coding"
"14688","ENSMUSG00000071342","protein_coding"
"14689","ENSMUSG00000001627","protein_coding"
"14690","ENSMUSG00000055917","protein_coding"
"14691","ENSMUSG00000035954","protein_coding"
"14692","ENSMUSG00000056899","protein_coding"
"14693","ENSMUSG00000036295","protein_coding"
"14694","ENSMUSG00000014905","protein_coding"
"14695","ENSMUSG00000036257","protein_coding"
"14696","ENSMUSG00000020598","protein_coding"
"14697","ENSMUSG00000046314","protein_coding"
"14698","ENSMUSG00000021047","protein_coding"
"14699","ENSMUSG00000020950","protein_coding"
"14700","ENSMUSG00000089922","protein_coding"
"14701","ENSMUSG00000002688","protein_coding"
"14702","ENSMUSG00000035293","protein_coding"
"14703","ENSMUSG00000020952","protein_coding"
"14704","ENSMUSG00000020953","protein_coding"
"14705","ENSMUSG00000020954","protein_coding"
"14706","ENSMUSG00000020955","protein_coding"
"14707","ENSMUSG00000035247","protein_coding"
"14708","ENSMUSG00000035181","protein_coding"
"14709","ENSMUSG00000020956","protein_coding"
"14710","ENSMUSG00000035148","protein_coding"
"14711","ENSMUSG00000035142","protein_coding"
"14712","ENSMUSG00000035133","protein_coding"
"14713","ENSMUSG00000061603","protein_coding"
"14714","ENSMUSG00000021010","protein_coding"
"14715","ENSMUSG00000035105","protein_coding"
"14716","ENSMUSG00000044408","protein_coding"
"14717","ENSMUSG00000054302","protein_coding"
"14718","ENSMUSG00000005656","protein_coding"
"14719","ENSMUSG00000062929","protein_coding"
"14720","ENSMUSG00000035021","protein_coding"
"14721","ENSMUSG00000062198","protein_coding"
"14722","ENSMUSG00000073079","protein_coding"
"14723","ENSMUSG00000095595","protein_coding"
"14724","ENSMUSG00000112449","protein_coding"
"14725","ENSMUSG00000094103","protein_coding"
"14726","ENSMUSG00000079108","protein_coding"
"14727","ENSMUSG00000021022","protein_coding"
"14728","ENSMUSG00000021023","protein_coding"
"14729","ENSMUSG00000021024","protein_coding"
"14730","ENSMUSG00000021025","protein_coding"
"14731","ENSMUSG00000063129","protein_coding"
"14732","ENSMUSG00000045440","protein_coding"
"14733","ENSMUSG00000021027","protein_coding"
"14734","ENSMUSG00000012076","protein_coding"
"14735","ENSMUSG00000021028","protein_coding"
"14736","ENSMUSG00000001496","protein_coding"
"14737","ENSMUSG00000058669","protein_coding"
"14738","ENSMUSG00000001497","protein_coding"
"14739","ENSMUSG00000035472","protein_coding"
"14740","ENSMUSG00000079104","protein_coding"
"14741","ENSMUSG00000047022","protein_coding"
"14742","ENSMUSG00000035451","protein_coding"
"14743","ENSMUSG00000046782","protein_coding"
"14744","ENSMUSG00000035431","protein_coding"
"14745","ENSMUSG00000045930","protein_coding"
"14746","ENSMUSG00000020986","protein_coding"
"14747","ENSMUSG00000060121","protein_coding"
"14748","ENSMUSG00000020993","protein_coding"
"14749","ENSMUSG00000020994","protein_coding"
"14750","ENSMUSG00000021000","protein_coding"
"14751","ENSMUSG00000035329","protein_coding"
"14752","ENSMUSG00000035653","protein_coding"
"14753","ENSMUSG00000043060","protein_coding"
"14754","ENSMUSG00000047227","protein_coding"
"14755","ENSMUSG00000020948","protein_coding"
"14756","ENSMUSG00000035614","protein_coding"
"14757","ENSMUSG00000035597","protein_coding"
"14758","ENSMUSG00000020949","protein_coding"
"14759","ENSMUSG00000055884","protein_coding"
"14760","ENSMUSG00000047534","protein_coding"
"14761","ENSMUSG00000035560","protein_coding"
"14762","ENSMUSG00000060499","protein_coding"
"14763","ENSMUSG00000034912","protein_coding"
"14764","ENSMUSG00000034892","protein_coding"
"14765","ENSMUSG00000034883","protein_coding"
"14766","ENSMUSG00000049751","protein_coding"
"14767","ENSMUSG00000113149","protein_coding"
"14768","ENSMUSG00000043998","protein_coding"
"14769","ENSMUSG00000020973","protein_coding"
"14770","ENSMUSG00000113786","protein_coding"
"14771","ENSMUSG00000020974","protein_coding"
"14772","ENSMUSG00000051890","protein_coding"
"14773","ENSMUSG00000020978","protein_coding"
"14774","ENSMUSG00000020982","protein_coding"
"14775","ENSMUSG00000044147","protein_coding"
"14776","ENSMUSG00000049882","protein_coding"
"14777","ENSMUSG00000034801","protein_coding"
"14778","ENSMUSG00000020988","protein_coding"
"14779","ENSMUSG00000054894","protein_coding"
"14780","ENSMUSG00000020990","protein_coding"
"14781","ENSMUSG00000034761","protein_coding"
"14782","ENSMUSG00000021066","protein_coding"
"14783","ENSMUSG00000021067","protein_coding"
"14784","ENSMUSG00000021068","protein_coding"
"14785","ENSMUSG00000090121","protein_coding"
"14786","ENSMUSG00000021069","protein_coding"
"14787","ENSMUSG00000021071","protein_coding"
"14788","ENSMUSG00000021072","protein_coding"
"14789","ENSMUSG00000048285","protein_coding"
"14790","ENSMUSG00000021076","protein_coding"
"14791","ENSMUSG00000060073","protein_coding"
"14792","ENSMUSG00000048118","protein_coding"
"14793","ENSMUSG00000021078","protein_coding"
"14794","ENSMUSG00000021079","protein_coding"
"14795","ENSMUSG00000034601","protein_coding"
"14796","ENSMUSG00000044548","protein_coding"
"14797","ENSMUSG00000034574","protein_coding"
"14798","ENSMUSG00000043398","protein_coding"
"14799","ENSMUSG00000019718","protein_coding"
"14800","ENSMUSG00000005078","protein_coding"
"14801","ENSMUSG00000021086","protein_coding"
"14802","ENSMUSG00000021087","protein_coding"
"14803","ENSMUSG00000021090","protein_coding"
"14804","ENSMUSG00000034501","protein_coding"
"14805","ENSMUSG00000109482","protein_coding"
"14806","ENSMUSG00000021094","protein_coding"
"14807","ENSMUSG00000021096","protein_coding"
"14808","ENSMUSG00000021098","protein_coding"
"14809","ENSMUSG00000021099","protein_coding"
"14810","ENSMUSG00000051367","protein_coding"
"14811","ENSMUSG00000034460","protein_coding"
"14812","ENSMUSG00000021103","protein_coding"
"14813","ENSMUSG00000034442","protein_coding"
"14814","ENSMUSG00000044712","protein_coding"
"14815","ENSMUSG00000034435","protein_coding"
"14816","ENSMUSG00000021108","protein_coding"
"14817","ENSMUSG00000021109","protein_coding"
"14818","ENSMUSG00000021113","protein_coding"
"14819","ENSMUSG00000044912","protein_coding"
"14820","ENSMUSG00000034402","protein_coding"
"14821","ENSMUSG00000046768","protein_coding"
"14822","ENSMUSG00000048982","protein_coding"
"14823","ENSMUSG00000021051","protein_coding"
"14824","ENSMUSG00000045690","protein_coding"
"14825","ENSMUSG00000118552","protein_coding"
"14826","ENSMUSG00000021054","protein_coding"
"14827","ENSMUSG00000063450","protein_coding"
"14828","ENSMUSG00000021055","protein_coding"
"14829","ENSMUSG00000021056","protein_coding"
"14830","ENSMUSG00000021048","protein_coding"
"14831","ENSMUSG00000021057","protein_coding"
"14832","ENSMUSG00000056459","protein_coding"
"14833","ENSMUSG00000033454","protein_coding"
"14834","ENSMUSG00000059970","protein_coding"
"14835","ENSMUSG00000052221","protein_coding"
"14836","ENSMUSG00000052609","protein_coding"
"14837","ENSMUSG00000021061","protein_coding"
"14838","ENSMUSG00000090258","protein_coding"
"14839","ENSMUSG00000033373","protein_coding"
"14840","ENSMUSG00000042808","protein_coding"
"14841","ENSMUSG00000021062","protein_coding"
"14842","ENSMUSG00000059436","protein_coding"
"14843","ENSMUSG00000021065","protein_coding"
"14844","ENSMUSG00000099418","protein_coding"
"14845","ENSMUSG00000047454","protein_coding"
"14846","ENSMUSG00000056987","protein_coding"
"14847","ENSMUSG00000021112","protein_coding"
"14848","ENSMUSG00000021114","protein_coding"
"14849","ENSMUSG00000021116","protein_coding"
"14850","ENSMUSG00000021118","protein_coding"
"14851","ENSMUSG00000046157","protein_coding"
"14852","ENSMUSG00000060716","protein_coding"
"14853","ENSMUSG00000021120","protein_coding"
"14854","ENSMUSG00000021125","protein_coding"
"14855","ENSMUSG00000021124","protein_coding"
"14856","ENSMUSG00000066441","protein_coding"
"14857","ENSMUSG00000021123","protein_coding"
"14858","ENSMUSG00000066440","protein_coding"
"14859","ENSMUSG00000059060","protein_coding"
"14860","ENSMUSG00000021127","protein_coding"
"14861","ENSMUSG00000015143","protein_coding"
"14862","ENSMUSG00000049106","protein_coding"
"14863","ENSMUSG00000032705","protein_coding"
"14864","ENSMUSG00000021130","protein_coding"
"14865","ENSMUSG00000021131","protein_coding"
"14866","ENSMUSG00000048833","protein_coding"
"14867","ENSMUSG00000066438","protein_coding"
"14868","ENSMUSG00000062961","protein_coding"
"14869","ENSMUSG00000021133","protein_coding"
"14870","ENSMUSG00000021134","protein_coding"
"14871","ENSMUSG00000021135","protein_coding"
"14872","ENSMUSG00000021136","protein_coding"
"14873","ENSMUSG00000079055","protein_coding"
"14874","ENSMUSG00000021139","protein_coding"
"14875","ENSMUSG00000091803","protein_coding"
"14876","ENSMUSG00000072974","protein_coding"
"14877","ENSMUSG00000072972","protein_coding"
"14878","ENSMUSG00000090935","protein_coding"
"14879","ENSMUSG00000008438","protein_coding"
"14880","ENSMUSG00000002679","protein_coding"
"14881","ENSMUSG00000042734","protein_coding"
"14882","ENSMUSG00000042724","protein_coding"
"14883","ENSMUSG00000021140","protein_coding"
"14884","ENSMUSG00000042700","protein_coding"
"14885","ENSMUSG00000021219","protein_coding"
"14886","ENSMUSG00000021221","protein_coding"
"14887","ENSMUSG00000021222","protein_coding"
"14888","ENSMUSG00000042628","protein_coding"
"14889","ENSMUSG00000010608","protein_coding"
"14890","ENSMUSG00000019969","protein_coding"
"14891","ENSMUSG00000021223","protein_coding"
"14892","ENSMUSG00000021224","protein_coding"
"14893","ENSMUSG00000046791","protein_coding"
"14894","ENSMUSG00000090843","protein_coding"
"14895","ENSMUSG00000021226","protein_coding"
"14896","ENSMUSG00000072949","protein_coding"
"14897","ENSMUSG00000052392","protein_coding"
"14898","ENSMUSG00000113475","protein_coding"
"14899","ENSMUSG00000021228","protein_coding"
"14900","ENSMUSG00000042540","protein_coding"
"14901","ENSMUSG00000043487","protein_coding"
"14902","ENSMUSG00000042523","protein_coding"
"14903","ENSMUSG00000054383","protein_coding"
"14904","ENSMUSG00000042507","protein_coding"
"14905","ENSMUSG00000072946","protein_coding"
"14906","ENSMUSG00000042472","protein_coding"
"14907","ENSMUSG00000021234","protein_coding"
"14908","ENSMUSG00000021235","protein_coding"
"14909","ENSMUSG00000021236","protein_coding"
"14910","ENSMUSG00000057265","protein_coding"
"14911","ENSMUSG00000098134","protein_coding"
"14912","ENSMUSG00000021238","protein_coding"
"14913","ENSMUSG00000085793","protein_coding"
"14914","ENSMUSG00000021239","protein_coding"
"14915","ENSMUSG00000021240","protein_coding"
"14916","ENSMUSG00000071235","protein_coding"
"14917","ENSMUSG00000071234","protein_coding"
"14918","ENSMUSG00000021242","protein_coding"
"14919","ENSMUSG00000021241","protein_coding"
"14920","ENSMUSG00000002020","protein_coding"
"14921","ENSMUSG00000042350","protein_coding"
"14922","ENSMUSG00000021243","protein_coding"
"14923","ENSMUSG00000021244","protein_coding"
"14924","ENSMUSG00000042320","protein_coding"
"14925","ENSMUSG00000004789","protein_coding"
"14926","ENSMUSG00000019235","protein_coding"
"14927","ENSMUSG00000004791","protein_coding"
"14928","ENSMUSG00000004788","protein_coding"
"14929","ENSMUSG00000021245","protein_coding"
"14930","ENSMUSG00000008822","protein_coding"
"14931","ENSMUSG00000045064","protein_coding"
"14932","ENSMUSG00000034290","protein_coding"
"14933","ENSMUSG00000021248","protein_coding"
"14934","ENSMUSG00000021250","protein_coding"
"14935","ENSMUSG00000034271","protein_coding"
"14936","ENSMUSG00000034266","protein_coding"
"14937","ENSMUSG00000034258","protein_coding"
"14938","ENSMUSG00000021252","protein_coding"
"14939","ENSMUSG00000012609","protein_coding"
"14940","ENSMUSG00000021253","protein_coding"
"14941","ENSMUSG00000007867","protein_coding"
"14942","ENSMUSG00000021254","protein_coding"
"14943","ENSMUSG00000021255","protein_coding"
"14944","ENSMUSG00000021256","protein_coding"
"14945","ENSMUSG00000021257","protein_coding"
"14946","ENSMUSG00000059114","protein_coding"
"14947","ENSMUSG00000034168","protein_coding"
"14948","ENSMUSG00000034157","protein_coding"
"14949","ENSMUSG00000048483","protein_coding"
"14950","ENSMUSG00000034145","protein_coding"
"14951","ENSMUSG00000021032","protein_coding"
"14952","ENSMUSG00000034126","protein_coding"
"14953","ENSMUSG00000021033","protein_coding"
"14954","ENSMUSG00000034111","protein_coding"
"14955","ENSMUSG00000090812","protein_coding"
"14956","ENSMUSG00000072919","protein_coding"
"14957","ENSMUSG00000021038","protein_coding"
"14958","ENSMUSG00000021037","protein_coding"
"14959","ENSMUSG00000050671","protein_coding"
"14960","ENSMUSG00000021036","protein_coding"
"14961","ENSMUSG00000079036","protein_coding"
"14962","ENSMUSG00000021040","protein_coding"
"14963","ENSMUSG00000021039","protein_coding"
"14964","ENSMUSG00000113805","protein_coding"
"14965","ENSMUSG00000079034","protein_coding"
"14966","ENSMUSG00000096576","protein_coding"
"14967","ENSMUSG00000092019","protein_coding"
"14968","ENSMUSG00000113489","protein_coding"
"14969","ENSMUSG00000095724","protein_coding"
"14970","ENSMUSG00000113201","protein_coding"
"14971","ENSMUSG00000079031","protein_coding"
"14972","ENSMUSG00000113951","protein_coding"
"14973","ENSMUSG00000072905","protein_coding"
"14974","ENSMUSG00000113971","protein_coding"
"14975","ENSMUSG00000096619","protein_coding"
"14976","ENSMUSG00000096276","protein_coding"
"14977","ENSMUSG00000096049","protein_coding"
"14978","ENSMUSG00000096803","protein_coding"
"14979","ENSMUSG00000095717","protein_coding"
"14980","ENSMUSG00000114075","protein_coding"
"14981","ENSMUSG00000066027","protein_coding"
"14982","ENSMUSG00000095799","protein_coding"
"14983","ENSMUSG00000079029","protein_coding"
"14984","ENSMUSG00000093847","protein_coding"
"14985","ENSMUSG00000021044","protein_coding"
"14986","ENSMUSG00000066392","protein_coding"
"14987","ENSMUSG00000007682","protein_coding"
"14988","ENSMUSG00000061533","protein_coding"
"14989","ENSMUSG00000020963","protein_coding"
"14990","ENSMUSG00000020962","protein_coding"
"14991","ENSMUSG00000020961","protein_coding"
"14992","ENSMUSG00000020964","protein_coding"
"14993","ENSMUSG00000047414","protein_coding"
"14994","ENSMUSG00000021003","protein_coding"
"14995","ENSMUSG00000021886","protein_coding"
"14996","ENSMUSG00000033854","protein_coding"
"14997","ENSMUSG00000021007","protein_coding"
"14998","ENSMUSG00000021009","protein_coding"
"14999","ENSMUSG00000021012","protein_coding"
"15000","ENSMUSG00000051166","protein_coding"
"15001","ENSMUSG00000021013","protein_coding"
"15002","ENSMUSG00000033713","protein_coding"
"15003","ENSMUSG00000021176","protein_coding"
"15004","ENSMUSG00000021177","protein_coding"
"15005","ENSMUSG00000045404","protein_coding"
"15006","ENSMUSG00000021178","protein_coding"
"15007","ENSMUSG00000021179","protein_coding"
"15008","ENSMUSG00000001175","protein_coding"
"15009","ENSMUSG00000033530","protein_coding"
"15010","ENSMUSG00000021180","protein_coding"
"15011","ENSMUSG00000021185","protein_coding"
"15012","ENSMUSG00000047415","protein_coding"
"15013","ENSMUSG00000021182","protein_coding"
"15014","ENSMUSG00000041846","protein_coding"
"15015","ENSMUSG00000047014","protein_coding"
"15016","ENSMUSG00000021187","protein_coding"
"15017","ENSMUSG00000021186","protein_coding"
"15018","ENSMUSG00000021188","protein_coding"
"15019","ENSMUSG00000021189","protein_coding"
"15020","ENSMUSG00000113902","protein_coding"
"15021","ENSMUSG00000041781","protein_coding"
"15022","ENSMUSG00000041771","protein_coding"
"15023","ENSMUSG00000044456","protein_coding"
"15024","ENSMUSG00000021190","protein_coding"
"15025","ENSMUSG00000021192","protein_coding"
"15026","ENSMUSG00000021194","protein_coding"
"15027","ENSMUSG00000057963","protein_coding"
"15028","ENSMUSG00000098530","protein_coding"
"15029","ENSMUSG00000041716","protein_coding"
"15030","ENSMUSG00000096458","protein_coding"
"15031","ENSMUSG00000046675","protein_coding"
"15032","ENSMUSG00000091931","protein_coding"
"15033","ENSMUSG00000041712","protein_coding"
"15034","ENSMUSG00000041702","protein_coding"
"15035","ENSMUSG00000043319","protein_coding"
"15036","ENSMUSG00000021198","protein_coding"
"15037","ENSMUSG00000041669","protein_coding"
"15038","ENSMUSG00000096753","protein_coding"
"15039","ENSMUSG00000021200","protein_coding"
"15040","ENSMUSG00000021203","protein_coding"
"15041","ENSMUSG00000041645","protein_coding"
"15042","ENSMUSG00000064215","protein_coding"
"15043","ENSMUSG00000079017","protein_coding"
"15044","ENSMUSG00000021208","protein_coding"
"15045","ENSMUSG00000021209","protein_coding"
"15046","ENSMUSG00000061947","protein_coding"
"15047","ENSMUSG00000060807","protein_coding"
"15048","ENSMUSG00000071179","protein_coding"
"15049","ENSMUSG00000021081","protein_coding"
"15050","ENSMUSG00000071178","protein_coding"
"15051","ENSMUSG00000071177","protein_coding"
"15052","ENSMUSG00000066366","protein_coding"
"15053","ENSMUSG00000079015","protein_coding"
"15054","ENSMUSG00000072849","protein_coding"
"15055","ENSMUSG00000063232","protein_coding"
"15056","ENSMUSG00000058260","protein_coding"
"15057","ENSMUSG00000041567","protein_coding"
"15058","ENSMUSG00000041550","protein_coding"
"15059","ENSMUSG00000041536","protein_coding"
"15060","ENSMUSG00000066364","protein_coding"
"15061","ENSMUSG00000066361","protein_coding"
"15062","ENSMUSG00000066363","protein_coding"
"15063","ENSMUSG00000041481","protein_coding"
"15064","ENSMUSG00000079014","protein_coding"
"15065","ENSMUSG00000079013","protein_coding"
"15066","ENSMUSG00000058207","protein_coding"
"15067","ENSMUSG00000079012","protein_coding"
"15068","ENSMUSG00000021091","protein_coding"
"15069","ENSMUSG00000021095","protein_coding"
"15070","ENSMUSG00000041415","protein_coding"
"15071","ENSMUSG00000021097","protein_coding"
"15072","ENSMUSG00000054150","protein_coding"
"15073","ENSMUSG00000021102","protein_coding"
"15074","ENSMUSG00000060863","protein_coding"
"15075","ENSMUSG00000066359","protein_coding"
"15076","ENSMUSG00000000701","protein_coding"
"15077","ENSMUSG00000068940","protein_coding"
"15078","ENSMUSG00000079007","protein_coding"
"15079","ENSMUSG00000041359","protein_coding"
"15080","ENSMUSG00000097929","protein_coding"
"15081","ENSMUSG00000094910","protein_coding"
"15082","ENSMUSG00000021070","protein_coding"
"15083","ENSMUSG00000041347","protein_coding"
"15084","ENSMUSG00000041341","protein_coding"
"15085","ENSMUSG00000044715","protein_coding"
"15086","ENSMUSG00000041323","protein_coding"
"15087","ENSMUSG00000021111","protein_coding"
"15088","ENSMUSG00000021115","protein_coding"
"15089","ENSMUSG00000048251","protein_coding"
"15090","ENSMUSG00000056770","protein_coding"
"15091","ENSMUSG00000021258","protein_coding"
"15092","ENSMUSG00000084883","protein_coding"
"15093","ENSMUSG00000021260","protein_coding"
"15094","ENSMUSG00000021259","protein_coding"
"15095","ENSMUSG00000058070","protein_coding"
"15096","ENSMUSG00000021262","protein_coding"
"15097","ENSMUSG00000021263","protein_coding"
"15098","ENSMUSG00000021264","protein_coding"
"15099","ENSMUSG00000021265","protein_coding"
"15100","ENSMUSG00000048856","protein_coding"
"15101","ENSMUSG00000021266","protein_coding"
"15102","ENSMUSG00000040877","protein_coding"
"15103","ENSMUSG00000040867","protein_coding"
"15104","ENSMUSG00000040856","protein_coding"
"15105","ENSMUSG00000085925","protein_coding"
"15106","ENSMUSG00000075707","protein_coding"
"15107","ENSMUSG00000017843","protein_coding"
"15108","ENSMUSG00000018707","protein_coding"
"15109","ENSMUSG00000056508","protein_coding"
"15110","ENSMUSG00000021270","protein_coding"
"15111","ENSMUSG00000037957","protein_coding"
"15112","ENSMUSG00000056458","protein_coding"
"15113","ENSMUSG00000021271","protein_coding"
"15114","ENSMUSG00000021276","protein_coding"
"15115","ENSMUSG00000021275","protein_coding"
"15116","ENSMUSG00000037904","protein_coding"
"15117","ENSMUSG00000037896","protein_coding"
"15118","ENSMUSG00000021277","protein_coding"
"15119","ENSMUSG00000021278","protein_coding"
"15120","ENSMUSG00000021279","protein_coding"
"15121","ENSMUSG00000087075","protein_coding"
"15122","ENSMUSG00000021280","protein_coding"
"15123","ENSMUSG00000021281","protein_coding"
"15124","ENSMUSG00000010529","protein_coding"
"15125","ENSMUSG00000121570","protein_coding"
"15126","ENSMUSG00000021282","protein_coding"
"15127","ENSMUSG00000007411","protein_coding"
"15128","ENSMUSG00000001270","protein_coding"
"15129","ENSMUSG00000060950","protein_coding"
"15130","ENSMUSG00000049792","protein_coding"
"15131","ENSMUSG00000037787","protein_coding"
"15132","ENSMUSG00000021288","protein_coding"
"15133","ENSMUSG00000021287","protein_coding"
"15134","ENSMUSG00000021286","protein_coding"
"15135","ENSMUSG00000021285","protein_coding"
"15136","ENSMUSG00000021290","protein_coding"
"15137","ENSMUSG00000054003","protein_coding"
"15138","ENSMUSG00000091402","protein_coding"
"15139","ENSMUSG00000037686","protein_coding"
"15140","ENSMUSG00000021294","protein_coding"
"15141","ENSMUSG00000043122","protein_coding"
"15142","ENSMUSG00000054013","protein_coding"
"15143","ENSMUSG00000037679","protein_coding"
"15144","ENSMUSG00000011148","protein_coding"
"15145","ENSMUSG00000064326","protein_coding"
"15146","ENSMUSG00000001729","protein_coding"
"15147","ENSMUSG00000037638","protein_coding"
"15148","ENSMUSG00000072825","protein_coding"
"15149","ENSMUSG00000052160","protein_coding"
"15150","ENSMUSG00000118667","protein_coding"
"15151","ENSMUSG00000037594","protein_coding"
"15152","ENSMUSG00000047832","protein_coding"
"15153","ENSMUSG00000021298","protein_coding"
"15154","ENSMUSG00000002799","protein_coding"
"15155","ENSMUSG00000002804","protein_coding"
"15156","ENSMUSG00000011158","protein_coding"
"15157","ENSMUSG00000002803","protein_coding"
"15158","ENSMUSG00000021143","protein_coding"
"15159","ENSMUSG00000012211","protein_coding"
"15160","ENSMUSG00000021144","protein_coding"
"15161","ENSMUSG00000006356","protein_coding"
"15162","ENSMUSG00000006360","protein_coding"
"15163","ENSMUSG00000037466","protein_coding"
"15164","ENSMUSG00000049036","protein_coding"
"15165","ENSMUSG00000051804","protein_coding"
"15166","ENSMUSG00000043945","protein_coding"
"15167","ENSMUSG00000042063","protein_coding"
"15168","ENSMUSG00000011171","protein_coding"
"15169","ENSMUSG00000042050","protein_coding"
"15170","ENSMUSG00000021171","protein_coding"
"15171","ENSMUSG00000042029","protein_coding"
"15172","ENSMUSG00000056553","protein_coding"
"15173","ENSMUSG00000041992","protein_coding"
"15174","ENSMUSG00000021175","protein_coding"
"15175","ENSMUSG00000018581","protein_coding"
"15176","ENSMUSG00000025323","protein_coding"
"15177","ENSMUSG00000048562","protein_coding"
"15178","ENSMUSG00000072791","protein_coding"
"15179","ENSMUSG00000025321","protein_coding"
"15180","ENSMUSG00000041886","protein_coding"
"15181","ENSMUSG00000048004","protein_coding"
"15182","ENSMUSG00000021218","protein_coding"
"15183","ENSMUSG00000033799","protein_coding"
"15184","ENSMUSG00000033781","protein_coding"
"15185","ENSMUSG00000063130","protein_coding"
"15186","ENSMUSG00000033765","protein_coding"
"15187","ENSMUSG00000099269","protein_coding"
"15188","ENSMUSG00000021215","protein_coding"
"15189","ENSMUSG00000021216","protein_coding"
"15190","ENSMUSG00000044988","protein_coding"
"15191","ENSMUSG00000033715","protein_coding"
"15192","ENSMUSG00000021214","protein_coding"
"15193","ENSMUSG00000021213","protein_coding"
"15194","ENSMUSG00000071551","protein_coding"
"15195","ENSMUSG00000021211","protein_coding"
"15196","ENSMUSG00000021210","protein_coding"
"15197","ENSMUSG00000054757","protein_coding"
"15198","ENSMUSG00000021207","protein_coding"
"15199","ENSMUSG00000045410","protein_coding"
"15200","ENSMUSG00000000078","protein_coding"
"15201","ENSMUSG00000021193","protein_coding"
"15202","ENSMUSG00000021196","protein_coding"
"15203","ENSMUSG00000052551","protein_coding"
"15204","ENSMUSG00000021147","protein_coding"
"15205","ENSMUSG00000058258","protein_coding"
"15206","ENSMUSG00000021148","protein_coding"
"15207","ENSMUSG00000033520","protein_coding"
"15208","ENSMUSG00000021149","protein_coding"
"15209","ENSMUSG00000033499","protein_coding"
"15210","ENSMUSG00000048264","protein_coding"
"15211","ENSMUSG00000021156","protein_coding"
"15212","ENSMUSG00000046159","protein_coding"
"15213","ENSMUSG00000021313","protein_coding"
"15214","ENSMUSG00000021311","protein_coding"
"15215","ENSMUSG00000052374","protein_coding"
"15216","ENSMUSG00000050244","protein_coding"
"15217","ENSMUSG00000057554","protein_coding"
"15218","ENSMUSG00000095105","protein_coding"
"15219","ENSMUSG00000057069","protein_coding"
"15220","ENSMUSG00000056457","protein_coding"
"15221","ENSMUSG00000079092","protein_coding"
"15222","ENSMUSG00000055360","protein_coding"
"15223","ENSMUSG00000021306","protein_coding"
"15224","ENSMUSG00000005397","protein_coding"
"15225","ENSMUSG00000019726","protein_coding"
"15226","ENSMUSG00000021303","protein_coding"
"15227","ENSMUSG00000039242","protein_coding"
"15228","ENSMUSG00000039233","protein_coding"
"15229","ENSMUSG00000021302","protein_coding"
"15230","ENSMUSG00000039219","protein_coding"
"15231","ENSMUSG00000021301","protein_coding"
"15232","ENSMUSG00000015672","protein_coding"
"15233","ENSMUSG00000015671","protein_coding"
"15234","ENSMUSG00000039182","protein_coding"
"15235","ENSMUSG00000021318","protein_coding"
"15236","ENSMUSG00000041324","protein_coding"
"15237","ENSMUSG00000055137","protein_coding"
"15238","ENSMUSG00000012429","protein_coding"
"15239","ENSMUSG00000041297","protein_coding"
"15240","ENSMUSG00000008859","protein_coding"
"15241","ENSMUSG00000075054","protein_coding"
"15242","ENSMUSG00000009734","protein_coding"
"15243","ENSMUSG00000041236","protein_coding"
"15244","ENSMUSG00000021314","protein_coding"
"15245","ENSMUSG00000003062","protein_coding"
"15246","ENSMUSG00000002808","protein_coding"
"15247","ENSMUSG00000021319","protein_coding"
"15248","ENSMUSG00000041138","protein_coding"
"15249","ENSMUSG00000047462","protein_coding"
"15250","ENSMUSG00000053101","protein_coding"
"15251","ENSMUSG00000041112","protein_coding"
"15252","ENSMUSG00000021322","protein_coding"
"15253","ENSMUSG00000042869","protein_coding"
"15254","ENSMUSG00000060404","protein_coding"
"15255","ENSMUSG00000071522","protein_coding"
"15256","ENSMUSG00000045474","protein_coding"
"15257","ENSMUSG00000021326","protein_coding"
"15258","ENSMUSG00000004344","protein_coding"
"15259","ENSMUSG00000004341","protein_coding"
"15260","ENSMUSG00000045508","protein_coding"
"15261","ENSMUSG00000036721","protein_coding"
"15262","ENSMUSG00000021327","protein_coding"
"15263","ENSMUSG00000055313","protein_coding"
"15264","ENSMUSG00000022228","protein_coding"
"15265","ENSMUSG00000059395","protein_coding"
"15266","ENSMUSG00000054931","protein_coding"
"15267","ENSMUSG00000078139","protein_coding"
"15268","ENSMUSG00000079941","protein_coding"
"15269","ENSMUSG00000063894","protein_coding"
"15270","ENSMUSG00000048996","protein_coding"
"15271","ENSMUSG00000054890","protein_coding"
"15272","ENSMUSG00000046016","protein_coding"
"15273","ENSMUSG00000051258","protein_coding"
"15274","ENSMUSG00000036658","protein_coding"
"15275","ENSMUSG00000049737","protein_coding"
"15276","ENSMUSG00000108534","protein_coding"
"15277","ENSMUSG00000108674","protein_coding"
"15278","ENSMUSG00000094338","protein_coding"
"15279","ENSMUSG00000071516","protein_coding"
"15280","ENSMUSG00000101355","protein_coding"
"15281","ENSMUSG00000114279","protein_coding"
"15282","ENSMUSG00000067455","protein_coding"
"15283","ENSMUSG00000064288","protein_coding"
"15284","ENSMUSG00000063021","protein_coding"
"15285","ENSMUSG00000095217","protein_coding"
"15286","ENSMUSG00000058773","protein_coding"
"15287","ENSMUSG00000101972","protein_coding"
"15288","ENSMUSG00000069309","protein_coding"
"15289","ENSMUSG00000069308","protein_coding"
"15290","ENSMUSG00000069307","protein_coding"
"15291","ENSMUSG00000094248","protein_coding"
"15292","ENSMUSG00000069306","protein_coding"
"15293","ENSMUSG00000069305","protein_coding"
"15294","ENSMUSG00000094777","protein_coding"
"15295","ENSMUSG00000069303","protein_coding"
"15296","ENSMUSG00000006720","protein_coding"
"15297","ENSMUSG00000016982","protein_coding"
"15298","ENSMUSG00000006179","protein_coding"
"15299","ENSMUSG00000069302","protein_coding"
"15300","ENSMUSG00000062727","protein_coding"
"15301","ENSMUSG00000060639","protein_coding"
"15302","ENSMUSG00000069301","protein_coding"
"15303","ENSMUSG00000069300","protein_coding"
"15304","ENSMUSG00000069299","protein_coding"
"15305","ENSMUSG00000099611","protein_coding"
"15306","ENSMUSG00000095916","protein_coding"
"15307","ENSMUSG00000099787","protein_coding"
"15308","ENSMUSG00000046932","protein_coding"
"15309","ENSMUSG00000069297","protein_coding"
"15310","ENSMUSG00000069296","protein_coding"
"15311","ENSMUSG00000069295","protein_coding"
"15312","ENSMUSG00000069294","protein_coding"
"15313","ENSMUSG00000095125","protein_coding"
"15314","ENSMUSG00000069292","protein_coding"
"15315","ENSMUSG00000101073","protein_coding"
"15316","ENSMUSG00000094898","protein_coding"
"15317","ENSMUSG00000094379","protein_coding"
"15318","ENSMUSG00000069289","protein_coding"
"15319","ENSMUSG00000094637","protein_coding"
"15320","ENSMUSG00000100296","protein_coding"
"15321","ENSMUSG00000101578","protein_coding"
"15322","ENSMUSG00000084136","protein_coding"
"15323","ENSMUSG00000071493","protein_coding"
"15324","ENSMUSG00000071491","protein_coding"
"15325","ENSMUSG00000061296","protein_coding"
"15326","ENSMUSG00000063998","protein_coding"
"15327","ENSMUSG00000071490","protein_coding"
"15328","ENSMUSG00000060024","protein_coding"
"15329","ENSMUSG00000061829","protein_coding"
"15330","ENSMUSG00000099917","protein_coding"
"15331","ENSMUSG00000115697","protein_coding"
"15332","ENSMUSG00000116057","protein_coding"
"15333","ENSMUSG00000115791","protein_coding"
"15334","ENSMUSG00000115020","protein_coding"
"15335","ENSMUSG00000061376","protein_coding"
"15336","ENSMUSG00000096099","protein_coding"
"15337","ENSMUSG00000082316","protein_coding"
"15338","ENSMUSG00000061022","protein_coding"
"15339","ENSMUSG00000069280","protein_coding"
"15340","ENSMUSG00000046351","protein_coding"
"15341","ENSMUSG00000036376","protein_coding"
"15342","ENSMUSG00000000706","protein_coding"
"15343","ENSMUSG00000053216","protein_coding"
"15344","ENSMUSG00000060981","protein_coding"
"15345","ENSMUSG00000061991","protein_coding"
"15346","ENSMUSG00000099517","protein_coding"
"15347","ENSMUSG00000114456","protein_coding"
"15348","ENSMUSG00000100210","protein_coding"
"15349","ENSMUSG00000069274","protein_coding"
"15350","ENSMUSG00000052565","protein_coding"
"15351","ENSMUSG00000069273","protein_coding"
"15352","ENSMUSG00000069272","protein_coding"
"15353","ENSMUSG00000058385","protein_coding"
"15354","ENSMUSG00000069268","protein_coding"
"15355","ENSMUSG00000071478","protein_coding"
"15356","ENSMUSG00000099583","protein_coding"
"15357","ENSMUSG00000061482","protein_coding"
"15358","ENSMUSG00000047246","protein_coding"
"15359","ENSMUSG00000051627","protein_coding"
"15360","ENSMUSG00000069270","protein_coding"
"15361","ENSMUSG00000018102","protein_coding"
"15362","ENSMUSG00000036211","protein_coding"
"15363","ENSMUSG00000060678","protein_coding"
"15364","ENSMUSG00000006611","protein_coding"
"15365","ENSMUSG00000036181","protein_coding"
"15366","ENSMUSG00000069310","protein_coding"
"15367","ENSMUSG00000075031","protein_coding"
"15368","ENSMUSG00000061615","protein_coding"
"15369","ENSMUSG00000069267","protein_coding"
"15370","ENSMUSG00000069266","protein_coding"
"15371","ENSMUSG00000060093","protein_coding"
"15372","ENSMUSG00000069265","protein_coding"
"15373","ENSMUSG00000049539","protein_coding"
"15374","ENSMUSG00000064140","protein_coding"
"15375","ENSMUSG00000036110","protein_coding"
"15376","ENSMUSG00000036083","protein_coding"
"15377","ENSMUSG00000021335","protein_coding"
"15378","ENSMUSG00000021336","protein_coding"
"15379","ENSMUSG00000050799","protein_coding"
"15380","ENSMUSG00000060081","protein_coding"
"15381","ENSMUSG00000021337","protein_coding"
"15382","ENSMUSG00000021338","protein_coding"
"15383","ENSMUSG00000016756","protein_coding"
"15384","ENSMUSG00000036006","protein_coding"
"15385","ENSMUSG00000085861","protein_coding"
"15386","ENSMUSG00000006715","protein_coding"
"15387","ENSMUSG00000019132","protein_coding"
"15388","ENSMUSG00000006717","protein_coding"
"15389","ENSMUSG00000035958","protein_coding"
"15390","ENSMUSG00000006711","protein_coding"
"15391","ENSMUSG00000035936","protein_coding"
"15392","ENSMUSG00000021340","protein_coding"
"15393","ENSMUSG00000021339","protein_coding"
"15394","ENSMUSG00000035910","protein_coding"
"15395","ENSMUSG00000048978","protein_coding"
"15396","ENSMUSG00000045835","protein_coding"
"15397","ENSMUSG00000021342","protein_coding"
"15398","ENSMUSG00000057170","protein_coding"
"15399","ENSMUSG00000062737","protein_coding"
"15400","ENSMUSG00000062201","protein_coding"
"15401","ENSMUSG00000017922","protein_coding"
"15402","ENSMUSG00000038891","protein_coding"
"15403","ENSMUSG00000038883","protein_coding"
"15404","ENSMUSG00000069259","protein_coding"
"15405","ENSMUSG00000018259","protein_coding"
"15406","ENSMUSG00000069258","protein_coding"
"15407","ENSMUSG00000021345","protein_coding"
"15408","ENSMUSG00000021346","protein_coding"
"15409","ENSMUSG00000006490","protein_coding"
"15410","ENSMUSG00000019756","protein_coding"
"15411","ENSMUSG00000021347","protein_coding"
"15412","ENSMUSG00000006488","protein_coding"
"15413","ENSMUSG00000046899","protein_coding"
"15414","ENSMUSG00000021348","protein_coding"
"15415","ENSMUSG00000060738","protein_coding"
"15416","ENSMUSG00000022886","protein_coding"
"15417","ENSMUSG00000062551","protein_coding"
"15418","ENSMUSG00000005891","protein_coding"
"15419","ENSMUSG00000017064","protein_coding"
"15420","ENSMUSG00000076431","protein_coding"
"15421","ENSMUSG00000006191","protein_coding"
"15422","ENSMUSG00000016477","protein_coding"
"15423","ENSMUSG00000038732","protein_coding"
"15424","ENSMUSG00000049115","protein_coding"
"15425","ENSMUSG00000038462","protein_coding"
"15426","ENSMUSG00000069255","protein_coding"
"15427","ENSMUSG00000021356","protein_coding"
"15428","ENSMUSG00000021357","protein_coding"
"15429","ENSMUSG00000076430","protein_coding"
"15430","ENSMUSG00000038415","protein_coding"
"15431","ENSMUSG00000038402","protein_coding"
"15432","ENSMUSG00000050295","protein_coding"
"15433","ENSMUSG00000038372","protein_coding"
"15434","ENSMUSG00000044951","protein_coding"
"15435","ENSMUSG00000021400","protein_coding"
"15436","ENSMUSG00000044734","protein_coding"
"15437","ENSMUSG00000079049","protein_coding"
"15438","ENSMUSG00000042842","protein_coding"
"15439","ENSMUSG00000045827","protein_coding"
"15440","ENSMUSG00000021403","protein_coding"
"15441","ENSMUSG00000051029","protein_coding"
"15442","ENSMUSG00000021404","protein_coding"
"15443","ENSMUSG00000054266","protein_coding"
"15444","ENSMUSG00000062342","protein_coding"
"15445","ENSMUSG00000038327","protein_coding"
"15446","ENSMUSG00000071452","protein_coding"
"15447","ENSMUSG00000057726","protein_coding"
"15448","ENSMUSG00000047889","protein_coding"
"15449","ENSMUSG00000069248","protein_coding"
"15450","ENSMUSG00000052180","protein_coding"
"15451","ENSMUSG00000060147","protein_coding"
"15452","ENSMUSG00000046949","protein_coding"
"15453","ENSMUSG00000021408","protein_coding"
"15454","ENSMUSG00000038286","protein_coding"
"15455","ENSMUSG00000058672","protein_coding"
"15456","ENSMUSG00000045136","protein_coding"
"15457","ENSMUSG00000071451","protein_coding"
"15458","ENSMUSG00000038267","protein_coding"
"15459","ENSMUSG00000021411","protein_coding"
"15460","ENSMUSG00000038246","protein_coding"
"15461","ENSMUSG00000021413","protein_coding"
"15462","ENSMUSG00000021414","protein_coding"
"15463","ENSMUSG00000021415","protein_coding"
"15464","ENSMUSG00000021416","protein_coding"
"15465","ENSMUSG00000021417","protein_coding"
"15466","ENSMUSG00000059288","protein_coding"
"15467","ENSMUSG00000021418","protein_coding"
"15468","ENSMUSG00000050423","protein_coding"
"15469","ENSMUSG00000046573","protein_coding"
"15470","ENSMUSG00000021420","protein_coding"
"15471","ENSMUSG00000039114","protein_coding"
"15472","ENSMUSG00000039109","protein_coding"
"15473","ENSMUSG00000021423","protein_coding"
"15474","ENSMUSG00000039087","protein_coding"
"15475","ENSMUSG00000021427","protein_coding"
"15476","ENSMUSG00000044566","protein_coding"
"15477","ENSMUSG00000021428","protein_coding"
"15478","ENSMUSG00000054889","protein_coding"
"15479","ENSMUSG00000021431","protein_coding"
"15480","ENSMUSG00000039004","protein_coding"
"15481","ENSMUSG00000038991","protein_coding"
"15482","ENSMUSG00000038982","protein_coding"
"15483","ENSMUSG00000001707","protein_coding"
"15484","ENSMUSG00000021432","protein_coding"
"15485","ENSMUSG00000047094","protein_coding"
"15486","ENSMUSG00000021359","protein_coding"
"15487","ENSMUSG00000021360","protein_coding"
"15488","ENSMUSG00000038683","protein_coding"
"15489","ENSMUSG00000021361","protein_coding"
"15490","ENSMUSG00000021363","protein_coding"
"15491","ENSMUSG00000021362","protein_coding"
"15492","ENSMUSG00000038651","protein_coding"
"15493","ENSMUSG00000021364","protein_coding"
"15494","ENSMUSG00000091264","protein_coding"
"15495","ENSMUSG00000021365","protein_coding"
"15496","ENSMUSG00000087370","protein_coding"
"15497","ENSMUSG00000058022","protein_coding"
"15498","ENSMUSG00000021366","protein_coding"
"15499","ENSMUSG00000021367","protein_coding"
"15500","ENSMUSG00000054728","protein_coding"
"15501","ENSMUSG00000021368","protein_coding"
"15502","ENSMUSG00000051335","protein_coding"
"15503","ENSMUSG00000054021","protein_coding"
"15504","ENSMUSG00000063200","protein_coding"
"15505","ENSMUSG00000038546","protein_coding"
"15506","ENSMUSG00000021371","protein_coding"
"15507","ENSMUSG00000044164","protein_coding"
"15508","ENSMUSG00000015396","protein_coding"
"15509","ENSMUSG00000038518","protein_coding"
"15510","ENSMUSG00000057531","protein_coding"
"15511","ENSMUSG00000038175","protein_coding"
"15512","ENSMUSG00000000253","protein_coding"
"15513","ENSMUSG00000046876","protein_coding"
"15514","ENSMUSG00000063529","protein_coding"
"15515","ENSMUSG00000038132","protein_coding"
"15516","ENSMUSG00000021373","protein_coding"
"15517","ENSMUSG00000069237","protein_coding"
"15518","ENSMUSG00000021374","protein_coding"
"15519","ENSMUSG00000021375","protein_coding"
"15520","ENSMUSG00000044231","protein_coding"
"15521","ENSMUSG00000021376","protein_coding"
"15522","ENSMUSG00000038080","protein_coding"
"15523","ENSMUSG00000021377","protein_coding"
"15524","ENSMUSG00000038068","protein_coding"
"15525","ENSMUSG00000021379","protein_coding"
"15526","ENSMUSG00000050954","protein_coding"
"15527","ENSMUSG00000038042","protein_coding"
"15528","ENSMUSG00000021381","protein_coding"
"15529","ENSMUSG00000038025","protein_coding"
"15530","ENSMUSG00000038014","protein_coding"
"15531","ENSMUSG00000037989","protein_coding"
"15532","ENSMUSG00000037966","protein_coding"
"15533","ENSMUSG00000037960","protein_coding"
"15534","ENSMUSG00000021384","protein_coding"
"15535","ENSMUSG00000037946","protein_coding"
"15536","ENSMUSG00000037933","protein_coding"
"15537","ENSMUSG00000021385","protein_coding"
"15538","ENSMUSG00000021391","protein_coding"
"15539","ENSMUSG00000113255","protein_coding"
"15540","ENSMUSG00000043631","protein_coding"
"15541","ENSMUSG00000021388","protein_coding"
"15542","ENSMUSG00000048368","protein_coding"
"15543","ENSMUSG00000021390","protein_coding"
"15544","ENSMUSG00000021392","protein_coding"
"15545","ENSMUSG00000037851","protein_coding"
"15546","ENSMUSG00000114073","protein_coding"
"15547","ENSMUSG00000095300","protein_coding"
"15548","ENSMUSG00000037816","protein_coding"
"15549","ENSMUSG00000114559","protein_coding"
"15550","ENSMUSG00000071909","protein_coding"
"15551","ENSMUSG00000094918","protein_coding"
"15552","ENSMUSG00000021395","protein_coding"
"15553","ENSMUSG00000021396","protein_coding"
"15554","ENSMUSG00000067586","protein_coding"
"15555","ENSMUSG00000021448","protein_coding"
"15556","ENSMUSG00000062248","protein_coding"
"15557","ENSMUSG00000035139","protein_coding"
"15558","ENSMUSG00000021451","protein_coding"
"15559","ENSMUSG00000021453","protein_coding"
"15560","ENSMUSG00000047842","protein_coding"
"15561","ENSMUSG00000021457","protein_coding"
"15562","ENSMUSG00000021460","protein_coding"
"15563","ENSMUSG00000056749","protein_coding"
"15564","ENSMUSG00000021464","protein_coding"
"15565","ENSMUSG00000021468","protein_coding"
"15566","ENSMUSG00000021469","protein_coding"
"15567","ENSMUSG00000021478","protein_coding"
"15568","ENSMUSG00000021474","protein_coding"
"15569","ENSMUSG00000034987","protein_coding"
"15570","ENSMUSG00000025867","protein_coding"
"15571","ENSMUSG00000025872","protein_coding"
"15572","ENSMUSG00000043183","protein_coding"
"15573","ENSMUSG00000025871","protein_coding"
"15574","ENSMUSG00000025870","protein_coding"
"15575","ENSMUSG00000025869","protein_coding"
"15576","ENSMUSG00000025868","protein_coding"
"15577","ENSMUSG00000047547","protein_coding"
"15578","ENSMUSG00000025873","protein_coding"
"15579","ENSMUSG00000034928","protein_coding"
"15580","ENSMUSG00000034918","protein_coding"
"15581","ENSMUSG00000069227","protein_coding"
"15582","ENSMUSG00000034891","protein_coding"
"15583","ENSMUSG00000074895","protein_coding"
"15584","ENSMUSG00000025875","protein_coding"
"15585","ENSMUSG00000025876","protein_coding"
"15586","ENSMUSG00000025877","protein_coding"
"15587","ENSMUSG00000025878","protein_coding"
"15588","ENSMUSG00000021481","protein_coding"
"15589","ENSMUSG00000005320","protein_coding"
"15590","ENSMUSG00000021488","protein_coding"
"15591","ENSMUSG00000034789","protein_coding"
"15592","ENSMUSG00000021486","protein_coding"
"15593","ENSMUSG00000021485","protein_coding"
"15594","ENSMUSG00000021484","protein_coding"
"15595","ENSMUSG00000052087","protein_coding"
"15596","ENSMUSG00000021490","protein_coding"
"15597","ENSMUSG00000044444","protein_coding"
"15598","ENSMUSG00000021492","protein_coding"
"15599","ENSMUSG00000074886","protein_coding"
"15600","ENSMUSG00000034686","protein_coding"
"15601","ENSMUSG00000034675","protein_coding"
"15602","ENSMUSG00000021493","protein_coding"
"15603","ENSMUSG00000035711","protein_coding"
"15604","ENSMUSG00000021494","protein_coding"
"15605","ENSMUSG00000021495","protein_coding"
"15606","ENSMUSG00000058569","protein_coding"
"15607","ENSMUSG00000021504","protein_coding"
"15608","ENSMUSG00000021501","protein_coding"
"15609","ENSMUSG00000021500","protein_coding"
"15610","ENSMUSG00000045767","protein_coding"
"15611","ENSMUSG00000021497","protein_coding"
"15612","ENSMUSG00000021496","protein_coding"
"15613","ENSMUSG00000021499","protein_coding"
"15614","ENSMUSG00000021506","protein_coding"
"15615","ENSMUSG00000015937","protein_coding"
"15616","ENSMUSG00000049625","protein_coding"
"15617","ENSMUSG00000048904","protein_coding"
"15618","ENSMUSG00000021508","protein_coding"
"15619","ENSMUSG00000021509","protein_coding"
"15620","ENSMUSG00000021538","protein_coding"
"15621","ENSMUSG00000035509","protein_coding"
"15622","ENSMUSG00000021539","protein_coding"
"15623","ENSMUSG00000035493","protein_coding"
"15624","ENSMUSG00000021540","protein_coding"
"15625","ENSMUSG00000110086","protein_coding"
"15626","ENSMUSG00000021541","protein_coding"
"15627","ENSMUSG00000056222","protein_coding"
"15628","ENSMUSG00000014164","protein_coding"
"15629","ENSMUSG00000007836","protein_coding"
"15630","ENSMUSG00000050002","protein_coding"
"15631","ENSMUSG00000005312","protein_coding"
"15632","ENSMUSG00000021552","protein_coding"
"15633","ENSMUSG00000060176","protein_coding"
"15634","ENSMUSG00000021550","protein_coding"
"15635","ENSMUSG00000021546","protein_coding"
"15636","ENSMUSG00000035367","protein_coding"
"15637","ENSMUSG00000021553","protein_coding"
"15638","ENSMUSG00000055254","protein_coding"
"15639","ENSMUSG00000021557","protein_coding"
"15640","ENSMUSG00000021555","protein_coding"
"15641","ENSMUSG00000021556","protein_coding"
"15642","ENSMUSG00000049902","protein_coding"
"15643","ENSMUSG00000050876","protein_coding"
"15644","ENSMUSG00000091311","protein_coding"
"15645","ENSMUSG00000043986","protein_coding"
"15646","ENSMUSG00000051054","protein_coding"
"15647","ENSMUSG00000044792","protein_coding"
"15648","ENSMUSG00000035248","protein_coding"
"15649","ENSMUSG00000052957","protein_coding"
"15650","ENSMUSG00000021559","protein_coding"
"15651","ENSMUSG00000042243","protein_coding"
"15652","ENSMUSG00000056728","protein_coding"
"15653","ENSMUSG00000050345","protein_coding"
"15654","ENSMUSG00000114635","protein_coding"
"15655","ENSMUSG00000114487","protein_coding"
"15656","ENSMUSG00000074874","protein_coding"
"15657","ENSMUSG00000114432","protein_coding"
"15658","ENSMUSG00000062705","protein_coding"
"15659","ENSMUSG00000044258","protein_coding"
"15660","ENSMUSG00000033834","protein_coding"
"15661","ENSMUSG00000055298","protein_coding"
"15662","ENSMUSG00000021439","protein_coding"
"15663","ENSMUSG00000055679","protein_coding"
"15664","ENSMUSG00000021441","protein_coding"
"15665","ENSMUSG00000057446","protein_coding"
"15666","ENSMUSG00000021440","protein_coding"
"15667","ENSMUSG00000074871","protein_coding"
"15668","ENSMUSG00000114904","protein_coding"
"15669","ENSMUSG00000074870","protein_coding"
"15670","ENSMUSG00000074867","protein_coding"
"15671","ENSMUSG00000094942","protein_coding"
"15672","ENSMUSG00000113450","protein_coding"
"15673","ENSMUSG00000055228","protein_coding"
"15674","ENSMUSG00000074865","protein_coding"
"15675","ENSMUSG00000072066","protein_coding"
"15676","ENSMUSG00000074863","protein_coding"
"15677","ENSMUSG00000091183","protein_coding"
"15678","ENSMUSG00000021456","protein_coding"
"15679","ENSMUSG00000069805","protein_coding"
"15680","ENSMUSG00000021458","protein_coding"
"15681","ENSMUSG00000021461","protein_coding"
"15682","ENSMUSG00000021466","protein_coding"
"15683","ENSMUSG00000021470","protein_coding"
"15684","ENSMUSG00000033122","protein_coding"
"15685","ENSMUSG00000033114","protein_coding"
"15686","ENSMUSG00000044934","protein_coding"
"15687","ENSMUSG00000021476","protein_coding"
"15688","ENSMUSG00000033102","protein_coding"
"15689","ENSMUSG00000021482","protein_coding"
"15690","ENSMUSG00000021477","protein_coding"
"15691","ENSMUSG00000021483","protein_coding"
"15692","ENSMUSG00000096537","protein_coding"
"15693","ENSMUSG00000033063","protein_coding"
"15694","ENSMUSG00000056223","protein_coding"
"15695","ENSMUSG00000074849","protein_coding"
"15696","ENSMUSG00000090658","protein_coding"
"15697","ENSMUSG00000038212","protein_coding"
"15698","ENSMUSG00000108426","protein_coding"
"15699","ENSMUSG00000049806","protein_coding"
"15700","ENSMUSG00000032999","protein_coding"
"15701","ENSMUSG00000074847","protein_coding"
"15702","ENSMUSG00000021514","protein_coding"
"15703","ENSMUSG00000063905","protein_coding"
"15704","ENSMUSG00000095909","protein_coding"
"15705","ENSMUSG00000091347","protein_coding"
"15706","ENSMUSG00000074832","protein_coding"
"15707","ENSMUSG00000021520","protein_coding"
"15708","ENSMUSG00000074826","protein_coding"
"15709","ENSMUSG00000021519","protein_coding"
"15710","ENSMUSG00000021518","protein_coding"
"15711","ENSMUSG00000090641","protein_coding"
"15712","ENSMUSG00000058883","protein_coding"
"15713","ENSMUSG00000100235","protein_coding"
"15714","ENSMUSG00000074824","protein_coding"
"15715","ENSMUSG00000057396","protein_coding"
"15716","ENSMUSG00000058900","protein_coding"
"15717","ENSMUSG00000051037","protein_coding"
"15718","ENSMUSG00000055480","protein_coding"
"15719","ENSMUSG00000055341","protein_coding"
"15720","ENSMUSG00000057842","protein_coding"
"15721","ENSMUSG00000098781","protein_coding"
"15722","ENSMUSG00000098905","protein_coding"
"15723","ENSMUSG00000098692","protein_coding"
"15724","ENSMUSG00000078995","protein_coding"
"15725","ENSMUSG00000078994","protein_coding"
"15726","ENSMUSG00000055560","protein_coding"
"15727","ENSMUSG00000069206","protein_coding"
"15728","ENSMUSG00000059839","protein_coding"
"15729","ENSMUSG00000071291","protein_coding"
"15730","ENSMUSG00000097565","protein_coding"
"15731","ENSMUSG00000097333","protein_coding"
"15732","ENSMUSG00000095432","protein_coding"
"15733","ENSMUSG00000058093","protein_coding"
"15734","ENSMUSG00000021510","protein_coding"
"15735","ENSMUSG00000048280","protein_coding"
"15736","ENSMUSG00000071281","protein_coding"
"15737","ENSMUSG00000058331","protein_coding"
"15738","ENSMUSG00000090659","protein_coding"
"15739","ENSMUSG00000030446","protein_coding"
"15740","ENSMUSG00000058246","protein_coding"
"15741","ENSMUSG00000064063","protein_coding"
"15742","ENSMUSG00000034617","protein_coding"
"15743","ENSMUSG00000021532","protein_coding"
"15744","ENSMUSG00000021534","protein_coding"
"15745","ENSMUSG00000021536","protein_coding"
"15746","ENSMUSG00000034575","protein_coding"
"15747","ENSMUSG00000021595","protein_coding"
"15748","ENSMUSG00000021594","protein_coding"
"15749","ENSMUSG00000052981","protein_coding"
"15750","ENSMUSG00000021598","protein_coding"
"15751","ENSMUSG00000034525","protein_coding"
"15752","ENSMUSG00000049538","protein_coding"
"15753","ENSMUSG00000060969","protein_coding"
"15754","ENSMUSG00000001504","protein_coding"
"15755","ENSMUSG00000021604","protein_coding"
"15756","ENSMUSG00000021606","protein_coding"
"15757","ENSMUSG00000021607","protein_coding"
"15758","ENSMUSG00000021608","protein_coding"
"15759","ENSMUSG00000021609","protein_coding"
"15760","ENSMUSG00000021610","protein_coding"
"15761","ENSMUSG00000021611","protein_coding"
"15762","ENSMUSG00000021612","protein_coding"
"15763","ENSMUSG00000021565","protein_coding"
"15764","ENSMUSG00000017756","protein_coding"
"15765","ENSMUSG00000021567","protein_coding"
"15766","ENSMUSG00000021569","protein_coding"
"15767","ENSMUSG00000057649","protein_coding"
"15768","ENSMUSG00000069189","protein_coding"
"15769","ENSMUSG00000021573","protein_coding"
"15770","ENSMUSG00000021572","protein_coding"
"15771","ENSMUSG00000036123","protein_coding"
"15772","ENSMUSG00000034152","protein_coding"
"15773","ENSMUSG00000021575","protein_coding"
"15774","ENSMUSG00000021576","protein_coding"
"15775","ENSMUSG00000021577","protein_coding"
"15776","ENSMUSG00000021578","protein_coding"
"15777","ENSMUSG00000021579","protein_coding"
"15778","ENSMUSG00000069184","protein_coding"
"15779","ENSMUSG00000062382","protein_coding"
"15780","ENSMUSG00000069208","protein_coding"
"15781","ENSMUSG00000021583","protein_coding"
"15782","ENSMUSG00000021585","protein_coding"
"15783","ENSMUSG00000021587","protein_coding"
"15784","ENSMUSG00000001542","protein_coding"
"15785","ENSMUSG00000021591","protein_coding"
"15786","ENSMUSG00000021589","protein_coding"
"15787","ENSMUSG00000021590","protein_coding"
"15788","ENSMUSG00000043190","protein_coding"
"15789","ENSMUSG00000045509","protein_coding"
"15790","ENSMUSG00000021592","protein_coding"
"15791","ENSMUSG00000033991","protein_coding"
"15792","ENSMUSG00000109228","protein_coding"
"15793","ENSMUSG00000021596","protein_coding"
"15794","ENSMUSG00000021597","protein_coding"
"15795","ENSMUSG00000071252","protein_coding"
"15796","ENSMUSG00000064138","protein_coding"
"15797","ENSMUSG00000093668","protein_coding"
"15798","ENSMUSG00000069171","protein_coding"
"15799","ENSMUSG00000074794","protein_coding"
"15800","ENSMUSG00000069170","protein_coding"
"15801","ENSMUSG00000035840","protein_coding"
"15802","ENSMUSG00000035834","protein_coding"
"15803","ENSMUSG00000051098","protein_coding"
"15804","ENSMUSG00000021537","protein_coding"
"15805","ENSMUSG00000005583","protein_coding"
"15806","ENSMUSG00000035762","protein_coding"
"15807","ENSMUSG00000021548","protein_coding"
"15808","ENSMUSG00000021549","protein_coding"
"15809","ENSMUSG00000017778","protein_coding"
"15810","ENSMUSG00000034488","protein_coding"
"15811","ENSMUSG00000021613","protein_coding"
"15812","ENSMUSG00000021614","protein_coding"
"15813","ENSMUSG00000021615","protein_coding"
"15814","ENSMUSG00000012422","protein_coding"
"15815","ENSMUSG00000078958","protein_coding"
"15816","ENSMUSG00000049517","protein_coding"
"15817","ENSMUSG00000021619","protein_coding"
"15818","ENSMUSG00000003992","protein_coding"
"15819","ENSMUSG00000021620","protein_coding"
"15820","ENSMUSG00000021621","protein_coding"
"15821","ENSMUSG00000021622","protein_coding"
"15822","ENSMUSG00000021708","protein_coding"
"15823","ENSMUSG00000014850","protein_coding"
"15824","ENSMUSG00000100622","protein_coding"
"15825","ENSMUSG00000021707","protein_coding"
"15826","ENSMUSG00000045034","protein_coding"
"15827","ENSMUSG00000034334","protein_coding"
"15828","ENSMUSG00000021706","protein_coding"
"15829","ENSMUSG00000046957","protein_coding"
"15830","ENSMUSG00000021703","protein_coding"
"15831","ENSMUSG00000021702","protein_coding"
"15832","ENSMUSG00000021704","protein_coding"
"15833","ENSMUSG00000047419","protein_coding"
"15834","ENSMUSG00000042167","protein_coding"
"15835","ENSMUSG00000007617","protein_coding"
"15836","ENSMUSG00000021690","protein_coding"
"15837","ENSMUSG00000074768","protein_coding"
"15838","ENSMUSG00000042118","protein_coding"
"15839","ENSMUSG00000042102","protein_coding"
"15840","ENSMUSG00000042082","protein_coding"
"15841","ENSMUSG00000045312","protein_coding"
"15842","ENSMUSG00000021687","protein_coding"
"15843","ENSMUSG00000021686","protein_coding"
"15844","ENSMUSG00000042043","protein_coding"
"15845","ENSMUSG00000021685","protein_coding"
"15846","ENSMUSG00000042015","protein_coding"
"15847","ENSMUSG00000021684","protein_coding"
"15848","ENSMUSG00000041995","protein_coding"
"15849","ENSMUSG00000021681","protein_coding"
"15850","ENSMUSG00000021680","protein_coding"
"15851","ENSMUSG00000021679","protein_coding"
"15852","ENSMUSG00000021678","protein_coding"
"15853","ENSMUSG00000048376","protein_coding"
"15854","ENSMUSG00000021676","protein_coding"
"15855","ENSMUSG00000021675","protein_coding"
"15856","ENSMUSG00000051111","protein_coding"
"15857","ENSMUSG00000114133","protein_coding"
"15858","ENSMUSG00000021671","protein_coding"
"15859","ENSMUSG00000047117","protein_coding"
"15860","ENSMUSG00000021668","protein_coding"
"15861","ENSMUSG00000021669","protein_coding"
"15862","ENSMUSG00000021670","protein_coding"
"15863","ENSMUSG00000109561","protein_coding"
"15864","ENSMUSG00000091387","protein_coding"
"15865","ENSMUSG00000052075","protein_coding"
"15866","ENSMUSG00000041817","protein_coding"
"15867","ENSMUSG00000057762","protein_coding"
"15868","ENSMUSG00000060739","protein_coding"
"15869","ENSMUSG00000021666","protein_coding"
"15870","ENSMUSG00000021665","protein_coding"
"15871","ENSMUSG00000041773","protein_coding"
"15872","ENSMUSG00000069117","protein_coding"
"15873","ENSMUSG00000021662","protein_coding"
"15874","ENSMUSG00000041747","protein_coding"
"15875","ENSMUSG00000021661","protein_coding"
"15876","ENSMUSG00000021660","protein_coding"
"15877","ENSMUSG00000078302","protein_coding"
"15878","ENSMUSG00000046082","protein_coding"
"15879","ENSMUSG00000052485","protein_coding"
"15880","ENSMUSG00000041685","protein_coding"
"15881","ENSMUSG00000009470","protein_coding"
"15882","ENSMUSG00000045022","protein_coding"
"15883","ENSMUSG00000050919","protein_coding"
"15884","ENSMUSG00000021650","protein_coding"
"15885","ENSMUSG00000041632","protein_coding"
"15886","ENSMUSG00000052727","protein_coding"
"15887","ENSMUSG00000021647","protein_coding"
"15888","ENSMUSG00000021646","protein_coding"
"15889","ENSMUSG00000049658","protein_coding"
"15890","ENSMUSG00000021643","protein_coding"
"15891","ENSMUSG00000021645","protein_coding"
"15892","ENSMUSG00000078945","protein_coding"
"15893","ENSMUSG00000071203","protein_coding"
"15894","ENSMUSG00000078942","protein_coding"
"15895","ENSMUSG00000021640","protein_coding"
"15896","ENSMUSG00000021639","protein_coding"
"15897","ENSMUSG00000021638","protein_coding"
"15898","ENSMUSG00000021636","protein_coding"
"15899","ENSMUSG00000021635","protein_coding"
"15900","ENSMUSG00000078941","protein_coding"
"15901","ENSMUSG00000052293","protein_coding"
"15902","ENSMUSG00000048924","protein_coding"
"15903","ENSMUSG00000069089","protein_coding"
"15904","ENSMUSG00000061474","protein_coding"
"15905","ENSMUSG00000045273","protein_coding"
"15906","ENSMUSG00000041431","protein_coding"
"15907","ENSMUSG00000021629","protein_coding"
"15908","ENSMUSG00000041417","protein_coding"
"15909","ENSMUSG00000021624","protein_coding"
"15910","ENSMUSG00000034751","protein_coding"
"15911","ENSMUSG00000032621","protein_coding"
"15912","ENSMUSG00000021709","protein_coding"
"15913","ENSMUSG00000021710","protein_coding"
"15914","ENSMUSG00000042743","protein_coding"
"15915","ENSMUSG00000021711","protein_coding"
"15916","ENSMUSG00000118537","protein_coding"
"15917","ENSMUSG00000021712","protein_coding"
"15918","ENSMUSG00000021713","protein_coding"
"15919","ENSMUSG00000021714","protein_coding"
"15920","ENSMUSG00000046169","protein_coding"
"15921","ENSMUSG00000021715","protein_coding"
"15922","ENSMUSG00000021716","protein_coding"
"15923","ENSMUSG00000042655","protein_coding"
"15924","ENSMUSG00000021719","protein_coding"
"15925","ENSMUSG00000021718","protein_coding"
"15926","ENSMUSG00000021720","protein_coding"
"15927","ENSMUSG00000021721","protein_coding"
"15928","ENSMUSG00000042590","protein_coding"
"15929","ENSMUSG00000021692","protein_coding"
"15930","ENSMUSG00000021693","protein_coding"
"15931","ENSMUSG00000032846","protein_coding"
"15932","ENSMUSG00000068184","protein_coding"
"15933","ENSMUSG00000071180","protein_coding"
"15934","ENSMUSG00000021694","protein_coding"
"15935","ENSMUSG00000021696","protein_coding"
"15936","ENSMUSG00000021697","protein_coding"
"15937","ENSMUSG00000021699","protein_coding"
"15938","ENSMUSG00000021700","protein_coding"
"15939","ENSMUSG00000046006","protein_coding"
"15940","ENSMUSG00000021701","protein_coding"
"15941","ENSMUSG00000055194","protein_coding"
"15942","ENSMUSG00000032745","protein_coding"
"15943","ENSMUSG00000116016","protein_coding"
"15944","ENSMUSG00000032727","protein_coding"
"15945","ENSMUSG00000021754","protein_coding"
"15946","ENSMUSG00000049985","protein_coding"
"15947","ENSMUSG00000021756","protein_coding"
"15948","ENSMUSG00000050377","protein_coding"
"15949","ENSMUSG00000021758","protein_coding"
"15950","ENSMUSG00000047789","protein_coding"
"15951","ENSMUSG00000021759","protein_coding"
"15952","ENSMUSG00000016018","protein_coding"
"15953","ENSMUSG00000042426","protein_coding"
"15954","ENSMUSG00000042417","protein_coding"
"15955","ENSMUSG00000074651","protein_coding"
"15956","ENSMUSG00000078926","protein_coding"
"15957","ENSMUSG00000021760","protein_coding"
"15958","ENSMUSG00000023132","protein_coding"
"15959","ENSMUSG00000042385","protein_coding"
"15960","ENSMUSG00000042379","protein_coding"
"15961","ENSMUSG00000021763","protein_coding"
"15962","ENSMUSG00000042364","protein_coding"
"15963","ENSMUSG00000051456","protein_coding"
"15964","ENSMUSG00000042348","protein_coding"
"15965","ENSMUSG00000021764","protein_coding"
"15966","ENSMUSG00000021765","protein_coding"
"15967","ENSMUSG00000015536","protein_coding"
"15968","ENSMUSG00000015533","protein_coding"
"15969","ENSMUSG00000042284","protein_coding"
"15970","ENSMUSG00000114470","protein_coding"
"15971","ENSMUSG00000042275","protein_coding"
"15972","ENSMUSG00000042258","protein_coding"
"15973","ENSMUSG00000021725","protein_coding"
"15974","ENSMUSG00000021728","protein_coding"
"15975","ENSMUSG00000021730","protein_coding"
"15976","ENSMUSG00000021731","protein_coding"
"15977","ENSMUSG00000021732","protein_coding"
"15978","ENSMUSG00000025453","protein_coding"
"15979","ENSMUSG00000116207","protein_coding"
"15980","ENSMUSG00000025451","protein_coding"
"15981","ENSMUSG00000062822","protein_coding"
"15982","ENSMUSG00000074634","protein_coding"
"15983","ENSMUSG00000074715","protein_coding"
"15984","ENSMUSG00000093930","protein_coding"
"15985","ENSMUSG00000095930","protein_coding"
"15986","ENSMUSG00000094870","protein_coding"
"15987","ENSMUSG00000094237","protein_coding"
"15988","ENSMUSG00000095514","protein_coding"
"15989","ENSMUSG00000096284","protein_coding"
"15990","ENSMUSG00000096175","protein_coding"
"15991","ENSMUSG00000078537","protein_coding"
"15992","ENSMUSG00000095029","protein_coding"
"15993","ENSMUSG00000095609","protein_coding"
"15994","ENSMUSG00000096323","protein_coding"
"15995","ENSMUSG00000095653","protein_coding"
"15996","ENSMUSG00000094027","protein_coding"
"15997","ENSMUSG00000063846","protein_coding"
"15998","ENSMUSG00000095071","protein_coding"
"15999","ENSMUSG00000094796","protein_coding"
"16000","ENSMUSG00000095821","protein_coding"
"16001","ENSMUSG00000058317","protein_coding"
"16002","ENSMUSG00000021774","protein_coding"
"16003","ENSMUSG00000021772","protein_coding"
"16004","ENSMUSG00000012405","protein_coding"
"16005","ENSMUSG00000021775","protein_coding"
"16006","ENSMUSG00000021779","protein_coding"
"16007","ENSMUSG00000017491","protein_coding"
"16008","ENSMUSG00000017485","protein_coding"
"16009","ENSMUSG00000021785","protein_coding"
"16010","ENSMUSG00000021786","protein_coding"
"16011","ENSMUSG00000045201","protein_coding"
"16012","ENSMUSG00000042567","protein_coding"
"16013","ENSMUSG00000021733","protein_coding"
"16014","ENSMUSG00000091809","protein_coding"
"16015","ENSMUSG00000068758","protein_coding"
"16016","ENSMUSG00000072707","protein_coding"
"16017","ENSMUSG00000052417","protein_coding"
"16018","ENSMUSG00000021737","protein_coding"
"16019","ENSMUSG00000021738","protein_coding"
"16020","ENSMUSG00000053453","protein_coding"
"16021","ENSMUSG00000079357","protein_coding"
"16022","ENSMUSG00000084902","protein_coding"
"16023","ENSMUSG00000044772","protein_coding"
"16024","ENSMUSG00000056296","protein_coding"
"16025","ENSMUSG00000054423","protein_coding"
"16026","ENSMUSG00000021743","protein_coding"
"16027","ENSMUSG00000114378","protein_coding"
"16028","ENSMUSG00000033111","protein_coding"
"16029","ENSMUSG00000121513","protein_coding"
"16030","ENSMUSG00000097148","protein_coding"
"16031","ENSMUSG00000060579","protein_coding"
"16032","ENSMUSG00000021747","protein_coding"
"16033","ENSMUSG00000021749","protein_coding"
"16034","ENSMUSG00000021750","protein_coding"
"16035","ENSMUSG00000021751","protein_coding"
"16036","ENSMUSG00000021752","protein_coding"
"16037","ENSMUSG00000021748","protein_coding"
"16038","ENSMUSG00000033885","protein_coding"
"16039","ENSMUSG00000023156","protein_coding"
"16040","ENSMUSG00000025277","protein_coding"
"16041","ENSMUSG00000025279","protein_coding"
"16042","ENSMUSG00000109649","protein_coding"
"16043","ENSMUSG00000025278","protein_coding"
"16044","ENSMUSG00000063277","protein_coding"
"16045","ENSMUSG00000094706","protein_coding"
"16046","ENSMUSG00000079364","protein_coding"
"16047","ENSMUSG00000091617","protein_coding"
"16048","ENSMUSG00000072726","protein_coding"
"16049","ENSMUSG00000091472","protein_coding"
"16050","ENSMUSG00000095015","protein_coding"
"16051","ENSMUSG00000090363","protein_coding"
"16052","ENSMUSG00000096869","protein_coding"
"16053","ENSMUSG00000092167","protein_coding"
"16054","ENSMUSG00000094021","protein_coding"
"16055","ENSMUSG00000093985","protein_coding"
"16056","ENSMUSG00000090691","protein_coding"
"16057","ENSMUSG00000096685","protein_coding"
"16058","ENSMUSG00000094590","protein_coding"
"16059","ENSMUSG00000095360","protein_coding"
"16060","ENSMUSG00000072738","protein_coding"
"16061","ENSMUSG00000094811","protein_coding"
"16062","ENSMUSG00000079396","protein_coding"
"16063","ENSMUSG00000094460","protein_coding"
"16064","ENSMUSG00000079371","protein_coding"
"16065","ENSMUSG00000091568","protein_coding"
"16066","ENSMUSG00000090643","protein_coding"
"16067","ENSMUSG00000090512","protein_coding"
"16068","ENSMUSG00000096629","protein_coding"
"16069","ENSMUSG00000094370","protein_coding"
"16070","ENSMUSG00000096470","protein_coding"
"16071","ENSMUSG00000095295","protein_coding"
"16072","ENSMUSG00000095797","protein_coding"
"16073","ENSMUSG00000094825","protein_coding"
"16074","ENSMUSG00000096003","protein_coding"
"16075","ENSMUSG00000096023","protein_coding"
"16076","ENSMUSG00000095912","protein_coding"
"16077","ENSMUSG00000079378","protein_coding"
"16078","ENSMUSG00000090827","protein_coding"
"16079","ENSMUSG00000094132","protein_coding"
"16080","ENSMUSG00000091494","protein_coding"
"16081","ENSMUSG00000090539","protein_coding"
"16082","ENSMUSG00000091700","protein_coding"
"16083","ENSMUSG00000094258","protein_coding"
"16084","ENSMUSG00000090472","protein_coding"
"16085","ENSMUSG00000079386","protein_coding"
"16086","ENSMUSG00000091148","protein_coding"
"16087","ENSMUSG00000091418","protein_coding"
"16088","ENSMUSG00000095056","protein_coding"
"16089","ENSMUSG00000079388","protein_coding"
"16090","ENSMUSG00000079389","protein_coding"
"16091","ENSMUSG00000079391","protein_coding"
"16092","ENSMUSG00000090764","protein_coding"
"16093","ENSMUSG00000091563","protein_coding"
"16094","ENSMUSG00000096775","protein_coding"
"16095","ENSMUSG00000095686","protein_coding"
"16096","ENSMUSG00000091756","protein_coding"
"16097","ENSMUSG00000096901","protein_coding"
"16098","ENSMUSG00000096793","protein_coding"
"16099","ENSMUSG00000090364","protein_coding"
"16100","ENSMUSG00000079402","protein_coding"
"16101","ENSMUSG00000095368","protein_coding"
"16102","ENSMUSG00000095195","protein_coding"
"16103","ENSMUSG00000072739","protein_coding"
"16104","ENSMUSG00000096488","protein_coding"
"16105","ENSMUSG00000095533","protein_coding"
"16106","ENSMUSG00000096574","protein_coding"
"16107","ENSMUSG00000096039","protein_coding"
"16108","ENSMUSG00000079409","protein_coding"
"16109","ENSMUSG00000071613","protein_coding"
"16110","ENSMUSG00000079410","protein_coding"
"16111","ENSMUSG00000090487","protein_coding"
"16112","ENSMUSG00000092036","protein_coding"
"16113","ENSMUSG00000093979","protein_coding"
"16114","ENSMUSG00000095024","protein_coding"
"16115","ENSMUSG00000021806","protein_coding"
"16116","ENSMUSG00000021807","protein_coding"
"16117","ENSMUSG00000043004","protein_coding"
"16118","ENSMUSG00000045107","protein_coding"
"16119","ENSMUSG00000023243","protein_coding"
"16120","ENSMUSG00000023387","protein_coding"
"16121","ENSMUSG00000021809","protein_coding"
"16122","ENSMUSG00000021810","protein_coding"
"16123","ENSMUSG00000039599","protein_coding"
"16124","ENSMUSG00000021811","protein_coding"
"16125","ENSMUSG00000049960","protein_coding"
"16126","ENSMUSG00000039543","protein_coding"
"16127","ENSMUSG00000021814","protein_coding"
"16128","ENSMUSG00000021815","protein_coding"
"16129","ENSMUSG00000021816","protein_coding"
"16130","ENSMUSG00000034235","protein_coding"
"16131","ENSMUSG00000068697","protein_coding"
"16132","ENSMUSG00000039376","protein_coding"
"16133","ENSMUSG00000039367","protein_coding"
"16134","ENSMUSG00000039357","protein_coding"
"16135","ENSMUSG00000063787","protein_coding"
"16136","ENSMUSG00000021819","protein_coding"
"16137","ENSMUSG00000039308","protein_coding"
"16138","ENSMUSG00000021820","protein_coding"
"16139","ENSMUSG00000021822","protein_coding"
"16140","ENSMUSG00000021823","protein_coding"
"16141","ENSMUSG00000021824","protein_coding"
"16142","ENSMUSG00000039197","protein_coding"
"16143","ENSMUSG00000021767","protein_coding"
"16144","ENSMUSG00000063821","protein_coding"
"16145","ENSMUSG00000021768","protein_coding"
"16146","ENSMUSG00000021770","protein_coding"
"16147","ENSMUSG00000021771","protein_coding"
"16148","ENSMUSG00000021773","protein_coding"
"16149","ENSMUSG00000039081","protein_coding"
"16150","ENSMUSG00000063458","protein_coding"
"16151","ENSMUSG00000063142","protein_coding"
"16152","ENSMUSG00000021782","protein_coding"
"16153","ENSMUSG00000025280","protein_coding"
"16154","ENSMUSG00000025290","protein_coding"
"16155","ENSMUSG00000007817","protein_coding"
"16156","ENSMUSG00000021868","protein_coding"
"16157","ENSMUSG00000055538","protein_coding"
"16158","ENSMUSG00000021866","protein_coding"
"16159","ENSMUSG00000095304","protein_coding"
"16160","ENSMUSG00000072676","protein_coding"
"16161","ENSMUSG00000095975","protein_coding"
"16162","ENSMUSG00000048502","protein_coding"
"16163","ENSMUSG00000021870","protein_coding"
"16164","ENSMUSG00000040818","protein_coding"
"16165","ENSMUSG00000021877","protein_coding"
"16166","ENSMUSG00000043702","protein_coding"
"16167","ENSMUSG00000021879","protein_coding"
"16168","ENSMUSG00000021898","protein_coding"
"16169","ENSMUSG00000040760","protein_coding"
"16170","ENSMUSG00000040726","protein_coding"
"16171","ENSMUSG00000040717","protein_coding"
"16172","ENSMUSG00000021895","protein_coding"
"16173","ENSMUSG00000040651","protein_coding"
"16174","ENSMUSG00000046753","protein_coding"
"16175","ENSMUSG00000040640","protein_coding"
"16176","ENSMUSG00000021994","protein_coding"
"16177","ENSMUSG00000021991","protein_coding"
"16178","ENSMUSG00000045776","protein_coding"
"16179","ENSMUSG00000042682","protein_coding"
"16180","ENSMUSG00000015971","protein_coding"
"16181","ENSMUSG00000015966","protein_coding"
"16182","ENSMUSG00000015970","protein_coding"
"16183","ENSMUSG00000015968","protein_coding"
"16184","ENSMUSG00000021962","protein_coding"
"16185","ENSMUSG00000021957","protein_coding"
"16186","ENSMUSG00000021948","protein_coding"
"16187","ENSMUSG00000052395","protein_coding"
"16188","ENSMUSG00000006527","protein_coding"
"16189","ENSMUSG00000006526","protein_coding"
"16190","ENSMUSG00000042485","protein_coding"
"16191","ENSMUSG00000021922","protein_coding"
"16192","ENSMUSG00000006522","protein_coding"
"16193","ENSMUSG00000006529","protein_coding"
"16194","ENSMUSG00000021918","protein_coding"
"16195","ENSMUSG00000021917","protein_coding"
"16196","ENSMUSG00000021916","protein_coding"
"16197","ENSMUSG00000042354","protein_coding"
"16198","ENSMUSG00000042323","protein_coding"
"16199","ENSMUSG00000058351","protein_coding"
"16200","ENSMUSG00000071547","protein_coding"
"16201","ENSMUSG00000042286","protein_coding"
"16202","ENSMUSG00000021910","protein_coding"
"16203","ENSMUSG00000091898","protein_coding"
"16204","ENSMUSG00000021904","protein_coding"
"16205","ENSMUSG00000021902","protein_coding"
"16206","ENSMUSG00000021901","protein_coding"
"16207","ENSMUSG00000019027","protein_coding"
"16208","ENSMUSG00000021893","protein_coding"
"16209","ENSMUSG00000021892","protein_coding"
"16210","ENSMUSG00000021891","protein_coding"
"16211","ENSMUSG00000021890","protein_coding"
"16212","ENSMUSG00000057606","protein_coding"
"16213","ENSMUSG00000115022","protein_coding"
"16214","ENSMUSG00000021884","protein_coding"
"16215","ENSMUSG00000021900","protein_coding"
"16216","ENSMUSG00000014496","protein_coding"
"16217","ENSMUSG00000021903","protein_coding"
"16218","ENSMUSG00000021905","protein_coding"
"16219","ENSMUSG00000021906","protein_coding"
"16220","ENSMUSG00000021907","protein_coding"
"16221","ENSMUSG00000056234","protein_coding"
"16222","ENSMUSG00000013701","protein_coding"
"16223","ENSMUSG00000021911","protein_coding"
"16224","ENSMUSG00000021913","protein_coding"
"16225","ENSMUSG00000072473","protein_coding"
"16226","ENSMUSG00000021919","protein_coding"
"16227","ENSMUSG00000100241","protein_coding"
"16228","ENSMUSG00000054051","protein_coding"
"16229","ENSMUSG00000041730","protein_coding"
"16230","ENSMUSG00000071540","protein_coding"
"16231","ENSMUSG00000041707","protein_coding"
"16232","ENSMUSG00000078127","protein_coding"
"16233","ENSMUSG00000050666","protein_coding"
"16234","ENSMUSG00000051506","protein_coding"
"16235","ENSMUSG00000041673","protein_coding"
"16236","ENSMUSG00000063506","protein_coding"
"16237","ENSMUSG00000021936","protein_coding"
"16238","ENSMUSG00000108841","protein_coding"
"16239","ENSMUSG00000021940","protein_coding"
"16240","ENSMUSG00000021943","protein_coding"
"16241","ENSMUSG00000072625","protein_coding"
"16242","ENSMUSG00000041534","protein_coding"
"16243","ENSMUSG00000044519","protein_coding"
"16244","ENSMUSG00000115726","protein_coding"
"16245","ENSMUSG00000072624","protein_coding"
"16246","ENSMUSG00000095493","protein_coding"
"16247","ENSMUSG00000047441","protein_coding"
"16248","ENSMUSG00000021950","protein_coding"
"16249","ENSMUSG00000048337","protein_coding"
"16250","ENSMUSG00000071531","protein_coding"
"16251","ENSMUSG00000041479","protein_coding"
"16252","ENSMUSG00000041471","protein_coding"
"16253","ENSMUSG00000021794","protein_coding"
"16254","ENSMUSG00000043681","protein_coding"
"16255","ENSMUSG00000023064","protein_coding"
"16256","ENSMUSG00000041445","protein_coding"
"16257","ENSMUSG00000021796","protein_coding"
"16258","ENSMUSG00000021797","protein_coding"
"16259","ENSMUSG00000021798","protein_coding"
"16260","ENSMUSG00000021799","protein_coding"
"16261","ENSMUSG00000041408","protein_coding"
"16262","ENSMUSG00000041078","protein_coding"
"16263","ENSMUSG00000041068","protein_coding"
"16264","ENSMUSG00000096405","protein_coding"
"16265","ENSMUSG00000058690","protein_coding"
"16266","ENSMUSG00000021804","protein_coding"
"16267","ENSMUSG00000041044","protein_coding"
"16268","ENSMUSG00000043418","protein_coding"
"16269","ENSMUSG00000021803","protein_coding"
"16270","ENSMUSG00000096001","protein_coding"
"16271","ENSMUSG00000041028","protein_coding"
"16272","ENSMUSG00000041014","protein_coding"
"16273","ENSMUSG00000037833","protein_coding"
"16274","ENSMUSG00000037824","protein_coding"
"16275","ENSMUSG00000021792","protein_coding"
"16276","ENSMUSG00000021791","protein_coding"
"16277","ENSMUSG00000021790","protein_coding"
"16278","ENSMUSG00000037798","protein_coding"
"16279","ENSMUSG00000021789","protein_coding"
"16280","ENSMUSG00000037780","protein_coding"
"16281","ENSMUSG00000021795","protein_coding"
"16282","ENSMUSG00000091110","protein_coding"
"16283","ENSMUSG00000094925","protein_coding"
"16284","ENSMUSG00000090505","protein_coding"
"16285","ENSMUSG00000090440","protein_coding"
"16286","ENSMUSG00000079269","protein_coding"
"16287","ENSMUSG00000114852","protein_coding"
"16288","ENSMUSG00000079271","protein_coding"
"16289","ENSMUSG00000052334","protein_coding"
"16290","ENSMUSG00000093945","protein_coding"
"16291","ENSMUSG00000091792","protein_coding"
"16292","ENSMUSG00000092152","protein_coding"
"16293","ENSMUSG00000094157","protein_coding"
"16294","ENSMUSG00000094954","protein_coding"
"16295","ENSMUSG00000095318","protein_coding"
"16296","ENSMUSG00000095226","protein_coding"
"16297","ENSMUSG00000072605","protein_coding"
"16298","ENSMUSG00000091733","protein_coding"
"16299","ENSMUSG00000096446","protein_coding"
"16300","ENSMUSG00000094151","protein_coding"
"16301","ENSMUSG00000094784","protein_coding"
"16302","ENSMUSG00000090634","protein_coding"
"16303","ENSMUSG00000090713","protein_coding"
"16304","ENSMUSG00000095384","protein_coding"
"16305","ENSMUSG00000091477","protein_coding"
"16306","ENSMUSG00000095528","protein_coding"
"16307","ENSMUSG00000091698","protein_coding"
"16308","ENSMUSG00000049235","protein_coding"
"16309","ENSMUSG00000072601","protein_coding"
"16310","ENSMUSG00000090166","protein_coding"
"16311","ENSMUSG00000089901","protein_coding"
"16312","ENSMUSG00000053961","protein_coding"
"16313","ENSMUSG00000072598","protein_coding"
"16314","ENSMUSG00000072596","protein_coding"
"16315","ENSMUSG00000072595","protein_coding"
"16316","ENSMUSG00000091725","protein_coding"
"16317","ENSMUSG00000079267","protein_coding"
"16318","ENSMUSG00000090379","protein_coding"
"16319","ENSMUSG00000090716","protein_coding"
"16320","ENSMUSG00000072145","protein_coding"
"16321","ENSMUSG00000092165","protein_coding"
"16322","ENSMUSG00000091122","protein_coding"
"16323","ENSMUSG00000079265","protein_coding"
"16324","ENSMUSG00000091923","protein_coding"
"16325","ENSMUSG00000071489","protein_coding"
"16326","ENSMUSG00000037759","protein_coding"
"16327","ENSMUSG00000021830","protein_coding"
"16328","ENSMUSG00000049092","protein_coding"
"16329","ENSMUSG00000021831","protein_coding"
"16330","ENSMUSG00000021832","protein_coding"
"16331","ENSMUSG00000053205","protein_coding"
"16332","ENSMUSG00000037722","protein_coding"
"16333","ENSMUSG00000037712","protein_coding"
"16334","ENSMUSG00000037697","protein_coding"
"16335","ENSMUSG00000021835","protein_coding"
"16336","ENSMUSG00000037628","protein_coding"
"16337","ENSMUSG00000015759","protein_coding"
"16338","ENSMUSG00000062014","protein_coding"
"16339","ENSMUSG00000055128","protein_coding"
"16340","ENSMUSG00000021838","protein_coding"
"16341","ENSMUSG00000037580","protein_coding"
"16342","ENSMUSG00000037572","protein_coding"
"16343","ENSMUSG00000048379","protein_coding"
"16344","ENSMUSG00000021840","protein_coding"
"16345","ENSMUSG00000050335","protein_coding"
"16346","ENSMUSG00000037544","protein_coding"
"16347","ENSMUSG00000037536","protein_coding"
"16348","ENSMUSG00000037526","protein_coding"
"16349","ENSMUSG00000021843","protein_coding"
"16350","ENSMUSG00000021846","protein_coding"
"16351","ENSMUSG00000036339","protein_coding"
"16352","ENSMUSG00000021848","protein_coding"
"16353","ENSMUSG00000061244","protein_coding"
"16354","ENSMUSG00000036291","protein_coding"
"16355","ENSMUSG00000036282","protein_coding"
"16356","ENSMUSG00000021850","protein_coding"
"16357","ENSMUSG00000021852","protein_coding"
"16358","ENSMUSG00000036242","protein_coding"
"16359","ENSMUSG00000048933","protein_coding"
"16360","ENSMUSG00000093825","protein_coding"
"16361","ENSMUSG00000096254","protein_coding"
"16362","ENSMUSG00000068437","protein_coding"
"16363","ENSMUSG00000060523","protein_coding"
"16364","ENSMUSG00000059488","protein_coding"
"16365","ENSMUSG00000050030","protein_coding"
"16366","ENSMUSG00000049011","protein_coding"
"16367","ENSMUSG00000109835","protein_coding"
"16368","ENSMUSG00000048080","protein_coding"
"16369","ENSMUSG00000091873","protein_coding"
"16370","ENSMUSG00000090874","protein_coding"
"16371","ENSMUSG00000045306","protein_coding"
"16372","ENSMUSG00000046210","protein_coding"
"16373","ENSMUSG00000051969","protein_coding"
"16374","ENSMUSG00000047716","protein_coding"
"16375","ENSMUSG00000094692","protein_coding"
"16376","ENSMUSG00000057903","protein_coding"
"16377","ENSMUSG00000095917","protein_coding"
"16378","ENSMUSG00000095765","protein_coding"
"16379","ENSMUSG00000068431","protein_coding"
"16380","ENSMUSG00000094285","protein_coding"
"16381","ENSMUSG00000053815","protein_coding"
"16382","ENSMUSG00000050028","protein_coding"
"16383","ENSMUSG00000058188","protein_coding"
"16384","ENSMUSG00000057179","protein_coding"
"16385","ENSMUSG00000060084","protein_coding"
"16386","ENSMUSG00000059069","protein_coding"
"16387","ENSMUSG00000006288","protein_coding"
"16388","ENSMUSG00000071470","protein_coding"
"16389","ENSMUSG00000036023","protein_coding"
"16390","ENSMUSG00000006281","protein_coding"
"16391","ENSMUSG00000090799","protein_coding"
"16392","ENSMUSG00000006289","protein_coding"
"16393","ENSMUSG00000035960","protein_coding"
"16394","ENSMUSG00000035953","protein_coding"
"16395","ENSMUSG00000115338","protein_coding"
"16396","ENSMUSG00000021871","protein_coding"
"16397","ENSMUSG00000068417","protein_coding"
"16398","ENSMUSG00000021872","protein_coding"
"16399","ENSMUSG00000052382","protein_coding"
"16400","ENSMUSG00000059648","protein_coding"
"16401","ENSMUSG00000068407","protein_coding"
"16402","ENSMUSG00000035932","protein_coding"
"16403","ENSMUSG00000021876","protein_coding"
"16404","ENSMUSG00000072115","protein_coding"
"16405","ENSMUSG00000072575","protein_coding"
"16406","ENSMUSG00000021880","protein_coding"
"16407","ENSMUSG00000035896","protein_coding"
"16408","ENSMUSG00000059606","protein_coding"
"16409","ENSMUSG00000047894","protein_coding"
"16410","ENSMUSG00000050766","protein_coding"
"16411","ENSMUSG00000047222","protein_coding"
"16412","ENSMUSG00000068399","protein_coding"
"16413","ENSMUSG00000000606","protein_coding"
"16414","ENSMUSG00000079244","protein_coding"
"16415","ENSMUSG00000091142","protein_coding"
"16416","ENSMUSG00000096024","protein_coding"
"16417","ENSMUSG00000094715","protein_coding"
"16418","ENSMUSG00000091296","protein_coding"
"16419","ENSMUSG00000090740","protein_coding"
"16420","ENSMUSG00000068506","protein_coding"
"16421","ENSMUSG00000060615","protein_coding"
"16422","ENSMUSG00000050961","protein_coding"
"16423","ENSMUSG00000062148","protein_coding"
"16424","ENSMUSG00000004561","protein_coding"
"16425","ENSMUSG00000072572","protein_coding"
"16426","ENSMUSG00000004558","protein_coding"
"16427","ENSMUSG00000008813","protein_coding"
"16428","ENSMUSG00000068392","protein_coding"
"16429","ENSMUSG00000004562","protein_coding"
"16430","ENSMUSG00000049295","protein_coding"
"16431","ENSMUSG00000072571","protein_coding"
"16432","ENSMUSG00000044286","protein_coding"
"16433","ENSMUSG00000060373","protein_coding"
"16434","ENSMUSG00000057132","protein_coding"
"16435","ENSMUSG00000035726","protein_coding"
"16436","ENSMUSG00000053754","protein_coding"
"16437","ENSMUSG00000022159","protein_coding"
"16438","ENSMUSG00000016831","protein_coding"
"16439","ENSMUSG00000022160","protein_coding"
"16440","ENSMUSG00000049532","protein_coding"
"16441","ENSMUSG00000095030","protein_coding"
"16442","ENSMUSG00000094140","protein_coding"
"16443","ENSMUSG00000063867","protein_coding"
"16444","ENSMUSG00000063106","protein_coding"
"16445","ENSMUSG00000035626","protein_coding"
"16446","ENSMUSG00000057564","protein_coding"
"16447","ENSMUSG00000059887","protein_coding"
"16448","ENSMUSG00000022174","protein_coding"
"16449","ENSMUSG00000040997","protein_coding"
"16450","ENSMUSG00000048153","protein_coding"
"16451","ENSMUSG00000000959","protein_coding"
"16452","ENSMUSG00000000958","protein_coding"
"16453","ENSMUSG00000010406","protein_coding"
"16454","ENSMUSG00000000957","protein_coding"
"16455","ENSMUSG00000022175","protein_coding"
"16456","ENSMUSG00000022176","protein_coding"
"16457","ENSMUSG00000023110","protein_coding"
"16458","ENSMUSG00000022177","protein_coding"
"16459","ENSMUSG00000022178","protein_coding"
"16460","ENSMUSG00000022179","protein_coding"
"16461","ENSMUSG00000022193","protein_coding"
"16462","ENSMUSG00000072423","protein_coding"
"16463","ENSMUSG00000059674","protein_coding"
"16464","ENSMUSG00000022185","protein_coding"
"16465","ENSMUSG00000040822","protein_coding"
"16466","ENSMUSG00000114865","protein_coding"
"16467","ENSMUSG00000052435","protein_coding"
"16468","ENSMUSG00000022180","protein_coding"
"16469","ENSMUSG00000112858","protein_coding"
"16470","ENSMUSG00000057156","protein_coding"
"16471","ENSMUSG00000072494","protein_coding"
"16472","ENSMUSG00000089682","protein_coding"
"16473","ENSMUSG00000092232","protein_coding"
"16474","ENSMUSG00000022194","protein_coding"
"16475","ENSMUSG00000022199","protein_coding"
"16476","ENSMUSG00000022203","protein_coding"
"16477","ENSMUSG00000040770","protein_coding"
"16478","ENSMUSG00000040759","protein_coding"
"16479","ENSMUSG00000040752","protein_coding"
"16480","ENSMUSG00000053093","protein_coding"
"16481","ENSMUSG00000022204","protein_coding"
"16482","ENSMUSG00000040721","protein_coding"
"16483","ENSMUSG00000045691","protein_coding"
"16484","ENSMUSG00000040701","protein_coding"
"16485","ENSMUSG00000022208","protein_coding"
"16486","ENSMUSG00000022209","protein_coding"
"16487","ENSMUSG00000022210","protein_coding"
"16488","ENSMUSG00000022211","protein_coding"
"16489","ENSMUSG00000022212","protein_coding"
"16490","ENSMUSG00000040632","protein_coding"
"16491","ENSMUSG00000040618","protein_coding"
"16492","ENSMUSG00000022214","protein_coding"
"16493","ENSMUSG00000022215","protein_coding"
"16494","ENSMUSG00000022216","protein_coding"
"16495","ENSMUSG00000022217","protein_coding"
"16496","ENSMUSG00000079197","protein_coding"
"16497","ENSMUSG00000047098","protein_coding"
"16498","ENSMUSG00000002325","protein_coding"
"16499","ENSMUSG00000002324","protein_coding"
"16500","ENSMUSG00000002319","protein_coding"
"16501","ENSMUSG00000115232","protein_coding"
"16502","ENSMUSG00000002320","protein_coding"
"16503","ENSMUSG00000007591","protein_coding"
"16504","ENSMUSG00000002329","protein_coding"
"16505","ENSMUSG00000010376","protein_coding"
"16506","ENSMUSG00000002326","protein_coding"
"16507","ENSMUSG00000007589","protein_coding"
"16508","ENSMUSG00000022218","protein_coding"
"16509","ENSMUSG00000040472","protein_coding"
"16510","ENSMUSG00000002332","protein_coding"
"16511","ENSMUSG00000019297","protein_coding"
"16512","ENSMUSG00000022219","protein_coding"
"16513","ENSMUSG00000040432","protein_coding"
"16514","ENSMUSG00000046908","protein_coding"
"16515","ENSMUSG00000022220","protein_coding"
"16516","ENSMUSG00000022221","protein_coding"
"16517","ENSMUSG00000023411","protein_coding"
"16518","ENSMUSG00000075592","protein_coding"
"16519","ENSMUSG00000040380","protein_coding"
"16520","ENSMUSG00000047153","protein_coding"
"16521","ENSMUSG00000022223","protein_coding"
"16522","ENSMUSG00000022225","protein_coding"
"16523","ENSMUSG00000068289","protein_coding"
"16524","ENSMUSG00000022227","protein_coding"
"16525","ENSMUSG00000071361","protein_coding"
"16526","ENSMUSG00000022226","protein_coding"
"16527","ENSMUSG00000061068","protein_coding"
"16528","ENSMUSG00000022157","protein_coding"
"16529","ENSMUSG00000040314","protein_coding"
"16530","ENSMUSG00000022156","protein_coding"
"16531","ENSMUSG00000059256","protein_coding"
"16532","ENSMUSG00000040284","protein_coding"
"16533","ENSMUSG00000015443","protein_coding"
"16534","ENSMUSG00000015441","protein_coding"
"16535","ENSMUSG00000079186","protein_coding"
"16536","ENSMUSG00000015437","protein_coding"
"16537","ENSMUSG00000022229","protein_coding"
"16538","ENSMUSG00000000365","protein_coding"
"16539","ENSMUSG00000064128","protein_coding"
"16540","ENSMUSG00000054509","protein_coding"
"16541","ENSMUSG00000079184","protein_coding"
"16542","ENSMUSG00000021938","protein_coding"
"16543","ENSMUSG00000040123","protein_coding"
"16544","ENSMUSG00000021945","protein_coding"
"16545","ENSMUSG00000048582","protein_coding"
"16546","ENSMUSG00000046352","protein_coding"
"16547","ENSMUSG00000040055","protein_coding"
"16548","ENSMUSG00000021947","protein_coding"
"16549","ENSMUSG00000040040","protein_coding"
"16550","ENSMUSG00000050222","protein_coding"
"16551","ENSMUSG00000021951","protein_coding"
"16552","ENSMUSG00000021952","protein_coding"
"16553","ENSMUSG00000114942","protein_coding"
"16554","ENSMUSG00000021959","protein_coding"
"16555","ENSMUSG00000021963","protein_coding"
"16556","ENSMUSG00000021965","protein_coding"
"16557","ENSMUSG00000021967","protein_coding"
"16558","ENSMUSG00000021969","protein_coding"
"16559","ENSMUSG00000021973","protein_coding"
"16560","ENSMUSG00000021974","protein_coding"
"16561","ENSMUSG00000021977","protein_coding"
"16562","ENSMUSG00000035469","protein_coding"
"16563","ENSMUSG00000044703","protein_coding"
"16564","ENSMUSG00000091649","protein_coding"
"16565","ENSMUSG00000068245","protein_coding"
"16566","ENSMUSG00000091144","protein_coding"
"16567","ENSMUSG00000071350","protein_coding"
"16568","ENSMUSG00000021981","protein_coding"
"16569","ENSMUSG00000021982","protein_coding"
"16570","ENSMUSG00000044461","protein_coding"
"16571","ENSMUSG00000021983","protein_coding"
"16572","ENSMUSG00000063895","protein_coding"
"16573","ENSMUSG00000114797","protein_coding"
"16574","ENSMUSG00000021987","protein_coding"
"16575","ENSMUSG00000021986","protein_coding"
"16576","ENSMUSG00000021990","protein_coding"
"16577","ENSMUSG00000071347","protein_coding"
"16578","ENSMUSG00000021993","protein_coding"
"16579","ENSMUSG00000060548","protein_coding"
"16580","ENSMUSG00000048279","protein_coding"
"16581","ENSMUSG00000035296","protein_coding"
"16582","ENSMUSG00000043157","protein_coding"
"16583","ENSMUSG00000021928","protein_coding"
"16584","ENSMUSG00000021929","protein_coding"
"16585","ENSMUSG00000021930","protein_coding"
"16586","ENSMUSG00000035235","protein_coding"
"16587","ENSMUSG00000046168","protein_coding"
"16588","ENSMUSG00000048281","protein_coding"
"16589","ENSMUSG00000021932","protein_coding"
"16590","ENSMUSG00000021933","protein_coding"
"16591","ENSMUSG00000100486","protein_coding"
"16592","ENSMUSG00000035184","protein_coding"
"16593","ENSMUSG00000091155","protein_coding"
"16594","ENSMUSG00000035161","protein_coding"
"16595","ENSMUSG00000014547","protein_coding"
"16596","ENSMUSG00000075574","protein_coding"
"16597","ENSMUSG00000075573","protein_coding"
"16598","ENSMUSG00000075572","protein_coding"
"16599","ENSMUSG00000075571","protein_coding"
"16600","ENSMUSG00000054763","protein_coding"
"16601","ENSMUSG00000021939","protein_coding"
"16602","ENSMUSG00000021273","protein_coding"
"16603","ENSMUSG00000035121","protein_coding"
"16604","ENSMUSG00000021944","protein_coding"
"16605","ENSMUSG00000014453","protein_coding"
"16606","ENSMUSG00000035095","protein_coding"
"16607","ENSMUSG00000021953","protein_coding"
"16608","ENSMUSG00000035078","protein_coding"
"16609","ENSMUSG00000035067","protein_coding"
"16610","ENSMUSG00000021958","protein_coding"
"16611","ENSMUSG00000063060","protein_coding"
"16612","ENSMUSG00000021961","protein_coding"
"16613","ENSMUSG00000046049","protein_coding"
"16614","ENSMUSG00000034623","protein_coding"
"16615","ENSMUSG00000052099","protein_coding"
"16616","ENSMUSG00000021966","protein_coding"
"16617","ENSMUSG00000054733","protein_coding"
"16618","ENSMUSG00000060012","protein_coding"
"16619","ENSMUSG00000021972","protein_coding"
"16620","ENSMUSG00000021975","protein_coding"
"16621","ENSMUSG00000021978","protein_coding"
"16622","ENSMUSG00000007989","protein_coding"
"16623","ENSMUSG00000034532","protein_coding"
"16624","ENSMUSG00000034522","protein_coding"
"16625","ENSMUSG00000045731","protein_coding"
"16626","ENSMUSG00000022031","protein_coding"
"16627","ENSMUSG00000061356","protein_coding"
"16628","ENSMUSG00000022032","protein_coding"
"16629","ENSMUSG00000022033","protein_coding"
"16630","ENSMUSG00000022034","protein_coding"
"16631","ENSMUSG00000022035","protein_coding"
"16632","ENSMUSG00000034463","protein_coding"
"16633","ENSMUSG00000022037","protein_coding"
"16634","ENSMUSG00000034450","protein_coding"
"16635","ENSMUSG00000022039","protein_coding"
"16636","ENSMUSG00000022040","protein_coding"
"16637","ENSMUSG00000022041","protein_coding"
"16638","ENSMUSG00000059456","protein_coding"
"16639","ENSMUSG00000022043","protein_coding"
"16640","ENSMUSG00000022044","protein_coding"
"16641","ENSMUSG00000045875","protein_coding"
"16642","ENSMUSG00000022048","protein_coding"
"16643","ENSMUSG00000046204","protein_coding"
"16644","ENSMUSG00000022051","protein_coding"
"16645","ENSMUSG00000022052","protein_coding"
"16646","ENSMUSG00000022053","protein_coding"
"16647","ENSMUSG00000048922","protein_coding"
"16648","ENSMUSG00000034327","protein_coding"
"16649","ENSMUSG00000015812","protein_coding"
"16650","ENSMUSG00000044447","protein_coding"
"16651","ENSMUSG00000022054","protein_coding"
"16652","ENSMUSG00000022055","protein_coding"
"16653","ENSMUSG00000022056","protein_coding"
"16654","ENSMUSG00000022057","protein_coding"
"16655","ENSMUSG00000014725","protein_coding"
"16656","ENSMUSG00000014813","protein_coding"
"16657","ENSMUSG00000044186","protein_coding"
"16658","ENSMUSG00000022061","protein_coding"
"16659","ENSMUSG00000034248","protein_coding"
"16660","ENSMUSG00000047977","protein_coding"
"16661","ENSMUSG00000095463","protein_coding"
"16662","ENSMUSG00000093954","protein_coding"
"16663","ENSMUSG00000098773","protein_coding"
"16664","ENSMUSG00000022066","protein_coding"
"16665","ENSMUSG00000034205","protein_coding"
"16666","ENSMUSG00000034194","protein_coding"
"16667","ENSMUSG00000034190","protein_coding"
"16668","ENSMUSG00000022074","protein_coding"
"16669","ENSMUSG00000022075","protein_coding"
"16670","ENSMUSG00000022085","protein_coding"
"16671","ENSMUSG00000033730","protein_coding"
"16672","ENSMUSG00000022089","protein_coding"
"16673","ENSMUSG00000033712","protein_coding"
"16674","ENSMUSG00000044551","protein_coding"
"16675","ENSMUSG00000022090","protein_coding"
"16676","ENSMUSG00000022091","protein_coding"
"16677","ENSMUSG00000022092","protein_coding"
"16678","ENSMUSG00000022094","protein_coding"
"16679","ENSMUSG00000033644","protein_coding"
"16680","ENSMUSG00000000776","protein_coding"
"16681","ENSMUSG00000003469","protein_coding"
"16682","ENSMUSG00000022098","protein_coding"
"16683","ENSMUSG00000022097","protein_coding"
"16684","ENSMUSG00000033595","protein_coding"
"16685","ENSMUSG00000033589","protein_coding"
"16686","ENSMUSG00000022096","protein_coding"
"16687","ENSMUSG00000045211","protein_coding"
"16688","ENSMUSG00000022095","protein_coding"
"16689","ENSMUSG00000022099","protein_coding"
"16690","ENSMUSG00000022101","protein_coding"
"16691","ENSMUSG00000047911","protein_coding"
"16692","ENSMUSG00000022100","protein_coding"
"16693","ENSMUSG00000022102","protein_coding"
"16694","ENSMUSG00000022103","protein_coding"
"16695","ENSMUSG00000109446","protein_coding"
"16696","ENSMUSG00000033487","protein_coding"
"16697","ENSMUSG00000033470","protein_coding"
"16698","ENSMUSG00000022106","protein_coding"
"16699","ENSMUSG00000022105","protein_coding"
"16700","ENSMUSG00000033446","protein_coding"
"16701","ENSMUSG00000022108","protein_coding"
"16702","ENSMUSG00000022109","protein_coding"
"16703","ENSMUSG00000033405","protein_coding"
"16704","ENSMUSG00000022110","protein_coding"
"16705","ENSMUSG00000034997","protein_coding"
"16706","ENSMUSG00000021996","protein_coding"
"16707","ENSMUSG00000068015","protein_coding"
"16708","ENSMUSG00000034959","protein_coding"
"16709","ENSMUSG00000021997","protein_coding"
"16710","ENSMUSG00000021998","protein_coding"
"16711","ENSMUSG00000021999","protein_coding"
"16712","ENSMUSG00000022000","protein_coding"
"16713","ENSMUSG00000091722","protein_coding"
"16714","ENSMUSG00000034913","protein_coding"
"16715","ENSMUSG00000022002","protein_coding"
"16716","ENSMUSG00000034893","protein_coding"
"16717","ENSMUSG00000022003","protein_coding"
"16718","ENSMUSG00000060126","protein_coding"
"16719","ENSMUSG00000067995","protein_coding"
"16720","ENSMUSG00000046523","protein_coding"
"16721","ENSMUSG00000022008","protein_coding"
"16722","ENSMUSG00000022009","protein_coding"
"16723","ENSMUSG00000022010","protein_coding"
"16724","ENSMUSG00000052584","protein_coding"
"16725","ENSMUSG00000044350","protein_coding"
"16726","ENSMUSG00000034795","protein_coding"
"16727","ENSMUSG00000022012","protein_coding"
"16728","ENSMUSG00000022013","protein_coding"
"16729","ENSMUSG00000022014","protein_coding"
"16730","ENSMUSG00000045655","protein_coding"
"16731","ENSMUSG00000022015","protein_coding"
"16732","ENSMUSG00000022016","protein_coding"
"16733","ENSMUSG00000034731","protein_coding"
"16734","ENSMUSG00000058997","protein_coding"
"16735","ENSMUSG00000071262","protein_coding"
"16736","ENSMUSG00000022018","protein_coding"
"16737","ENSMUSG00000022020","protein_coding"
"16738","ENSMUSG00000022022","protein_coding"
"16739","ENSMUSG00000043881","protein_coding"
"16740","ENSMUSG00000075502","protein_coding"
"16741","ENSMUSG00000022023","protein_coding"
"16742","ENSMUSG00000036461","protein_coding"
"16743","ENSMUSG00000022024","protein_coding"
"16744","ENSMUSG00000022025","protein_coding"
"16745","ENSMUSG00000036422","protein_coding"
"16746","ENSMUSG00000022026","protein_coding"
"16747","ENSMUSG00000035566","protein_coding"
"16748","ENSMUSG00000022021","protein_coding"
"16749","ENSMUSG00000022019","protein_coding"
"16750","ENSMUSG00000050505","protein_coding"
"16751","ENSMUSG00000055421","protein_coding"
"16752","ENSMUSG00000034689","protein_coding"
"16753","ENSMUSG00000022076","protein_coding"
"16754","ENSMUSG00000055639","protein_coding"
"16755","ENSMUSG00000033186","protein_coding"
"16756","ENSMUSG00000022070","protein_coding"
"16757","ENSMUSG00000033166","protein_coding"
"16758","ENSMUSG00000022064","protein_coding"
"16759","ENSMUSG00000005148","protein_coding"
"16760","ENSMUSG00000072294","protein_coding"
"16761","ENSMUSG00000042888","protein_coding"
"16762","ENSMUSG00000033083","protein_coding"
"16763","ENSMUSG00000075486","protein_coding"
"16764","ENSMUSG00000022111","protein_coding"
"16765","ENSMUSG00000033060","protein_coding"
"16766","ENSMUSG00000098557","protein_coding"
"16767","ENSMUSG00000022126","protein_coding"
"16768","ENSMUSG00000022125","protein_coding"
"16769","ENSMUSG00000022124","protein_coding"
"16770","ENSMUSG00000033004","protein_coding"
"16771","ENSMUSG00000022123","protein_coding"
"16772","ENSMUSG00000055717","protein_coding"
"16773","ENSMUSG00000022122","protein_coding"
"16774","ENSMUSG00000048349","protein_coding"
"16775","ENSMUSG00000022120","protein_coding"
"16776","ENSMUSG00000022119","protein_coding"
"16777","ENSMUSG00000053253","protein_coding"
"16778","ENSMUSG00000022114","protein_coding"
"16779","ENSMUSG00000022113","protein_coding"
"16780","ENSMUSG00000075478","protein_coding"
"16781","ENSMUSG00000045871","protein_coding"
"16782","ENSMUSG00000033214","protein_coding"
"16783","ENSMUSG00000058126","protein_coding"
"16784","ENSMUSG00000022112","protein_coding"
"16785","ENSMUSG00000058571","protein_coding"
"16786","ENSMUSG00000022129","protein_coding"
"16787","ENSMUSG00000022130","protein_coding"
"16788","ENSMUSG00000022131","protein_coding"
"16789","ENSMUSG00000061517","protein_coding"
"16790","ENSMUSG00000092109","protein_coding"
"16791","ENSMUSG00000032849","protein_coding"
"16792","ENSMUSG00000022132","protein_coding"
"16793","ENSMUSG00000042156","protein_coding"
"16794","ENSMUSG00000022136","protein_coding"
"16795","ENSMUSG00000042104","protein_coding"
"16796","ENSMUSG00000053465","protein_coding"
"16797","ENSMUSG00000044819","protein_coding"
"16798","ENSMUSG00000022139","protein_coding"
"16799","ENSMUSG00000051615","protein_coding"
"16800","ENSMUSG00000030662","protein_coding"
"16801","ENSMUSG00000025555","protein_coding"
"16802","ENSMUSG00000063410","protein_coding"
"16803","ENSMUSG00000025557","protein_coding"
"16804","ENSMUSG00000025558","protein_coding"
"16805","ENSMUSG00000041765","protein_coding"
"16806","ENSMUSG00000050350","protein_coding"
"16807","ENSMUSG00000051212","protein_coding"
"16808","ENSMUSG00000071229","protein_coding"
"16809","ENSMUSG00000025544","protein_coding"
"16810","ENSMUSG00000025545","protein_coding"
"16811","ENSMUSG00000041703","protein_coding"
"16812","ENSMUSG00000061524","protein_coding"
"16813","ENSMUSG00000041650","protein_coding"
"16814","ENSMUSG00000041625","protein_coding"
"16815","ENSMUSG00000041594","protein_coding"
"16816","ENSMUSG00000000197","protein_coding"
"16817","ENSMUSG00000032925","protein_coding"
"16818","ENSMUSG00000025551","protein_coding"
"16819","ENSMUSG00000064373","protein_coding"
"16820","ENSMUSG00000091119","protein_coding"
"16821","ENSMUSG00000055737","protein_coding"
"16822","ENSMUSG00000022184","protein_coding"
"16823","ENSMUSG00000041935","protein_coding"
"16824","ENSMUSG00000022186","protein_coding"
"16825","ENSMUSG00000049148","protein_coding"
"16826","ENSMUSG00000022181","protein_coding"
"16827","ENSMUSG00000022155","protein_coding"
"16828","ENSMUSG00000079105","protein_coding"
"16829","ENSMUSG00000041849","protein_coding"
"16830","ENSMUSG00000041841","protein_coding"
"16831","ENSMUSG00000050697","protein_coding"
"16832","ENSMUSG00000022151","protein_coding"
"16833","ENSMUSG00000039942","protein_coding"
"16834","ENSMUSG00000022150","protein_coding"
"16835","ENSMUSG00000022149","protein_coding"
"16836","ENSMUSG00000022148","protein_coding"
"16837","ENSMUSG00000050310","protein_coding"
"16838","ENSMUSG00000022146","protein_coding"
"16839","ENSMUSG00000054263","protein_coding"
"16840","ENSMUSG00000042961","protein_coding"
"16841","ENSMUSG00000022144","protein_coding"
"16842","ENSMUSG00000039828","protein_coding"
"16843","ENSMUSG00000022142","protein_coding"
"16844","ENSMUSG00000039801","protein_coding"
"16845","ENSMUSG00000022141","protein_coding"
"16846","ENSMUSG00000005360","protein_coding"
"16847","ENSMUSG00000048424","protein_coding"
"16848","ENSMUSG00000022253","protein_coding"
"16849","ENSMUSG00000054115","protein_coding"
"16850","ENSMUSG00000039704","protein_coding"
"16851","ENSMUSG00000072664","protein_coding"
"16852","ENSMUSG00000049152","protein_coding"
"16853","ENSMUSG00000039676","protein_coding"
"16854","ENSMUSG00000003882","protein_coding"
"16855","ENSMUSG00000072663","protein_coding"
"16856","ENSMUSG00000005268","protein_coding"
"16857","ENSMUSG00000094814","protein_coding"
"16858","ENSMUSG00000089678","protein_coding"
"16859","ENSMUSG00000044224","protein_coding"
"16860","ENSMUSG00000022247","protein_coding"
"16861","ENSMUSG00000022248","protein_coding"
"16862","ENSMUSG00000022249","protein_coding"
"16863","ENSMUSG00000022246","protein_coding"
"16864","ENSMUSG00000058914","protein_coding"
"16865","ENSMUSG00000022244","protein_coding"
"16866","ENSMUSG00000022243","protein_coding"
"16867","ENSMUSG00000060735","protein_coding"
"16868","ENSMUSG00000047497","protein_coding"
"16869","ENSMUSG00000022241","protein_coding"
"16870","ENSMUSG00000022206","protein_coding"
"16871","ENSMUSG00000022205","protein_coding"
"16872","ENSMUSG00000022201","protein_coding"
"16873","ENSMUSG00000039458","protein_coding"
"16874","ENSMUSG00000097221","protein_coding"
"16875","ENSMUSG00000022200","protein_coding"
"16876","ENSMUSG00000022197","protein_coding"
"16877","ENSMUSG00000022195","protein_coding"
"16878","ENSMUSG00000022191","protein_coding"
"16879","ENSMUSG00000039385","protein_coding"
"16880","ENSMUSG00000025370","protein_coding"
"16881","ENSMUSG00000022321","protein_coding"
"16882","ENSMUSG00000040452","protein_coding"
"16883","ENSMUSG00000047565","protein_coding"
"16884","ENSMUSG00000040420","protein_coding"
"16885","ENSMUSG00000045763","protein_coding"
"16886","ENSMUSG00000022272","protein_coding"
"16887","ENSMUSG00000022270","protein_coding"
"16888","ENSMUSG00000052253","protein_coding"
"16889","ENSMUSG00000022269","protein_coding"
"16890","ENSMUSG00000043556","protein_coding"
"16891","ENSMUSG00000022265","protein_coding"
"16892","ENSMUSG00000046034","protein_coding"
"16893","ENSMUSG00000056069","protein_coding"
"16894","ENSMUSG00000022263","protein_coding"
"16895","ENSMUSG00000022262","protein_coding"
"16896","ENSMUSG00000022240","protein_coding"
"16897","ENSMUSG00000039168","protein_coding"
"16898","ENSMUSG00000022237","protein_coding"
"16899","ENSMUSG00000022236","protein_coding"
"16900","ENSMUSG00000039100","protein_coding"
"16901","ENSMUSG00000022235","protein_coding"
"16902","ENSMUSG00000022234","protein_coding"
"16903","ENSMUSG00000039065","protein_coding"
"16904","ENSMUSG00000045267","protein_coding"
"16905","ENSMUSG00000022231","protein_coding"
"16906","ENSMUSG00000022261","protein_coding"
"16907","ENSMUSG00000039007","protein_coding"
"16908","ENSMUSG00000038984","protein_coding"
"16909","ENSMUSG00000022255","protein_coding"
"16910","ENSMUSG00000022257","protein_coding"
"16911","ENSMUSG00000022324","protein_coding"
"16912","ENSMUSG00000094447","protein_coding"
"16913","ENSMUSG00000058600","protein_coding"
"16914","ENSMUSG00000044726","protein_coding"
"16915","ENSMUSG00000022323","protein_coding"
"16916","ENSMUSG00000022325","protein_coding"
"16917","ENSMUSG00000038879","protein_coding"
"16918","ENSMUSG00000050963","protein_coding"
"16919","ENSMUSG00000022329","protein_coding"
"16920","ENSMUSG00000022330","protein_coding"
"16921","ENSMUSG00000037646","protein_coding"
"16922","ENSMUSG00000014313","protein_coding"
"16923","ENSMUSG00000037627","protein_coding"
"16924","ENSMUSG00000048230","protein_coding"
"16925","ENSMUSG00000045996","protein_coding"
"16926","ENSMUSG00000037617","protein_coding"
"16927","ENSMUSG00000022280","protein_coding"
"16928","ENSMUSG00000048307","protein_coding"
"16929","ENSMUSG00000013611","protein_coding"
"16930","ENSMUSG00000022283","protein_coding"
"16931","ENSMUSG00000022285","protein_coding"
"16932","ENSMUSG00000062397","protein_coding"
"16933","ENSMUSG00000022286","protein_coding"
"16934","ENSMUSG00000051359","protein_coding"
"16935","ENSMUSG00000022292","protein_coding"
"16936","ENSMUSG00000037487","protein_coding"
"16937","ENSMUSG00000061923","protein_coding"
"16938","ENSMUSG00000037465","protein_coding"
"16939","ENSMUSG00000037458","protein_coding"
"16940","ENSMUSG00000022295","protein_coding"
"16941","ENSMUSG00000022296","protein_coding"
"16942","ENSMUSG00000022297","protein_coding"
"16943","ENSMUSG00000054196","protein_coding"
"16944","ENSMUSG00000022299","protein_coding"
"16945","ENSMUSG00000022300","protein_coding"
"16946","ENSMUSG00000037386","protein_coding"
"16947","ENSMUSG00000022303","protein_coding"
"16948","ENSMUSG00000022304","protein_coding"
"16949","ENSMUSG00000022305","protein_coding"
"16950","ENSMUSG00000094112","protein_coding"
"16951","ENSMUSG00000022306","protein_coding"
"16952","ENSMUSG00000022307","protein_coding"
"16953","ENSMUSG00000042895","protein_coding"
"16954","ENSMUSG00000022309","protein_coding"
"16955","ENSMUSG00000051920","protein_coding"
"16956","ENSMUSG00000022336","protein_coding"
"16957","ENSMUSG00000022337","protein_coding"
"16958","ENSMUSG00000054409","protein_coding"
"16959","ENSMUSG00000038760","protein_coding"
"16960","ENSMUSG00000038736","protein_coding"
"16961","ENSMUSG00000022338","protein_coding"
"16962","ENSMUSG00000038725","protein_coding"
"16963","ENSMUSG00000121576","protein_coding"
"16964","ENSMUSG00000022339","protein_coding"
"16965","ENSMUSG00000022340","protein_coding"
"16966","ENSMUSG00000022342","protein_coding"
"16967","ENSMUSG00000022311","protein_coding"
"16968","ENSMUSG00000038679","protein_coding"
"16969","ENSMUSG00000022312","protein_coding"
"16970","ENSMUSG00000022313","protein_coding"
"16971","ENSMUSG00000022314","protein_coding"
"16972","ENSMUSG00000068522","protein_coding"
"16973","ENSMUSG00000022315","protein_coding"
"16974","ENSMUSG00000038622","protein_coding"
"16975","ENSMUSG00000061731","protein_coding"
"16976","ENSMUSG00000058656","protein_coding"
"16977","ENSMUSG00000063727","protein_coding"
"16978","ENSMUSG00000038591","protein_coding"
"16979","ENSMUSG00000024479","protein_coding"
"16980","ENSMUSG00000037362","protein_coding"
"16981","ENSMUSG00000022425","protein_coding"
"16982","ENSMUSG00000037343","protein_coding"
"16983","ENSMUSG00000022422","protein_coding"
"16984","ENSMUSG00000022419","protein_coding"
"16985","ENSMUSG00000022371","protein_coding"
"16986","ENSMUSG00000022370","protein_coding"
"16987","ENSMUSG00000022369","protein_coding"
"16988","ENSMUSG00000060429","protein_coding"
"16989","ENSMUSG00000022367","protein_coding"
"16990","ENSMUSG00000022366","protein_coding"
"16991","ENSMUSG00000071757","protein_coding"
"16992","ENSMUSG00000022365","protein_coding"
"16993","ENSMUSG00000022364","protein_coding"
"16994","ENSMUSG00000051225","protein_coding"
"16995","ENSMUSG00000101892","protein_coding"
"16996","ENSMUSG00000022362","protein_coding"
"16997","ENSMUSG00000022361","protein_coding"
"16998","ENSMUSG00000022360","protein_coding"
"16999","ENSMUSG00000022359","protein_coding"
"17000","ENSMUSG00000022358","protein_coding"
"17001","ENSMUSG00000022357","protein_coding"
"17002","ENSMUSG00000055114","protein_coding"
"17003","ENSMUSG00000037119","protein_coding"
"17004","ENSMUSG00000037106","protein_coding"
"17005","ENSMUSG00000062373","protein_coding"
"17006","ENSMUSG00000037085","protein_coding"
"17007","ENSMUSG00000037075","protein_coding"
"17008","ENSMUSG00000115463","protein_coding"
"17009","ENSMUSG00000050891","protein_coding"
"17010","ENSMUSG00000022354","protein_coding"
"17011","ENSMUSG00000022353","protein_coding"
"17012","ENSMUSG00000022351","protein_coding"
"17013","ENSMUSG00000022350","protein_coding"
"17014","ENSMUSG00000059586","protein_coding"
"17015","ENSMUSG00000032501","protein_coding"
"17016","ENSMUSG00000071749","protein_coding"
"17017","ENSMUSG00000072568","protein_coding"
"17018","ENSMUSG00000022347","protein_coding"
"17019","ENSMUSG00000022346","protein_coding"
"17020","ENSMUSG00000079025","protein_coding"
"17021","ENSMUSG00000056293","protein_coding"
"17022","ENSMUSG00000055827","protein_coding"
"17023","ENSMUSG00000055748","protein_coding"
"17024","ENSMUSG00000022378","protein_coding"
"17025","ENSMUSG00000022377","protein_coding"
"17026","ENSMUSG00000022376","protein_coding"
"17027","ENSMUSG00000015002","protein_coding"
"17028","ENSMUSG00000015001","protein_coding"
"17029","ENSMUSG00000072511","protein_coding"
"17030","ENSMUSG00000056258","protein_coding"
"17031","ENSMUSG00000022375","protein_coding"
"17032","ENSMUSG00000036944","protein_coding"
"17033","ENSMUSG00000072501","protein_coding"
"17034","ENSMUSG00000053469","protein_coding"
"17035","ENSMUSG00000022372","protein_coding"
"17036","ENSMUSG00000005124","protein_coding"
"17037","ENSMUSG00000005125","protein_coding"
"17038","ENSMUSG00000013846","protein_coding"
"17039","ENSMUSG00000022335","protein_coding"
"17040","ENSMUSG00000022332","protein_coding"
"17041","ENSMUSG00000036800","protein_coding"
"17042","ENSMUSG00000079022","protein_coding"
"17043","ENSMUSG00000036760","protein_coding"
"17044","ENSMUSG00000047921","protein_coding"
"17045","ENSMUSG00000068391","protein_coding"
"17046","ENSMUSG00000036698","protein_coding"
"17047","ENSMUSG00000022607","protein_coding"
"17048","ENSMUSG00000036661","protein_coding"
"17049","ENSMUSG00000079020","protein_coding"
"17050","ENSMUSG00000045281","protein_coding"
"17051","ENSMUSG00000059895","protein_coding"
"17052","ENSMUSG00000072487","protein_coding"
"17053","ENSMUSG00000086361","protein_coding"
"17054","ENSMUSG00000034730","protein_coding"
"17055","ENSMUSG00000022603","protein_coding"
"17056","ENSMUSG00000022602","protein_coding"
"17057","ENSMUSG00000046380","protein_coding"
"17058","ENSMUSG00000022598","protein_coding"
"17059","ENSMUSG00000056665","protein_coding"
"17060","ENSMUSG00000022596","protein_coding"
"17061","ENSMUSG00000022595","protein_coding"
"17062","ENSMUSG00000075605","protein_coding"
"17063","ENSMUSG00000022594","protein_coding"
"17064","ENSMUSG00000034634","protein_coding"
"17065","ENSMUSG00000101026","protein_coding"
"17066","ENSMUSG00000044678","protein_coding"
"17067","ENSMUSG00000068349","protein_coding"
"17068","ENSMUSG00000068600","protein_coding"
"17069","ENSMUSG00000075604","protein_coding"
"17070","ENSMUSG00000022589","protein_coding"
"17071","ENSMUSG00000063522","protein_coding"
"17072","ENSMUSG00000022587","protein_coding"
"17073","ENSMUSG00000022586","protein_coding"
"17074","ENSMUSG00000075602","protein_coding"
"17075","ENSMUSG00000079018","protein_coding"
"17076","ENSMUSG00000022584","protein_coding"
"17077","ENSMUSG00000022582","protein_coding"
"17078","ENSMUSG00000047728","protein_coding"
"17079","ENSMUSG00000022583","protein_coding"
"17080","ENSMUSG00000093626","protein_coding"
"17081","ENSMUSG00000022577","protein_coding"
"17082","ENSMUSG00000022579","protein_coding"
"17083","ENSMUSG00000047003","protein_coding"
"17084","ENSMUSG00000000934","protein_coding"
"17085","ENSMUSG00000022580","protein_coding"
"17086","ENSMUSG00000047591","protein_coding"
"17087","ENSMUSG00000075600","protein_coding"
"17088","ENSMUSG00000022575","protein_coding"
"17089","ENSMUSG00000098678","protein_coding"
"17090","ENSMUSG00000022574","protein_coding"
"17091","ENSMUSG00000055762","protein_coding"
"17092","ENSMUSG00000103906","protein_coding"
"17093","ENSMUSG00000022571","protein_coding"
"17094","ENSMUSG00000022570","protein_coding"
"17095","ENSMUSG00000050846","protein_coding"
"17096","ENSMUSG00000034429","protein_coding"
"17097","ENSMUSG00000098176","protein_coding"
"17098","ENSMUSG00000063704","protein_coding"
"17099","ENSMUSG00000046761","protein_coding"
"17100","ENSMUSG00000102018","protein_coding"
"17101","ENSMUSG00000022568","protein_coding"
"17102","ENSMUSG00000002524","protein_coding"
"17103","ENSMUSG00000075590","protein_coding"
"17104","ENSMUSG00000118671","protein_coding"
"17105","ENSMUSG00000044361","protein_coding"
"17106","ENSMUSG00000022565","protein_coding"
"17107","ENSMUSG00000063268","protein_coding"
"17108","ENSMUSG00000022564","protein_coding"
"17109","ENSMUSG00000049653","protein_coding"
"17110","ENSMUSG00000071724","protein_coding"
"17111","ENSMUSG00000022562","protein_coding"
"17112","ENSMUSG00000034259","protein_coding"
"17113","ENSMUSG00000022561","protein_coding"
"17114","ENSMUSG00000022551","protein_coding"
"17115","ENSMUSG00000022552","protein_coding"
"17116","ENSMUSG00000022553","protein_coding"
"17117","ENSMUSG00000109179","protein_coding"
"17118","ENSMUSG00000022554","protein_coding"
"17119","ENSMUSG00000060794","protein_coding"
"17120","ENSMUSG00000022558","protein_coding"
"17121","ENSMUSG00000022557","protein_coding"
"17122","ENSMUSG00000034161","protein_coding"
"17123","ENSMUSG00000022556","protein_coding"
"17124","ENSMUSG00000022555","protein_coding"
"17125","ENSMUSG00000048385","protein_coding"
"17126","ENSMUSG00000116376","protein_coding"
"17127","ENSMUSG00000022559","protein_coding"
"17128","ENSMUSG00000022560","protein_coding"
"17129","ENSMUSG00000022550","protein_coding"
"17130","ENSMUSG00000034022","protein_coding"
"17131","ENSMUSG00000063354","protein_coding"
"17132","ENSMUSG00000115987","protein_coding"
"17133","ENSMUSG00000059323","protein_coding"
"17134","ENSMUSG00000121583","protein_coding"
"17135","ENSMUSG00000053929","protein_coding"
"17136","ENSMUSG00000121584","protein_coding"
"17137","ENSMUSG00000004187","protein_coding"
"17138","ENSMUSG00000033837","protein_coding"
"17139","ENSMUSG00000033819","protein_coding"
"17140","ENSMUSG00000022546","protein_coding"
"17141","ENSMUSG00000019080","protein_coding"
"17142","ENSMUSG00000033762","protein_coding"
"17143","ENSMUSG00000033728","protein_coding"
"17144","ENSMUSG00000033707","protein_coding"
"17145","ENSMUSG00000116138","protein_coding"
"17146","ENSMUSG00000033697","protein_coding"
"17147","ENSMUSG00000022526","protein_coding"
"17148","ENSMUSG00000033669","protein_coding"
"17149","ENSMUSG00000116024","protein_coding"
"17150","ENSMUSG00000055041","protein_coding"
"17151","ENSMUSG00000003970","protein_coding"
"17152","ENSMUSG00000054967","protein_coding"
"17153","ENSMUSG00000063236","protein_coding"
"17154","ENSMUSG00000018893","protein_coding"
"17155","ENSMUSG00000033576","protein_coding"
"17156","ENSMUSG00000033565","protein_coding"
"17157","ENSMUSG00000010601","protein_coding"
"17158","ENSMUSG00000057346","protein_coding"
"17159","ENSMUSG00000068252","protein_coding"
"17160","ENSMUSG00000050982","protein_coding"
"17161","ENSMUSG00000091650","protein_coding"
"17162","ENSMUSG00000044309","protein_coding"
"17163","ENSMUSG00000101113","protein_coding"
"17164","ENSMUSG00000050014","protein_coding"
"17165","ENSMUSG00000116079","protein_coding"
"17166","ENSMUSG00000091694","protein_coding"
"17167","ENSMUSG00000071716","protein_coding"
"17168","ENSMUSG00000068246","protein_coding"
"17169","ENSMUSG00000056656","protein_coding"
"17170","ENSMUSG00000022443","protein_coding"
"17171","ENSMUSG00000005354","protein_coding"
"17172","ENSMUSG00000016552","protein_coding"
"17173","ENSMUSG00000016554","protein_coding"
"17174","ENSMUSG00000019146","protein_coding"
"17175","ENSMUSG00000016637","protein_coding"
"17176","ENSMUSG00000005716","protein_coding"
"17177","ENSMUSG00000071715","protein_coding"
"17178","ENSMUSG00000071714","protein_coding"
"17179","ENSMUSG00000071713","protein_coding"
"17180","ENSMUSG00000062154","protein_coding"
"17181","ENSMUSG00000044986","protein_coding"
"17182","ENSMUSG00000071711","protein_coding"
"17183","ENSMUSG00000033287","protein_coding"
"17184","ENSMUSG00000016942","protein_coding"
"17185","ENSMUSG00000068227","protein_coding"
"17186","ENSMUSG00000022440","protein_coding"
"17187","ENSMUSG00000044933","protein_coding"
"17188","ENSMUSG00000033220","protein_coding"
"17189","ENSMUSG00000018008","protein_coding"
"17190","ENSMUSG00000043460","protein_coding"
"17191","ENSMUSG00000018169","protein_coding"
"17192","ENSMUSG00000033170","protein_coding"
"17193","ENSMUSG00000049521","protein_coding"
"17194","ENSMUSG00000043501","protein_coding"
"17195","ENSMUSG00000033128","protein_coding"
"17196","ENSMUSG00000116069","protein_coding"
"17197","ENSMUSG00000022436","protein_coding"
"17198","ENSMUSG00000116165","protein_coding"
"17199","ENSMUSG00000068220","protein_coding"
"17200","ENSMUSG00000033099","protein_coding"
"17201","ENSMUSG00000033088","protein_coding"
"17202","ENSMUSG00000096210","protein_coding"
"17203","ENSMUSG00000006378","protein_coding"
"17204","ENSMUSG00000116378","protein_coding"
"17205","ENSMUSG00000114755","protein_coding"
"17206","ENSMUSG00000033055","protein_coding"
"17207","ENSMUSG00000033047","protein_coding"
"17208","ENSMUSG00000033039","protein_coding"
"17209","ENSMUSG00000033029","protein_coding"
"17210","ENSMUSG00000033020","protein_coding"
"17211","ENSMUSG00000033006","protein_coding"
"17212","ENSMUSG00000068206","protein_coding"
"17213","ENSMUSG00000116121","protein_coding"
"17214","ENSMUSG00000032988","protein_coding"
"17215","ENSMUSG00000018126","protein_coding"
"17216","ENSMUSG00000042632","protein_coding"
"17217","ENSMUSG00000042622","protein_coding"
"17218","ENSMUSG00000009035","protein_coding"
"17219","ENSMUSG00000022433","protein_coding"
"17220","ENSMUSG00000044216","protein_coding"
"17221","ENSMUSG00000010830","protein_coding"
"17222","ENSMUSG00000055065","protein_coding"
"17223","ENSMUSG00000022429","protein_coding"
"17224","ENSMUSG00000042564","protein_coding"
"17225","ENSMUSG00000022428","protein_coding"
"17226","ENSMUSG00000022427","protein_coding"
"17227","ENSMUSG00000022426","protein_coding"
"17228","ENSMUSG00000042535","protein_coding"
"17229","ENSMUSG00000042524","protein_coding"
"17230","ENSMUSG00000022420","protein_coding"
"17231","ENSMUSG00000022421","protein_coding"
"17232","ENSMUSG00000089837","protein_coding"
"17233","ENSMUSG00000089715","protein_coding"
"17234","ENSMUSG00000009585","protein_coding"
"17235","ENSMUSG00000053411","protein_coding"
"17236","ENSMUSG00000000489","protein_coding"
"17237","ENSMUSG00000060036","protein_coding"
"17238","ENSMUSG00000022415","protein_coding"
"17239","ENSMUSG00000022414","protein_coding"
"17240","ENSMUSG00000042428","protein_coding"
"17241","ENSMUSG00000022412","protein_coding"
"17242","ENSMUSG00000115798","protein_coding"
"17243","ENSMUSG00000042406","protein_coding"
"17244","ENSMUSG00000051518","protein_coding"
"17245","ENSMUSG00000022416","protein_coding"
"17246","ENSMUSG00000050439","protein_coding"
"17247","ENSMUSG00000042351","protein_coding"
"17248","ENSMUSG00000022408","protein_coding"
"17249","ENSMUSG00000047888","protein_coding"
"17250","ENSMUSG00000022407","protein_coding"
"17251","ENSMUSG00000042303","protein_coding"
"17252","ENSMUSG00000042292","protein_coding"
"17253","ENSMUSG00000050164","protein_coding"
"17254","ENSMUSG00000022404","protein_coding"
"17255","ENSMUSG00000022403","protein_coding"
"17256","ENSMUSG00000022401","protein_coding"
"17257","ENSMUSG00000047108","protein_coding"
"17258","ENSMUSG00000022400","protein_coding"
"17259","ENSMUSG00000055024","protein_coding"
"17260","ENSMUSG00000022394","protein_coding"
"17261","ENSMUSG00000063765","protein_coding"
"17262","ENSMUSG00000022391","protein_coding"
"17263","ENSMUSG00000022390","protein_coding"
"17264","ENSMUSG00000022389","protein_coding"
"17265","ENSMUSG00000048546","protein_coding"
"17266","ENSMUSG00000061360","protein_coding"
"17267","ENSMUSG00000022477","protein_coding"
"17268","ENSMUSG00000022476","protein_coding"
"17269","ENSMUSG00000042109","protein_coding"
"17270","ENSMUSG00000022474","protein_coding"
"17271","ENSMUSG00000061633","protein_coding"
"17272","ENSMUSG00000022471","protein_coding"
"17273","ENSMUSG00000022472","protein_coding"
"17274","ENSMUSG00000063480","protein_coding"
"17275","ENSMUSG00000075524","protein_coding"
"17276","ENSMUSG00000068117","protein_coding"
"17277","ENSMUSG00000068114","protein_coding"
"17278","ENSMUSG00000022463","protein_coding"
"17279","ENSMUSG00000096883","protein_coding"
"17280","ENSMUSG00000068105","protein_coding"
"17281","ENSMUSG00000068101","protein_coding"
"17282","ENSMUSG00000068099","protein_coding"
"17283","ENSMUSG00000022456","protein_coding"
"17284","ENSMUSG00000022455","protein_coding"
"17285","ENSMUSG00000022453","protein_coding"
"17286","ENSMUSG00000049687","protein_coding"
"17287","ENSMUSG00000022452","protein_coding"
"17288","ENSMUSG00000022450","protein_coding"
"17289","ENSMUSG00000061740","protein_coding"
"17290","ENSMUSG00000068085","protein_coding"
"17291","ENSMUSG00000094806","protein_coding"
"17292","ENSMUSG00000068086","protein_coding"
"17293","ENSMUSG00000096852","protein_coding"
"17294","ENSMUSG00000094559","protein_coding"
"17295","ENSMUSG00000118516","protein_coding"
"17296","ENSMUSG00000068083","protein_coding"
"17297","ENSMUSG00000022445","protein_coding"
"17298","ENSMUSG00000041852","protein_coding"
"17299","ENSMUSG00000058099","protein_coding"
"17300","ENSMUSG00000058586","protein_coding"
"17301","ENSMUSG00000018040","protein_coding"
"17302","ENSMUSG00000041815","protein_coding"
"17303","ENSMUSG00000018042","protein_coding"
"17304","ENSMUSG00000047878","protein_coding"
"17305","ENSMUSG00000054277","protein_coding"
"17306","ENSMUSG00000016664","protein_coding"
"17307","ENSMUSG00000022442","protein_coding"
"17308","ENSMUSG00000016758","protein_coding"
"17309","ENSMUSG00000048755","protein_coding"
"17310","ENSMUSG00000041736","protein_coding"
"17311","ENSMUSG00000016757","protein_coding"
"17312","ENSMUSG00000016763","protein_coding"
"17313","ENSMUSG00000041708","protein_coding"
"17314","ENSMUSG00000022441","protein_coding"
"17315","ENSMUSG00000018865","protein_coding"
"17316","ENSMUSG00000018868","protein_coding"
"17317","ENSMUSG00000041653","protein_coding"
"17318","ENSMUSG00000022437","protein_coding"
"17319","ENSMUSG00000022438","protein_coding"
"17320","ENSMUSG00000022439","protein_coding"
"17321","ENSMUSG00000062760","protein_coding"
"17322","ENSMUSG00000055745","protein_coding"
"17323","ENSMUSG00000036106","protein_coding"
"17324","ENSMUSG00000078954","protein_coding"
"17325","ENSMUSG00000016624","protein_coding"
"17326","ENSMUSG00000016619","protein_coding"
"17327","ENSMUSG00000036046","protein_coding"
"17328","ENSMUSG00000022435","protein_coding"
"17329","ENSMUSG00000022434","protein_coding"
"17330","ENSMUSG00000022432","protein_coding"
"17331","ENSMUSG00000022431","protein_coding"
"17332","ENSMUSG00000006369","protein_coding"
"17333","ENSMUSG00000016541","protein_coding"
"17334","ENSMUSG00000096607","protein_coding"
"17335","ENSMUSG00000022382","protein_coding"
"17336","ENSMUSG00000022383","protein_coding"
"17337","ENSMUSG00000064284","protein_coding"
"17338","ENSMUSG00000052496","protein_coding"
"17339","ENSMUSG00000035944","protein_coding"
"17340","ENSMUSG00000022385","protein_coding"
"17341","ENSMUSG00000022386","protein_coding"
"17342","ENSMUSG00000016028","protein_coding"
"17343","ENSMUSG00000035900","protein_coding"
"17344","ENSMUSG00000035891","protein_coding"
"17345","ENSMUSG00000051864","protein_coding"
"17346","ENSMUSG00000054863","protein_coding"
"17347","ENSMUSG00000054117","protein_coding"
"17348","ENSMUSG00000022387","protein_coding"
"17349","ENSMUSG00000034333","protein_coding"
"17350","ENSMUSG00000035845","protein_coding"
"17351","ENSMUSG00000023272","protein_coding"
"17352","ENSMUSG00000035828","protein_coding"
"17353","ENSMUSG00000022388","protein_coding"
"17354","ENSMUSG00000035805","protein_coding"
"17355","ENSMUSG00000015365","protein_coding"
"17356","ENSMUSG00000058441","protein_coding"
"17357","ENSMUSG00000015363","protein_coding"
"17358","ENSMUSG00000035757","protein_coding"
"17359","ENSMUSG00000051786","protein_coding"
"17360","ENSMUSG00000062906","protein_coding"
"17361","ENSMUSG00000022610","protein_coding"
"17362","ENSMUSG00000053137","protein_coding"
"17363","ENSMUSG00000036606","protein_coding"
"17364","ENSMUSG00000015377","protein_coding"
"17365","ENSMUSG00000036561","protein_coding"
"17366","ENSMUSG00000036529","protein_coding"
"17367","ENSMUSG00000054136","protein_coding"
"17368","ENSMUSG00000022613","protein_coding"
"17369","ENSMUSG00000022614","protein_coding"
"17370","ENSMUSG00000008690","protein_coding"
"17371","ENSMUSG00000091780","protein_coding"
"17372","ENSMUSG00000022615","protein_coding"
"17373","ENSMUSG00000047394","protein_coding"
"17374","ENSMUSG00000091680","protein_coding"
"17375","ENSMUSG00000078938","protein_coding"
"17376","ENSMUSG00000078937","protein_coding"
"17377","ENSMUSG00000116461","protein_coding"
"17378","ENSMUSG00000022617","protein_coding"
"17379","ENSMUSG00000022619","protein_coding"
"17380","ENSMUSG00000022620","protein_coding"
"17381","ENSMUSG00000022623","protein_coding"
"17382","ENSMUSG00000022622","protein_coding"
"17383","ENSMUSG00000022621","protein_coding"
"17384","ENSMUSG00000063260","protein_coding"
"17385","ENSMUSG00000075470","protein_coding"
"17386","ENSMUSG00000052560","protein_coding"
"17387","ENSMUSG00000022629","protein_coding"
"17388","ENSMUSG00000055782","protein_coding"
"17389","ENSMUSG00000078932","protein_coding"
"17390","ENSMUSG00000036298","protein_coding"
"17391","ENSMUSG00000036273","protein_coding"
"17392","ENSMUSG00000047295","protein_coding"
"17393","ENSMUSG00000118670","protein_coding"
"17394","ENSMUSG00000055022","protein_coding"
"17395","ENSMUSG00000036218","protein_coding"
"17396","ENSMUSG00000036197","protein_coding"
"17397","ENSMUSG00000022634","protein_coding"
"17398","ENSMUSG00000022635","protein_coding"
"17399","ENSMUSG00000036167","protein_coding"
"17400","ENSMUSG00000036158","protein_coding"
"17401","ENSMUSG00000022449","protein_coding"
"17402","ENSMUSG00000033356","protein_coding"
"17403","ENSMUSG00000059883","protein_coding"
"17404","ENSMUSG00000022451","protein_coding"
"17405","ENSMUSG00000063296","protein_coding"
"17406","ENSMUSG00000022454","protein_coding"
"17407","ENSMUSG00000045608","protein_coding"
"17408","ENSMUSG00000064210","protein_coding"
"17409","ENSMUSG00000033237","protein_coding"
"17410","ENSMUSG00000033228","protein_coding"
"17411","ENSMUSG00000023169","protein_coding"
"17412","ENSMUSG00000022462","protein_coding"
"17413","ENSMUSG00000022464","protein_coding"
"17414","ENSMUSG00000048218","protein_coding"
"17415","ENSMUSG00000044250","protein_coding"
"17416","ENSMUSG00000022466","protein_coding"
"17417","ENSMUSG00000022468","protein_coding"
"17418","ENSMUSG00000022469","protein_coding"
"17419","ENSMUSG00000081534","protein_coding"
"17420","ENSMUSG00000022475","protein_coding"
"17421","ENSMUSG00000022479","protein_coding"
"17422","ENSMUSG00000052369","protein_coding"
"17423","ENSMUSG00000022483","protein_coding"
"17424","ENSMUSG00000033075","protein_coding"
"17425","ENSMUSG00000033065","protein_coding"
"17426","ENSMUSG00000048175","protein_coding"
"17427","ENSMUSG00000029875","protein_coding"
"17428","ENSMUSG00000075427","protein_coding"
"17429","ENSMUSG00000108748","protein_coding"
"17430","ENSMUSG00000090129","protein_coding"
"17431","ENSMUSG00000059460","protein_coding"
"17432","ENSMUSG00000048077","protein_coding"
"17433","ENSMUSG00000022987","protein_coding"
"17434","ENSMUSG00000062037","protein_coding"
"17435","ENSMUSG00000051793","protein_coding"
"17436","ENSMUSG00000056184","protein_coding"
"17437","ENSMUSG00000063780","protein_coding"
"17438","ENSMUSG00000032987","protein_coding"
"17439","ENSMUSG00000108728","protein_coding"
"17440","ENSMUSG00000022991","protein_coding"
"17441","ENSMUSG00000054036","protein_coding"
"17442","ENSMUSG00000022992","protein_coding"
"17443","ENSMUSG00000011960","protein_coding"
"17444","ENSMUSG00000022993","protein_coding"
"17445","ENSMUSG00000022994","protein_coding"
"17446","ENSMUSG00000003352","protein_coding"
"17447","ENSMUSG00000003360","protein_coding"
"17448","ENSMUSG00000054855","protein_coding"
"17449","ENSMUSG00000003354","protein_coding"
"17450","ENSMUSG00000003355","protein_coding"
"17451","ENSMUSG00000051853","protein_coding"
"17452","ENSMUSG00000022996","protein_coding"
"17453","ENSMUSG00000022997","protein_coding"
"17454","ENSMUSG00000059213","protein_coding"
"17455","ENSMUSG00000067713","protein_coding"
"17456","ENSMUSG00000048154","protein_coding"
"17457","ENSMUSG00000023755","protein_coding"
"17458","ENSMUSG00000023000","protein_coding"
"17459","ENSMUSG00000022999","protein_coding"
"17460","ENSMUSG00000023004","protein_coding"
"17461","ENSMUSG00000116358","protein_coding"
"17462","ENSMUSG00000072235","protein_coding"
"17463","ENSMUSG00000043091","protein_coding"
"17464","ENSMUSG00000023484","protein_coding"
"17465","ENSMUSG00000032783","protein_coding"
"17466","ENSMUSG00000001076","protein_coding"
"17467","ENSMUSG00000038009","protein_coding"
"17468","ENSMUSG00000051934","protein_coding"
"17469","ENSMUSG00000037579","protein_coding"
"17470","ENSMUSG00000037570","protein_coding"
"17471","ENSMUSG00000078907","protein_coding"
"17472","ENSMUSG00000023007","protein_coding"
"17473","ENSMUSG00000023008","protein_coding"
"17474","ENSMUSG00000023010","protein_coding"
"17475","ENSMUSG00000023009","protein_coding"
"17476","ENSMUSG00000037525","protein_coding"
"17477","ENSMUSG00000023011","protein_coding"
"17478","ENSMUSG00000023013","protein_coding"
"17479","ENSMUSG00000044217","protein_coding"
"17480","ENSMUSG00000043144","protein_coding"
"17481","ENSMUSG00000023015","protein_coding"
"17482","ENSMUSG00000023017","protein_coding"
"17483","ENSMUSG00000023018","protein_coding"
"17484","ENSMUSG00000023019","protein_coding"
"17485","ENSMUSG00000023020","protein_coding"
"17486","ENSMUSG00000023021","protein_coding"
"17487","ENSMUSG00000023022","protein_coding"
"17488","ENSMUSG00000045350","protein_coding"
"17489","ENSMUSG00000023025","protein_coding"
"17490","ENSMUSG00000023026","protein_coding"
"17491","ENSMUSG00000023027","protein_coding"
"17492","ENSMUSG00000045631","protein_coding"
"17493","ENSMUSG00000054619","protein_coding"
"17494","ENSMUSG00000058057","protein_coding"
"17495","ENSMUSG00000093789","protein_coding"
"17496","ENSMUSG00000056487","protein_coding"
"17497","ENSMUSG00000093550","protein_coding"
"17498","ENSMUSG00000023030","protein_coding"
"17499","ENSMUSG00000037353","protein_coding"
"17500","ENSMUSG00000044636","protein_coding"
"17501","ENSMUSG00000009733","protein_coding"
"17502","ENSMUSG00000009739","protein_coding"
"17503","ENSMUSG00000000346","protein_coding"
"17504","ENSMUSG00000053559","protein_coding"
"17505","ENSMUSG00000098112","protein_coding"
"17506","ENSMUSG00000023031","protein_coding"
"17507","ENSMUSG00000037280","protein_coding"
"17508","ENSMUSG00000023032","protein_coding"
"17509","ENSMUSG00000023033","protein_coding"
"17510","ENSMUSG00000113558","protein_coding"
"17511","ENSMUSG00000095440","protein_coding"
"17512","ENSMUSG00000047034","protein_coding"
"17513","ENSMUSG00000000530","protein_coding"
"17514","ENSMUSG00000000532","protein_coding"
"17515","ENSMUSG00000000531","protein_coding"
"17516","ENSMUSG00000023034","protein_coding"
"17517","ENSMUSG00000037204","protein_coding"
"17518","ENSMUSG00000075408","protein_coding"
"17519","ENSMUSG00000037185","protein_coding"
"17520","ENSMUSG00000023039","protein_coding"
"17521","ENSMUSG00000047641","protein_coding"
"17522","ENSMUSG00000063971","protein_coding"
"17523","ENSMUSG00000067615","protein_coding"
"17524","ENSMUSG00000067614","protein_coding"
"17525","ENSMUSG00000067613","protein_coding"
"17526","ENSMUSG00000116336","protein_coding"
"17527","ENSMUSG00000044294","protein_coding"
"17528","ENSMUSG00000049548","protein_coding"
"17529","ENSMUSG00000048699","protein_coding"
"17530","ENSMUSG00000022986","protein_coding"
"17531","ENSMUSG00000064232","protein_coding"
"17532","ENSMUSG00000095241","protein_coding"
"17533","ENSMUSG00000023041","protein_coding"
"17534","ENSMUSG00000058354","protein_coding"
"17535","ENSMUSG00000061527","protein_coding"
"17536","ENSMUSG00000051879","protein_coding"
"17537","ENSMUSG00000056605","protein_coding"
"17538","ENSMUSG00000063661","protein_coding"
"17539","ENSMUSG00000064201","protein_coding"
"17540","ENSMUSG00000046834","protein_coding"
"17541","ENSMUSG00000067594","protein_coding"
"17542","ENSMUSG00000075402","protein_coding"
"17543","ENSMUSG00000059668","protein_coding"
"17544","ENSMUSG00000061397","protein_coding"
"17545","ENSMUSG00000050463","protein_coding"
"17546","ENSMUSG00000049382","protein_coding"
"17547","ENSMUSG00000023043","protein_coding"
"17548","ENSMUSG00000058655","protein_coding"
"17549","ENSMUSG00000037003","protein_coding"
"17550","ENSMUSG00000036966","protein_coding"
"17551","ENSMUSG00000023046","protein_coding"
"17552","ENSMUSG00000023045","protein_coding"
"17553","ENSMUSG00000023044","protein_coding"
"17554","ENSMUSG00000046897","protein_coding"
"17555","ENSMUSG00000001281","protein_coding"
"17556","ENSMUSG00000001288","protein_coding"
"17557","ENSMUSG00000097050","protein_coding"
"17558","ENSMUSG00000045665","protein_coding"
"17559","ENSMUSG00000058290","protein_coding"
"17560","ENSMUSG00000001289","protein_coding"
"17561","ENSMUSG00000001285","protein_coding"
"17562","ENSMUSG00000036678","protein_coding"
"17563","ENSMUSG00000060284","protein_coding"
"17564","ENSMUSG00000001280","protein_coding"
"17565","ENSMUSG00000023047","protein_coding"
"17566","ENSMUSG00000023048","protein_coding"
"17567","ENSMUSG00000056851","protein_coding"
"17568","ENSMUSG00000023050","protein_coding"
"17569","ENSMUSG00000071586","protein_coding"
"17570","ENSMUSG00000023051","protein_coding"
"17571","ENSMUSG00000023052","protein_coding"
"17572","ENSMUSG00000052414","protein_coding"
"17573","ENSMUSG00000099083","protein_coding"
"17574","ENSMUSG00000062683","protein_coding"
"17575","ENSMUSG00000023055","protein_coding"
"17576","ENSMUSG00000001655","protein_coding"
"17577","ENSMUSG00000050328","protein_coding"
"17578","ENSMUSG00000001656","protein_coding"
"17579","ENSMUSG00000022484","protein_coding"
"17580","ENSMUSG00000022485","protein_coding"
"17581","ENSMUSG00000036139","protein_coding"
"17582","ENSMUSG00000001657","protein_coding"
"17583","ENSMUSG00000001661","protein_coding"
"17584","ENSMUSG00000075394","protein_coding"
"17585","ENSMUSG00000036061","protein_coding"
"17586","ENSMUSG00000009575","protein_coding"
"17587","ENSMUSG00000046434","protein_coding"
"17588","ENSMUSG00000058794","protein_coding"
"17589","ENSMUSG00000060992","protein_coding"
"17590","ENSMUSG00000063234","protein_coding"
"17591","ENSMUSG00000000552","protein_coding"
"17592","ENSMUSG00000000555","protein_coding"
"17593","ENSMUSG00000022487","protein_coding"
"17594","ENSMUSG00000053508","protein_coding"
"17595","ENSMUSG00000022488","protein_coding"
"17596","ENSMUSG00000022489","protein_coding"
"17597","ENSMUSG00000022490","protein_coding"
"17598","ENSMUSG00000022491","protein_coding"
"17599","ENSMUSG00000060311","protein_coding"
"17600","ENSMUSG00000036925","protein_coding"
"17601","ENSMUSG00000051003","protein_coding"
"17602","ENSMUSG00000022534","protein_coding"
"17603","ENSMUSG00000022529","protein_coding"
"17604","ENSMUSG00000059043","protein_coding"
"17605","ENSMUSG00000054939","protein_coding"
"17606","ENSMUSG00000039789","protein_coding"
"17607","ENSMUSG00000005982","protein_coding"
"17608","ENSMUSG00000093575","protein_coding"
"17609","ENSMUSG00000005983","protein_coding"
"17610","ENSMUSG00000014232","protein_coding"
"17611","ENSMUSG00000049871","protein_coding"
"17612","ENSMUSG00000039738","protein_coding"
"17613","ENSMUSG00000005980","protein_coding"
"17614","ENSMUSG00000005981","protein_coding"
"17615","ENSMUSG00000022521","protein_coding"
"17616","ENSMUSG00000005580","protein_coding"
"17617","ENSMUSG00000022519","protein_coding"
"17618","ENSMUSG00000005718","protein_coding"
"17619","ENSMUSG00000014303","protein_coding"
"17620","ENSMUSG00000014301","protein_coding"
"17621","ENSMUSG00000039637","protein_coding"
"17622","ENSMUSG00000039646","protein_coding"
"17623","ENSMUSG00000004069","protein_coding"
"17624","ENSMUSG00000063445","protein_coding"
"17625","ENSMUSG00000004070","protein_coding"
"17626","ENSMUSG00000004071","protein_coding"
"17627","ENSMUSG00000022518","protein_coding"
"17628","ENSMUSG00000039568","protein_coding"
"17629","ENSMUSG00000022517","protein_coding"
"17630","ENSMUSG00000022516","protein_coding"
"17631","ENSMUSG00000022515","protein_coding"
"17632","ENSMUSG00000022542","protein_coding"
"17633","ENSMUSG00000096215","protein_coding"
"17634","ENSMUSG00000022540","protein_coding"
"17635","ENSMUSG00000022536","protein_coding"
"17636","ENSMUSG00000039473","protein_coding"
"17637","ENSMUSG00000039457","protein_coding"
"17638","ENSMUSG00000091712","protein_coding"
"17639","ENSMUSG00000023143","protein_coding"
"17640","ENSMUSG00000051669","protein_coding"
"17641","ENSMUSG00000039427","protein_coding"
"17642","ENSMUSG00000022544","protein_coding"
"17643","ENSMUSG00000008658","protein_coding"
"17644","ENSMUSG00000022715","protein_coding"
"17645","ENSMUSG00000039345","protein_coding"
"17646","ENSMUSG00000057880","protein_coding"
"17647","ENSMUSG00000043140","protein_coding"
"17648","ENSMUSG00000022711","protein_coding"
"17649","ENSMUSG00000008393","protein_coding"
"17650","ENSMUSG00000107252","protein_coding"
"17651","ENSMUSG00000022710","protein_coding"
"17652","ENSMUSG00000022507","protein_coding"
"17653","ENSMUSG00000059003","protein_coding"
"17654","ENSMUSG00000039209","protein_coding"
"17655","ENSMUSG00000039200","protein_coding"
"17656","ENSMUSG00000022505","protein_coding"
"17657","ENSMUSG00000039179","protein_coding"
"17658","ENSMUSG00000022503","protein_coding"
"17659","ENSMUSG00000050908","protein_coding"
"17660","ENSMUSG00000022504","protein_coding"
"17661","ENSMUSG00000038055","protein_coding"
"17662","ENSMUSG00000068663","protein_coding"
"17663","ENSMUSG00000038037","protein_coding"
"17664","ENSMUSG00000043050","protein_coding"
"17665","ENSMUSG00000050058","protein_coding"
"17666","ENSMUSG00000038015","protein_coding"
"17667","ENSMUSG00000022501","protein_coding"
"17668","ENSMUSG00000037991","protein_coding"
"17669","ENSMUSG00000022500","protein_coding"
"17670","ENSMUSG00000037972","protein_coding"
"17671","ENSMUSG00000022498","protein_coding"
"17672","ENSMUSG00000037965","protein_coding"
"17673","ENSMUSG00000005846","protein_coding"
"17674","ENSMUSG00000062203","protein_coding"
"17675","ENSMUSG00000022496","protein_coding"
"17676","ENSMUSG00000071669","protein_coding"
"17677","ENSMUSG00000065979","protein_coding"
"17678","ENSMUSG00000022494","protein_coding"
"17679","ENSMUSG00000022545","protein_coding"
"17680","ENSMUSG00000009569","protein_coding"
"17681","ENSMUSG00000022685","protein_coding"
"17682","ENSMUSG00000022684","protein_coding"
"17683","ENSMUSG00000022683","protein_coding"
"17684","ENSMUSG00000118559","protein_coding"
"17685","ENSMUSG00000022682","protein_coding"
"17686","ENSMUSG00000022681","protein_coding"
"17687","ENSMUSG00000022680","protein_coding"
"17688","ENSMUSG00000022679","protein_coding"
"17689","ENSMUSG00000065968","protein_coding"
"17690","ENSMUSG00000044117","protein_coding"
"17691","ENSMUSG00000060657","protein_coding"
"17692","ENSMUSG00000022678","protein_coding"
"17693","ENSMUSG00000018830","protein_coding"
"17694","ENSMUSG00000022677","protein_coding"
"17695","ENSMUSG00000023088","protein_coding"
"17696","ENSMUSG00000022676","protein_coding"
"17697","ENSMUSG00000068617","protein_coding"
"17698","ENSMUSG00000022674","protein_coding"
"17699","ENSMUSG00000022673","protein_coding"
"17700","ENSMUSG00000022672","protein_coding"
"17701","ENSMUSG00000022671","protein_coding"
"17702","ENSMUSG00000071637","protein_coding"
"17703","ENSMUSG00000041974","protein_coding"
"17704","ENSMUSG00000041957","protein_coding"
"17705","ENSMUSG00000022792","protein_coding"
"17706","ENSMUSG00000022789","protein_coding"
"17707","ENSMUSG00000022788","protein_coding"
"17708","ENSMUSG00000048101","protein_coding"
"17709","ENSMUSG00000022783","protein_coding"
"17710","ENSMUSG00000075370","protein_coding"
"17711","ENSMUSG00000059305","protein_coding"
"17712","ENSMUSG00000022779","protein_coding"
"17713","ENSMUSG00000026181","protein_coding"
"17714","ENSMUSG00000063358","protein_coding"
"17715","ENSMUSG00000022773","protein_coding"
"17716","ENSMUSG00000022771","protein_coding"
"17717","ENSMUSG00000049916","protein_coding"
"17718","ENSMUSG00000022769","protein_coding"
"17719","ENSMUSG00000022768","protein_coding"
"17720","ENSMUSG00000041774","protein_coding"
"17721","ENSMUSG00000038965","protein_coding"
"17722","ENSMUSG00000071636","protein_coding"
"17723","ENSMUSG00000050240","protein_coding"
"17724","ENSMUSG00000055692","protein_coding"
"17725","ENSMUSG00000041720","protein_coding"
"17726","ENSMUSG00000022766","protein_coding"
"17727","ENSMUSG00000022765","protein_coding"
"17728","ENSMUSG00000006134","protein_coding"
"17729","ENSMUSG00000022763","protein_coding"
"17730","ENSMUSG00000022761","protein_coding"
"17731","ENSMUSG00000022760","protein_coding"
"17732","ENSMUSG00000022759","protein_coding"
"17733","ENSMUSG00000022758","protein_coding"
"17734","ENSMUSG00000022756","protein_coding"
"17735","ENSMUSG00000005899","protein_coding"
"17736","ENSMUSG00000041617","protein_coding"
"17737","ENSMUSG00000012114","protein_coding"
"17738","ENSMUSG00000022750","protein_coding"
"17739","ENSMUSG00000012017","protein_coding"
"17740","ENSMUSG00000116652","protein_coding"
"17741","ENSMUSG00000090236","protein_coding"
"17742","ENSMUSG00000092470","protein_coding"
"17743","ENSMUSG00000003166","protein_coding"
"17744","ENSMUSG00000041566","protein_coding"
"17745","ENSMUSG00000045521","protein_coding"
"17746","ENSMUSG00000003527","protein_coding"
"17747","ENSMUSG00000022738","protein_coding"
"17748","ENSMUSG00000003528","protein_coding"
"17749","ENSMUSG00000059280","protein_coding"
"17750","ENSMUSG00000003531","protein_coding"
"17751","ENSMUSG00000003526","protein_coding"
"17752","ENSMUSG00000043811","protein_coding"
"17753","ENSMUSG00000090777","protein_coding"
"17754","ENSMUSG00000060166","protein_coding"
"17755","ENSMUSG00000005732","protein_coding"
"17756","ENSMUSG00000116925","protein_coding"
"17757","ENSMUSG00000022721","protein_coding"
"17758","ENSMUSG00000022718","protein_coding"
"17759","ENSMUSG00000013539","protein_coding"
"17760","ENSMUSG00000118669","protein_coding"
"17761","ENSMUSG00000000326","protein_coding"
"17762","ENSMUSG00000075704","protein_coding"
"17763","ENSMUSG00000000884","protein_coding"
"17764","ENSMUSG00000009097","protein_coding"
"17765","ENSMUSG00000050761","protein_coding"
"17766","ENSMUSG00000116594","protein_coding"
"17767","ENSMUSG00000072214","protein_coding"
"17768","ENSMUSG00000041378","protein_coding"
"17769","ENSMUSG00000000028","protein_coding"
"17770","ENSMUSG00000005262","protein_coding"
"17771","ENSMUSG00000071632","protein_coding"
"17772","ENSMUSG00000099908","protein_coding"
"17773","ENSMUSG00000022706","protein_coding"
"17774","ENSMUSG00000022702","protein_coding"
"17775","ENSMUSG00000050742","protein_coding"
"17776","ENSMUSG00000050158","protein_coding"
"17777","ENSMUSG00000056822","protein_coding"
"17778","ENSMUSG00000045341","protein_coding"
"17779","ENSMUSG00000061361","protein_coding"
"17780","ENSMUSG00000068535","protein_coding"
"17781","ENSMUSG00000062245","protein_coding"
"17782","ENSMUSG00000060480","protein_coding"
"17783","ENSMUSG00000041247","protein_coding"
"17784","ENSMUSG00000022686","protein_coding"
"17785","ENSMUSG00000075330","protein_coding"
"17786","ENSMUSG00000043008","protein_coding"
"17787","ENSMUSG00000062901","protein_coding"
"17788","ENSMUSG00000041215","protein_coding"
"17789","ENSMUSG00000041205","protein_coding"
"17790","ENSMUSG00000033918","protein_coding"
"17791","ENSMUSG00000022818","protein_coding"
"17792","ENSMUSG00000022822","protein_coding"
"17793","ENSMUSG00000003235","protein_coding"
"17794","ENSMUSG00000003233","protein_coding"
"17795","ENSMUSG00000022841","protein_coding"
"17796","ENSMUSG00000003234","protein_coding"
"17797","ENSMUSG00000046613","protein_coding"
"17798","ENSMUSG00000033809","protein_coding"
"17799","ENSMUSG00000115219","protein_coding"
"17800","ENSMUSG00000115293","protein_coding"
"17801","ENSMUSG00000051146","protein_coding"
"17802","ENSMUSG00000022842","protein_coding"
"17803","ENSMUSG00000006998","protein_coding"
"17804","ENSMUSG00000045983","protein_coding"
"17805","ENSMUSG00000050821","protein_coding"
"17806","ENSMUSG00000022843","protein_coding"
"17807","ENSMUSG00000021018","protein_coding"
"17808","ENSMUSG00000022847","protein_coding"
"17809","ENSMUSG00000006958","protein_coding"
"17810","ENSMUSG00000090356","protein_coding"
"17811","ENSMUSG00000005958","protein_coding"
"17812","ENSMUSG00000033653","protein_coding"
"17813","ENSMUSG00000043391","protein_coding"
"17814","ENSMUSG00000022853","protein_coding"
"17815","ENSMUSG00000033618","protein_coding"
"17816","ENSMUSG00000022856","protein_coding"
"17817","ENSMUSG00000044626","protein_coding"
"17818","ENSMUSG00000022855","protein_coding"
"17819","ENSMUSG00000033581","protein_coding"
"17820","ENSMUSG00000022858","protein_coding"
"17821","ENSMUSG00000013089","protein_coding"
"17822","ENSMUSG00000022861","protein_coding"
"17823","ENSMUSG00000033501","protein_coding"
"17824","ENSMUSG00000004462","protein_coding"
"17825","ENSMUSG00000004460","protein_coding"
"17826","ENSMUSG00000022868","protein_coding"
"17827","ENSMUSG00000022871","protein_coding"
"17828","ENSMUSG00000022877","protein_coding"
"17829","ENSMUSG00000060459","protein_coding"
"17830","ENSMUSG00000022875","protein_coding"
"17831","ENSMUSG00000022884","protein_coding"
"17832","ENSMUSG00000022881","protein_coding"
"17833","ENSMUSG00000022878","protein_coding"
"17834","ENSMUSG00000022885","protein_coding"
"17835","ENSMUSG00000033383","protein_coding"
"17836","ENSMUSG00000022887","protein_coding"
"17837","ENSMUSG00000033355","protein_coding"
"17838","ENSMUSG00000004366","protein_coding"
"17839","ENSMUSG00000047531","protein_coding"
"17840","ENSMUSG00000022508","protein_coding"
"17841","ENSMUSG00000110291","protein_coding"
"17842","ENSMUSG00000033306","protein_coding"
"17843","ENSMUSG00000048399","protein_coding"
"17844","ENSMUSG00000022510","protein_coding"
"17845","ENSMUSG00000038168","protein_coding"
"17846","ENSMUSG00000022512","protein_coding"
"17847","ENSMUSG00000038148","protein_coding"
"17848","ENSMUSG00000091972","protein_coding"
"17849","ENSMUSG00000022514","protein_coding"
"17850","ENSMUSG00000068428","protein_coding"
"17851","ENSMUSG00000052276","protein_coding"
"17852","ENSMUSG00000056423","protein_coding"
"17853","ENSMUSG00000038127","protein_coding"
"17854","ENSMUSG00000022523","protein_coding"
"17855","ENSMUSG00000051065","protein_coding"
"17856","ENSMUSG00000022525","protein_coding"
"17857","ENSMUSG00000048939","protein_coding"
"17858","ENSMUSG00000038094","protein_coding"
"17859","ENSMUSG00000038084","protein_coding"
"17860","ENSMUSG00000022528","protein_coding"
"17861","ENSMUSG00000023176","protein_coding"
"17862","ENSMUSG00000052316","protein_coding"
"17863","ENSMUSG00000047953","protein_coding"
"17864","ENSMUSG00000022533","protein_coding"
"17865","ENSMUSG00000022537","protein_coding"
"17866","ENSMUSG00000022538","protein_coding"
"17867","ENSMUSG00000046546","protein_coding"
"17868","ENSMUSG00000047434","protein_coding"
"17869","ENSMUSG00000049076","protein_coding"
"17870","ENSMUSG00000047714","protein_coding"
"17871","ENSMUSG00000022548","protein_coding"
"17872","ENSMUSG00000046598","protein_coding"
"17873","ENSMUSG00000022770","protein_coding"
"17874","ENSMUSG00000022780","protein_coding"
"17875","ENSMUSG00000045625","protein_coding"
"17876","ENSMUSG00000107002","protein_coding"
"17877","ENSMUSG00000022774","protein_coding"
"17878","ENSMUSG00000022772","protein_coding"
"17879","ENSMUSG00000022781","protein_coding"
"17880","ENSMUSG00000023791","protein_coding"
"17881","ENSMUSG00000035790","protein_coding"
"17882","ENSMUSG00000052384","protein_coding"
"17883","ENSMUSG00000075269","protein_coding"
"17884","ENSMUSG00000035764","protein_coding"
"17885","ENSMUSG00000022787","protein_coding"
"17886","ENSMUSG00000046345","protein_coding"
"17887","ENSMUSG00000014074","protein_coding"
"17888","ENSMUSG00000053774","protein_coding"
"17889","ENSMUSG00000079625","protein_coding"
"17890","ENSMUSG00000014075","protein_coding"
"17891","ENSMUSG00000005615","protein_coding"
"17892","ENSMUSG00000035699","protein_coding"
"17893","ENSMUSG00000052363","protein_coding"
"17894","ENSMUSG00000022797","protein_coding"
"17895","ENSMUSG00000022791","protein_coding"
"17896","ENSMUSG00000118672","protein_coding"
"17897","ENSMUSG00000035638","protein_coding"
"17898","ENSMUSG00000094430","protein_coding"
"17899","ENSMUSG00000035629","protein_coding"
"17900","ENSMUSG00000022800","protein_coding"
"17901","ENSMUSG00000022801","protein_coding"
"17902","ENSMUSG00000035578","protein_coding"
"17903","ENSMUSG00000060636","protein_coding"
"17904","ENSMUSG00000022802","protein_coding"
"17905","ENSMUSG00000022807","protein_coding"
"17906","ENSMUSG00000022808","protein_coding"
"17907","ENSMUSG00000022811","protein_coding"
"17908","ENSMUSG00000035506","protein_coding"
"17909","ENSMUSG00000075254","protein_coding"
"17910","ENSMUSG00000022824","protein_coding"
"17911","ENSMUSG00000022817","protein_coding"
"17912","ENSMUSG00000022814","protein_coding"
"17913","ENSMUSG00000061751","protein_coding"
"17914","ENSMUSG00000022832","protein_coding"
"17915","ENSMUSG00000022833","protein_coding"
"17916","ENSMUSG00000022836","protein_coding"
"17917","ENSMUSG00000035376","protein_coding"
"17918","ENSMUSG00000022840","protein_coding"
"17919","ENSMUSG00000034473","protein_coding"
"17920","ENSMUSG00000022844","protein_coding"
"17921","ENSMUSG00000052133","protein_coding"
"17922","ENSMUSG00000022848","protein_coding"
"17923","ENSMUSG00000022849","protein_coding"
"17924","ENSMUSG00000034422","protein_coding"
"17925","ENSMUSG00000049502","protein_coding"
"17926","ENSMUSG00000022906","protein_coding"
"17927","ENSMUSG00000022905","protein_coding"
"17928","ENSMUSG00000034379","protein_coding"
"17929","ENSMUSG00000003955","protein_coding"
"17930","ENSMUSG00000075229","protein_coding"
"17931","ENSMUSG00000034362","protein_coding"
"17932","ENSMUSG00000059657","protein_coding"
"17933","ENSMUSG00000079597","protein_coding"
"17934","ENSMUSG00000094733","protein_coding"
"17935","ENSMUSG00000095620","protein_coding"
"17936","ENSMUSG00000071562","protein_coding"
"17937","ENSMUSG00000079594","protein_coding"
"17938","ENSMUSG00000071561","protein_coding"
"17939","ENSMUSG00000022902","protein_coding"
"17940","ENSMUSG00000054905","protein_coding"
"17941","ENSMUSG00000051980","protein_coding"
"17942","ENSMUSG00000022901","protein_coding"
"17943","ENSMUSG00000022900","protein_coding"
"17944","ENSMUSG00000022899","protein_coding"
"17945","ENSMUSG00000022838","protein_coding"
"17946","ENSMUSG00000022837","protein_coding"
"17947","ENSMUSG00000034243","protein_coding"
"17948","ENSMUSG00000022831","protein_coding"
"17949","ENSMUSG00000047746","protein_coding"
"17950","ENSMUSG00000034206","protein_coding"
"17951","ENSMUSG00000022829","protein_coding"
"17952","ENSMUSG00000022828","protein_coding"
"17953","ENSMUSG00000022827","protein_coding"
"17954","ENSMUSG00000022821","protein_coding"
"17955","ENSMUSG00000022820","protein_coding"
"17956","ENSMUSG00000022816","protein_coding"
"17957","ENSMUSG00000108763","protein_coding"
"17958","ENSMUSG00000034158","protein_coding"
"17959","ENSMUSG00000046961","protein_coding"
"17960","ENSMUSG00000022812","protein_coding"
"17961","ENSMUSG00000022809","protein_coding"
"17962","ENSMUSG00000022805","protein_coding"
"17963","ENSMUSG00000046516","protein_coding"
"17964","ENSMUSG00000022803","protein_coding"
"17965","ENSMUSG00000002847","protein_coding"
"17966","ENSMUSG00000002844","protein_coding"
"17967","ENSMUSG00000075122","protein_coding"
"17968","ENSMUSG00000002846","protein_coding"
"17969","ENSMUSG00000034064","protein_coding"
"17970","ENSMUSG00000002845","protein_coding"
"17971","ENSMUSG00000022799","protein_coding"
"17972","ENSMUSG00000022793","protein_coding"
"17973","ENSMUSG00000049436","protein_coding"
"17974","ENSMUSG00000022798","protein_coding"
"17975","ENSMUSG00000022790","protein_coding"
"17976","ENSMUSG00000061080","protein_coding"
"17977","ENSMUSG00000047261","protein_coding"
"17978","ENSMUSG00000022708","protein_coding"
"17979","ENSMUSG00000071552","protein_coding"
"17980","ENSMUSG00000022705","protein_coding"
"17981","ENSMUSG00000022704","protein_coding"
"17982","ENSMUSG00000022701","protein_coding"
"17983","ENSMUSG00000036304","protein_coding"
"17984","ENSMUSG00000036292","protein_coding"
"17985","ENSMUSG00000052459","protein_coding"
"17986","ENSMUSG00000022698","protein_coding"
"17987","ENSMUSG00000068284","protein_coding"
"17988","ENSMUSG00000022696","protein_coding"
"17989","ENSMUSG00000043065","protein_coding"
"17990","ENSMUSG00000071550","protein_coding"
"17991","ENSMUSG00000022687","protein_coding"
"17992","ENSMUSG00000036208","protein_coding"
"17993","ENSMUSG00000022668","protein_coding"
"17994","ENSMUSG00000022667","protein_coding"
"17995","ENSMUSG00000062082","protein_coding"
"17996","ENSMUSG00000090176","protein_coding"
"17997","ENSMUSG00000036172","protein_coding"
"17998","ENSMUSG00000022665","protein_coding"
"17999","ENSMUSG00000022664","protein_coding"
"18000","ENSMUSG00000022663","protein_coding"
"18001","ENSMUSG00000052013","protein_coding"
"18002","ENSMUSG00000022661","protein_coding"
"18003","ENSMUSG00000053182","protein_coding"
"18004","ENSMUSG00000116542","protein_coding"
"18005","ENSMUSG00000033210","protein_coding"
"18006","ENSMUSG00000022659","protein_coding"
"18007","ENSMUSG00000033187","protein_coding"
"18008","ENSMUSG00000033177","protein_coding"
"18009","ENSMUSG00000022658","protein_coding"
"18010","ENSMUSG00000033157","protein_coding"
"18011","ENSMUSG00000033149","protein_coding"
"18012","ENSMUSG00000087141","protein_coding"
"18013","ENSMUSG00000022657","protein_coding"
"18014","ENSMUSG00000048087","protein_coding"
"18015","ENSMUSG00000022656","protein_coding"
"18016","ENSMUSG00000058550","protein_coding"
"18017","ENSMUSG00000072419","protein_coding"
"18018","ENSMUSG00000110573","protein_coding"
"18019","ENSMUSG00000022652","protein_coding"
"18020","ENSMUSG00000030775","protein_coding"
"18021","ENSMUSG00000022650","protein_coding"
"18022","ENSMUSG00000061100","protein_coding"
"18023","ENSMUSG00000022651","protein_coding"
"18024","ENSMUSG00000064061","protein_coding"
"18025","ENSMUSG00000033031","protein_coding"
"18026","ENSMUSG00000092009","protein_coding"
"18027","ENSMUSG00000032965","protein_coding"
"18028","ENSMUSG00000055447","protein_coding"
"18029","ENSMUSG00000022641","protein_coding"
"18030","ENSMUSG00000050685","protein_coding"
"18031","ENSMUSG00000022637","protein_coding"
"18032","ENSMUSG00000022636","protein_coding"
"18033","ENSMUSG00000064310","protein_coding"
"18034","ENSMUSG00000035356","protein_coding"
"18035","ENSMUSG00000075033","protein_coding"
"18036","ENSMUSG00000022604","protein_coding"
"18037","ENSMUSG00000098274","protein_coding"
"18038","ENSMUSG00000022601","protein_coding"
"18039","ENSMUSG00000071533","protein_coding"
"18040","ENSMUSG00000044763","protein_coding"
"18041","ENSMUSG00000052917","protein_coding"
"18042","ENSMUSG00000035270","protein_coding"
"18043","ENSMUSG00000035258","protein_coding"
"18044","ENSMUSG00000022757","protein_coding"
"18045","ENSMUSG00000022755","protein_coding"
"18046","ENSMUSG00000022754","protein_coding"
"18047","ENSMUSG00000109588","protein_coding"
"18048","ENSMUSG00000046748","protein_coding"
"18049","ENSMUSG00000022752","protein_coding"
"18050","ENSMUSG00000022751","protein_coding"
"18051","ENSMUSG00000022749","protein_coding"
"18052","ENSMUSG00000022753","protein_coding"
"18053","ENSMUSG00000022748","protein_coding"
"18054","ENSMUSG00000043336","protein_coding"
"18055","ENSMUSG00000068196","protein_coding"
"18056","ENSMUSG00000035107","protein_coding"
"18057","ENSMUSG00000022747","protein_coding"
"18058","ENSMUSG00000075002","protein_coding"
"18059","ENSMUSG00000055789","protein_coding"
"18060","ENSMUSG00000022742","protein_coding"
"18061","ENSMUSG00000047293","protein_coding"
"18062","ENSMUSG00000022744","protein_coding"
"18063","ENSMUSG00000071510","protein_coding"
"18064","ENSMUSG00000049362","protein_coding"
"18065","ENSMUSG00000060663","protein_coding"
"18066","ENSMUSG00000063137","protein_coding"
"18067","ENSMUSG00000044029","protein_coding"
"18068","ENSMUSG00000090629","protein_coding"
"18069","ENSMUSG00000090951","protein_coding"
"18070","ENSMUSG00000062105","protein_coding"
"18071","ENSMUSG00000047960","protein_coding"
"18072","ENSMUSG00000043357","protein_coding"
"18073","ENSMUSG00000064006","protein_coding"
"18074","ENSMUSG00000094539","protein_coding"
"18075","ENSMUSG00000108464","protein_coding"
"18076","ENSMUSG00000060057","protein_coding"
"18077","ENSMUSG00000063020","protein_coding"
"18078","ENSMUSG00000062608","protein_coding"
"18079","ENSMUSG00000096695","protein_coding"
"18080","ENSMUSG00000109020","protein_coding"
"18081","ENSMUSG00000052537","protein_coding"
"18082","ENSMUSG00000074996","protein_coding"
"18083","ENSMUSG00000074995","protein_coding"
"18084","ENSMUSG00000048810","protein_coding"
"18085","ENSMUSG00000068182","protein_coding"
"18086","ENSMUSG00000095928","protein_coding"
"18087","ENSMUSG00000094422","protein_coding"
"18088","ENSMUSG00000066257","protein_coding"
"18089","ENSMUSG00000095706","protein_coding"
"18090","ENSMUSG00000074991","protein_coding"
"18091","ENSMUSG00000022724","protein_coding"
"18092","ENSMUSG00000022723","protein_coding"
"18093","ENSMUSG00000022722","protein_coding"
"18094","ENSMUSG00000055540","protein_coding"
"18095","ENSMUSG00000050312","protein_coding"
"18096","ENSMUSG00000022911","protein_coding"
"18097","ENSMUSG00000047854","protein_coding"
"18098","ENSMUSG00000022912","protein_coding"
"18099","ENSMUSG00000052504","protein_coding"
"18100","ENSMUSG00000068167","protein_coding"
"18101","ENSMUSG00000059920","protein_coding"
"18102","ENSMUSG00000047141","protein_coding"
"18103","ENSMUSG00000054604","protein_coding"
"18104","ENSMUSG00000050783","protein_coding"
"18105","ENSMUSG00000004842","protein_coding"
"18106","ENSMUSG00000004843","protein_coding"
"18107","ENSMUSG00000091243","protein_coding"
"18108","ENSMUSG00000064115","protein_coding"
"18109","ENSMUSG00000063163","protein_coding"
"18110","ENSMUSG00000022707","protein_coding"
"18111","ENSMUSG00000022883","protein_coding"
"18112","ENSMUSG00000052516","protein_coding"
"18113","ENSMUSG00000032948","protein_coding"
"18114","ENSMUSG00000032940","protein_coding"
"18115","ENSMUSG00000032932","protein_coding"
"18116","ENSMUSG00000022876","protein_coding"
"18117","ENSMUSG00000048490","protein_coding"
"18118","ENSMUSG00000022867","protein_coding"
"18119","ENSMUSG00000022865","protein_coding"
"18120","ENSMUSG00000022863","protein_coding"
"18121","ENSMUSG00000022864","protein_coding"
"18122","ENSMUSG00000022860","protein_coding"
"18123","ENSMUSG00000022857","protein_coding"
"18124","ENSMUSG00000022762","protein_coding"
"18125","ENSMUSG00000022889","protein_coding"
"18126","ENSMUSG00000053062","protein_coding"
"18127","ENSMUSG00000022890","protein_coding"
"18128","ENSMUSG00000008976","protein_coding"
"18129","ENSMUSG00000022892","protein_coding"
"18130","ENSMUSG00000041134","protein_coding"
"18131","ENSMUSG00000022893","protein_coding"
"18132","ENSMUSG00000022894","protein_coding"
"18133","ENSMUSG00000044442","protein_coding"
"18134","ENSMUSG00000052299","protein_coding"
"18135","ENSMUSG00000041079","protein_coding"
"18136","ENSMUSG00000025616","protein_coding"
"18137","ENSMUSG00000025613","protein_coding"
"18138","ENSMUSG00000025610","protein_coding"
"18139","ENSMUSG00000025612","protein_coding"
"18140","ENSMUSG00000022935","protein_coding"
"18141","ENSMUSG00000055811","protein_coding"
"18142","ENSMUSG00000050520","protein_coding"
"18143","ENSMUSG00000050239","protein_coding"
"18144","ENSMUSG00000045331","protein_coding"
"18145","ENSMUSG00000071471","protein_coding"
"18146","ENSMUSG00000090515","protein_coding"
"18147","ENSMUSG00000050704","protein_coding"
"18148","ENSMUSG00000056350","protein_coding"
"18149","ENSMUSG00000050224","protein_coding"
"18150","ENSMUSG00000068078","protein_coding"
"18151","ENSMUSG00000048830","protein_coding"
"18152","ENSMUSG00000009047","protein_coding"
"18153","ENSMUSG00000116636","protein_coding"
"18154","ENSMUSG00000074928","protein_coding"
"18155","ENSMUSG00000022931","protein_coding"
"18156","ENSMUSG00000060691","protein_coding"
"18157","ENSMUSG00000057650","protein_coding"
"18158","ENSMUSG00000060469","protein_coding"
"18159","ENSMUSG00000043982","protein_coding"
"18160","ENSMUSG00000051802","protein_coding"
"18161","ENSMUSG00000057174","protein_coding"
"18162","ENSMUSG00000096534","protein_coding"
"18163","ENSMUSG00000095992","protein_coding"
"18164","ENSMUSG00000068075","protein_coding"
"18165","ENSMUSG00000058172","protein_coding"
"18166","ENSMUSG00000068074","protein_coding"
"18167","ENSMUSG00000062400","protein_coding"
"18168","ENSMUSG00000068073","protein_coding"
"18169","ENSMUSG00000057855","protein_coding"
"18170","ENSMUSG00000068071","protein_coding"
"18171","ENSMUSG00000059113","protein_coding"
"18172","ENSMUSG00000044227","protein_coding"
"18173","ENSMUSG00000068068","protein_coding"
"18174","ENSMUSG00000068067","protein_coding"
"18175","ENSMUSG00000091039","protein_coding"
"18176","ENSMUSG00000058368","protein_coding"
"18177","ENSMUSG00000062433","protein_coding"
"18178","ENSMUSG00000059632","protein_coding"
"18179","ENSMUSG00000056706","protein_coding"
"18180","ENSMUSG00000091212","protein_coding"
"18181","ENSMUSG00000002489","protein_coding"
"18182","ENSMUSG00000022982","protein_coding"
"18183","ENSMUSG00000022983","protein_coding"
"18184","ENSMUSG00000053414","protein_coding"
"18185","ENSMUSG00000022978","protein_coding"
"18186","ENSMUSG00000039956","protein_coding"
"18187","ENSMUSG00000039929","protein_coding"
"18188","ENSMUSG00000039903","protein_coding"
"18189","ENSMUSG00000022972","protein_coding"
"18190","ENSMUSG00000022973","protein_coding"
"18191","ENSMUSG00000022974","protein_coding"
"18192","ENSMUSG00000039851","protein_coding"
"18193","ENSMUSG00000039830","protein_coding"
"18194","ENSMUSG00000046160","protein_coding"
"18195","ENSMUSG00000022971","protein_coding"
"18196","ENSMUSG00000093701","protein_coding"
"18197","ENSMUSG00000022969","protein_coding"
"18198","ENSMUSG00000022967","protein_coding"
"18199","ENSMUSG00000022965","protein_coding"
"18200","ENSMUSG00000022964","protein_coding"
"18201","ENSMUSG00000039763","protein_coding"
"18202","ENSMUSG00000022962","protein_coding"
"18203","ENSMUSG00000022961","protein_coding"
"18204","ENSMUSG00000022960","protein_coding"
"18205","ENSMUSG00000116933","protein_coding"
"18206","ENSMUSG00000058240","protein_coding"
"18207","ENSMUSG00000022957","protein_coding"
"18208","ENSMUSG00000022956","protein_coding"
"18209","ENSMUSG00000039680","protein_coding"
"18210","ENSMUSG00000116930","protein_coding"
"18211","ENSMUSG00000089774","protein_coding"
"18212","ENSMUSG00000039672","protein_coding"
"18213","ENSMUSG00000051989","protein_coding"
"18214","ENSMUSG00000051728","protein_coding"
"18215","ENSMUSG00000039639","protein_coding"
"18216","ENSMUSG00000022951","protein_coding"
"18217","ENSMUSG00000022949","protein_coding"
"18218","ENSMUSG00000022952","protein_coding"
"18219","ENSMUSG00000022948","protein_coding"
"18220","ENSMUSG00000051483","protein_coding"
"18221","ENSMUSG00000082815","protein_coding"
"18222","ENSMUSG00000022947","protein_coding"
"18223","ENSMUSG00000022946","protein_coding"
"18224","ENSMUSG00000039456","protein_coding"
"18225","ENSMUSG00000022945","protein_coding"
"18226","ENSMUSG00000047109","protein_coding"
"18227","ENSMUSG00000062713","protein_coding"
"18228","ENSMUSG00000040820","protein_coding"
"18229","ENSMUSG00000022941","protein_coding"
"18230","ENSMUSG00000022940","protein_coding"
"18231","ENSMUSG00000040785","protein_coding"
"18232","ENSMUSG00000022898","protein_coding"
"18233","ENSMUSG00000022897","protein_coding"
"18234","ENSMUSG00000043301","protein_coding"
"18235","ENSMUSG00000062609","protein_coding"
"18236","ENSMUSG00000040732","protein_coding"
"18237","ENSMUSG00000022895","protein_coding"
"18238","ENSMUSG00000022913","protein_coding"
"18239","ENSMUSG00000022914","protein_coding"
"18240","ENSMUSG00000040681","protein_coding"
"18241","ENSMUSG00000023147","protein_coding"
"18242","ENSMUSG00000045275","protein_coding"
"18243","ENSMUSG00000040666","protein_coding"
"18244","ENSMUSG00000074892","protein_coding"
"18245","ENSMUSG00000000159","protein_coding"
"18246","ENSMUSG00000117081","protein_coding"
"18247","ENSMUSG00000000157","protein_coding"
"18248","ENSMUSG00000090223","protein_coding"
"18249","ENSMUSG00000050272","protein_coding"
"18250","ENSMUSG00000040605","protein_coding"
"18251","ENSMUSG00000000386","protein_coding"
"18252","ENSMUSG00000022938","protein_coding"
"18253","ENSMUSG00000023341","protein_coding"
"18254","ENSMUSG00000000385","protein_coding"
"18255","ENSMUSG00000005251","protein_coding"
"18256","ENSMUSG00000014039","protein_coding"
"18257","ENSMUSG00000045975","protein_coding"
"18258","ENSMUSG00000046962","protein_coding"
"18259","ENSMUSG00000080717","protein_coding"
"18260","ENSMUSG00000116673","protein_coding"
"18261","ENSMUSG00000046201","protein_coding"
"18262","ENSMUSG00000023800","protein_coding"
"18263","ENSMUSG00000036983","protein_coding"
"18264","ENSMUSG00000023802","protein_coding"
"18265","ENSMUSG00000069729","protein_coding"
"18266","ENSMUSG00000004945","protein_coding"
"18267","ENSMUSG00000101959","protein_coding"
"18268","ENSMUSG00000034265","protein_coding"
"18269","ENSMUSG00000002365","protein_coding"
"18270","ENSMUSG00000023805","protein_coding"
"18271","ENSMUSG00000015659","protein_coding"
"18272","ENSMUSG00000034345","protein_coding"
"18273","ENSMUSG00000034377","protein_coding"
"18274","ENSMUSG00000038141","protein_coding"
"18275","ENSMUSG00000092074","protein_coding"
"18276","ENSMUSG00000096255","protein_coding"
"18277","ENSMUSG00000000579","protein_coding"
"18278","ENSMUSG00000095677","protein_coding"
"18279","ENSMUSG00000041831","protein_coding"
"18280","ENSMUSG00000052397","protein_coding"
"18281","ENSMUSG00000023806","protein_coding"
"18282","ENSMUSG00000052031","protein_coding"
"18283","ENSMUSG00000094724","protein_coding"
"18284","ENSMUSG00000116876","protein_coding"
"18285","ENSMUSG00000094083","protein_coding"
"18286","ENSMUSG00000023809","protein_coding"
"18287","ENSMUSG00000071322","protein_coding"
"18288","ENSMUSG00000079722","protein_coding"
"18289","ENSMUSG00000116672","protein_coding"
"18290","ENSMUSG00000056133","protein_coding"
"18291","ENSMUSG00000071984","protein_coding"
"18292","ENSMUSG00000033450","protein_coding"
"18293","ENSMUSG00000073471","protein_coding"
"18294","ENSMUSG00000116988","protein_coding"
"18295","ENSMUSG00000095687","protein_coding"
"18296","ENSMUSG00000069135","protein_coding"
"18297","ENSMUSG00000040899","protein_coding"
"18298","ENSMUSG00000023861","protein_coding"
"18299","ENSMUSG00000073468","protein_coding"
"18300","ENSMUSG00000055945","protein_coding"
"18301","ENSMUSG00000058159","protein_coding"
"18302","ENSMUSG00000062327","protein_coding"
"18303","ENSMUSG00000023868","protein_coding"
"18304","ENSMUSG00000023873","protein_coding"
"18305","ENSMUSG00000072968","protein_coding"
"18306","ENSMUSG00000046173","protein_coding"
"18307","ENSMUSG00000062078","protein_coding"
"18308","ENSMUSG00000037196","protein_coding"
"18309","ENSMUSG00000023826","protein_coding"
"18310","ENSMUSG00000023827","protein_coding"
"18311","ENSMUSG00000014426","protein_coding"
"18312","ENSMUSG00000059481","protein_coding"
"18313","ENSMUSG00000023828","protein_coding"
"18314","ENSMUSG00000040966","protein_coding"
"18315","ENSMUSG00000023829","protein_coding"
"18316","ENSMUSG00000023830","protein_coding"
"18317","ENSMUSG00000068037","protein_coding"
"18318","ENSMUSG00000059408","protein_coding"
"18319","ENSMUSG00000073460","protein_coding"
"18320","ENSMUSG00000057388","protein_coding"
"18321","ENSMUSG00000068039","protein_coding"
"18322","ENSMUSG00000062480","protein_coding"
"18323","ENSMUSG00000023832","protein_coding"
"18324","ENSMUSG00000060475","protein_coding"
"18325","ENSMUSG00000006818","protein_coding"
"18326","ENSMUSG00000071311","protein_coding"
"18327","ENSMUSG00000055602","protein_coding"
"18328","ENSMUSG00000067049","protein_coding"
"18329","ENSMUSG00000073458","protein_coding"
"18330","ENSMUSG00000073457","protein_coding"
"18331","ENSMUSG00000052469","protein_coding"
"18332","ENSMUSG00000068036","protein_coding"
"18333","ENSMUSG00000067941","protein_coding"
"18334","ENSMUSG00000101307","protein_coding"
"18335","ENSMUSG00000101361","protein_coding"
"18336","ENSMUSG00000048826","protein_coding"
"18337","ENSMUSG00000023886","protein_coding"
"18338","ENSMUSG00000023885","protein_coding"
"18339","ENSMUSG00000046991","protein_coding"
"18340","ENSMUSG00000050088","protein_coding"
"18341","ENSMUSG00000023883","protein_coding"
"18342","ENSMUSG00000116780","protein_coding"
"18343","ENSMUSG00000116953","protein_coding"
"18344","ENSMUSG00000079710","protein_coding"
"18345","ENSMUSG00000116895","protein_coding"
"18346","ENSMUSG00000079707","protein_coding"
"18347","ENSMUSG00000036552","protein_coding"
"18348","ENSMUSG00000014773","protein_coding"
"18349","ENSMUSG00000014763","protein_coding"
"18350","ENSMUSG00000014769","protein_coding"
"18351","ENSMUSG00000014767","protein_coding"
"18352","ENSMUSG00000014771","protein_coding"
"18353","ENSMUSG00000051977","protein_coding"
"18354","ENSMUSG00000023852","protein_coding"
"18355","ENSMUSG00000048027","protein_coding"
"18356","ENSMUSG00000096696","protein_coding"
"18357","ENSMUSG00000095990","protein_coding"
"18358","ENSMUSG00000116564","protein_coding"
"18359","ENSMUSG00000047786","protein_coding"
"18360","ENSMUSG00000023845","protein_coding"
"18361","ENSMUSG00000092120","protein_coding"
"18362","ENSMUSG00000080316","protein_coding"
"18363","ENSMUSG00000003665","protein_coding"
"18364","ENSMUSG00000045551","protein_coding"
"18365","ENSMUSG00000052270","protein_coding"
"18366","ENSMUSG00000079700","protein_coding"
"18367","ENSMUSG00000048062","protein_coding"
"18368","ENSMUSG00000094396","protein_coding"
"18369","ENSMUSG00000091206","protein_coding"
"18370","ENSMUSG00000091350","protein_coding"
"18371","ENSMUSG00000090417","protein_coding"
"18372","ENSMUSG00000079698","protein_coding"
"18373","ENSMUSG00000091631","protein_coding"
"18374","ENSMUSG00000091679","protein_coding"
"18375","ENSMUSG00000091491","protein_coding"
"18376","ENSMUSG00000096717","protein_coding"
"18377","ENSMUSG00000093533","protein_coding"
"18378","ENSMUSG00000090304","protein_coding"
"18379","ENSMUSG00000091859","protein_coding"
"18380","ENSMUSG00000094892","protein_coding"
"18381","ENSMUSG00000095961","protein_coding"
"18382","ENSMUSG00000091771","protein_coding"
"18383","ENSMUSG00000090315","protein_coding"
"18384","ENSMUSG00000071276","protein_coding"
"18385","ENSMUSG00000071275","protein_coding"
"18386","ENSMUSG00000091670","protein_coding"
"18387","ENSMUSG00000091656","protein_coding"
"18388","ENSMUSG00000056910","protein_coding"
"18389","ENSMUSG00000091151","protein_coding"
"18390","ENSMUSG00000091805","protein_coding"
"18391","ENSMUSG00000043537","protein_coding"
"18392","ENSMUSG00000090572","protein_coding"
"18393","ENSMUSG00000091259","protein_coding"
"18394","ENSMUSG00000060701","protein_coding"
"18395","ENSMUSG00000042848","protein_coding"
"18396","ENSMUSG00000067951","protein_coding"
"18397","ENSMUSG00000060245","protein_coding"
"18398","ENSMUSG00000117148","protein_coding"
"18399","ENSMUSG00000045417","protein_coding"
"18400","ENSMUSG00000050933","protein_coding"
"18401","ENSMUSG00000062165","protein_coding"
"18402","ENSMUSG00000007564","protein_coding"
"18403","ENSMUSG00000045575","protein_coding"
"18404","ENSMUSG00000067942","protein_coding"
"18405","ENSMUSG00000057203","protein_coding"
"18406","ENSMUSG00000050102","protein_coding"
"18407","ENSMUSG00000054142","protein_coding"
"18408","ENSMUSG00000058030","protein_coding"
"18409","ENSMUSG00000062743","protein_coding"
"18410","ENSMUSG00000023882","protein_coding"
"18411","ENSMUSG00000023892","protein_coding"
"18412","ENSMUSG00000057409","protein_coding"
"18413","ENSMUSG00000051341","protein_coding"
"18414","ENSMUSG00000067931","protein_coding"
"18415","ENSMUSG00000035868","protein_coding"
"18416","ENSMUSG00000073448","protein_coding"
"18417","ENSMUSG00000067928","protein_coding"
"18418","ENSMUSG00000061544","protein_coding"
"18419","ENSMUSG00000069743","protein_coding"
"18420","ENSMUSG00000078546","protein_coding"
"18421","ENSMUSG00000071267","protein_coding"
"18422","ENSMUSG00000053347","protein_coding"
"18423","ENSMUSG00000063383","protein_coding"
"18424","ENSMUSG00000096433","protein_coding"
"18425","ENSMUSG00000117284","protein_coding"
"18426","ENSMUSG00000033972","protein_coding"
"18427","ENSMUSG00000044501","protein_coding"
"18428","ENSMUSG00000071266","protein_coding"
"18429","ENSMUSG00000095093","protein_coding"
"18430","ENSMUSG00000094921","protein_coding"
"18431","ENSMUSG00000059142","protein_coding"
"18432","ENSMUSG00000092111","protein_coding"
"18433","ENSMUSG00000095658","protein_coding"
"18434","ENSMUSG00000002617","protein_coding"
"18435","ENSMUSG00000091945","protein_coding"
"18436","ENSMUSG00000091076","protein_coding"
"18437","ENSMUSG00000090966","protein_coding"
"18438","ENSMUSG00000091407","protein_coding"
"18439","ENSMUSG00000067882","protein_coding"
"18440","ENSMUSG00000071256","protein_coding"
"18441","ENSMUSG00000062012","protein_coding"
"18442","ENSMUSG00000023902","protein_coding"
"18443","ENSMUSG00000023903","protein_coding"
"18444","ENSMUSG00000043782","protein_coding"
"18445","ENSMUSG00000041319","protein_coding"
"18446","ENSMUSG00000023904","protein_coding"
"18447","ENSMUSG00000023905","protein_coding"
"18448","ENSMUSG00000023906","protein_coding"
"18449","ENSMUSG00000066720","protein_coding"
"18450","ENSMUSG00000043747","protein_coding"
"18451","ENSMUSG00000023908","protein_coding"
"18452","ENSMUSG00000023909","protein_coding"
"18453","ENSMUSG00000040680","protein_coding"
"18454","ENSMUSG00000040097","protein_coding"
"18455","ENSMUSG00000023911","protein_coding"
"18456","ENSMUSG00000039218","protein_coding"
"18457","ENSMUSG00000055839","protein_coding"
"18458","ENSMUSG00000049620","protein_coding"
"18459","ENSMUSG00000024114","protein_coding"
"18460","ENSMUSG00000048992","protein_coding"
"18461","ENSMUSG00000024116","protein_coding"
"18462","ENSMUSG00000096445","protein_coding"
"18463","ENSMUSG00000096278","protein_coding"
"18464","ENSMUSG00000057417","protein_coding"
"18465","ENSMUSG00000024128","protein_coding"
"18466","ENSMUSG00000024125","protein_coding"
"18467","ENSMUSG00000024124","protein_coding"
"18468","ENSMUSG00000045027","protein_coding"
"18469","ENSMUSG00000050762","protein_coding"
"18470","ENSMUSG00000016946","protein_coding"
"18471","ENSMUSG00000024122","protein_coding"
"18472","ENSMUSG00000036820","protein_coding"
"18473","ENSMUSG00000024121","protein_coding"
"18474","ENSMUSG00000036473","protein_coding"
"18475","ENSMUSG00000117406","protein_coding"
"18476","ENSMUSG00000024118","protein_coding"
"18477","ENSMUSG00000072082","protein_coding"
"18478","ENSMUSG00000035435","protein_coding"
"18479","ENSMUSG00000024130","protein_coding"
"18480","ENSMUSG00000034681","protein_coding"
"18481","ENSMUSG00000024132","protein_coding"
"18482","ENSMUSG00000024136","protein_coding"
"18483","ENSMUSG00000024137","protein_coding"
"18484","ENSMUSG00000043445","protein_coding"
"18485","ENSMUSG00000024142","protein_coding"
"18486","ENSMUSG00000045744","protein_coding"
"18487","ENSMUSG00000033597","protein_coding"
"18488","ENSMUSG00000052752","protein_coding"
"18489","ENSMUSG00000079657","protein_coding"
"18490","ENSMUSG00000032855","protein_coding"
"18491","ENSMUSG00000002496","protein_coding"
"18492","ENSMUSG00000041429","protein_coding"
"18493","ENSMUSG00000002504","protein_coding"
"18494","ENSMUSG00000071230","protein_coding"
"18495","ENSMUSG00000041130","protein_coding"
"18496","ENSMUSG00000007021","protein_coding"
"18497","ENSMUSG00000040888","protein_coding"
"18498","ENSMUSG00000019320","protein_coding"
"18499","ENSMUSG00000040688","protein_coding"
"18500","ENSMUSG00000008482","protein_coding"
"18501","ENSMUSG00000044533","protein_coding"
"18502","ENSMUSG00000040048","protein_coding"
"18503","ENSMUSG00000002500","protein_coding"
"18504","ENSMUSG00000075705","protein_coding"
"18505","ENSMUSG00000039628","protein_coding"
"18506","ENSMUSG00000024155","protein_coding"
"18507","ENSMUSG00000024158","protein_coding"
"18508","ENSMUSG00000045316","protein_coding"
"18509","ENSMUSG00000046070","protein_coding"
"18510","ENSMUSG00000039183","protein_coding"
"18511","ENSMUSG00000024160","protein_coding"
"18512","ENSMUSG00000073436","protein_coding"
"18513","ENSMUSG00000024163","protein_coding"
"18514","ENSMUSG00000038880","protein_coding"
"18515","ENSMUSG00000073435","protein_coding"
"18516","ENSMUSG00000024165","protein_coding"
"18517","ENSMUSG00000038002","protein_coding"
"18518","ENSMUSG00000024169","protein_coding"
"18519","ENSMUSG00000024168","protein_coding"
"18520","ENSMUSG00000024170","protein_coding"
"18521","ENSMUSG00000044172","protein_coding"
"18522","ENSMUSG00000036636","protein_coding"
"18523","ENSMUSG00000059562","protein_coding"
"18524","ENSMUSG00000114245","protein_coding"
"18525","ENSMUSG00000067722","protein_coding"
"18526","ENSMUSG00000015127","protein_coding"
"18527","ENSMUSG00000035521","protein_coding"
"18528","ENSMUSG00000015126","protein_coding"
"18529","ENSMUSG00000047507","protein_coding"
"18530","ENSMUSG00000015120","protein_coding"
"18531","ENSMUSG00000056399","protein_coding"
"18532","ENSMUSG00000024171","protein_coding"
"18533","ENSMUSG00000034039","protein_coding"
"18534","ENSMUSG00000024173","protein_coding"
"18535","ENSMUSG00000033825","protein_coding"
"18536","ENSMUSG00000033200","protein_coding"
"18537","ENSMUSG00000024112","protein_coding"
"18538","ENSMUSG00000024175","protein_coding"
"18539","ENSMUSG00000050824","protein_coding"
"18540","ENSMUSG00000024176","protein_coding"
"18541","ENSMUSG00000002279","protein_coding"
"18542","ENSMUSG00000025739","protein_coding"
"18543","ENSMUSG00000019214","protein_coding"
"18544","ENSMUSG00000041199","protein_coding"
"18545","ENSMUSG00000041062","protein_coding"
"18546","ENSMUSG00000063011","protein_coding"
"18547","ENSMUSG00000002280","protein_coding"
"18548","ENSMUSG00000061046","protein_coding"
"18549","ENSMUSG00000071202","protein_coding"
"18550","ENSMUSG00000057411","protein_coding"
"18551","ENSMUSG00000002274","protein_coding"
"18552","ENSMUSG00000025738","protein_coding"
"18553","ENSMUSG00000025737","protein_coding"
"18554","ENSMUSG00000025736","protein_coding"
"18555","ENSMUSG00000039615","protein_coding"
"18556","ENSMUSG00000025735","protein_coding"
"18557","ENSMUSG00000093593","protein_coding"
"18558","ENSMUSG00000025733","protein_coding"
"18559","ENSMUSG00000073434","protein_coding"
"18560","ENSMUSG00000025732","protein_coding"
"18561","ENSMUSG00000025731","protein_coding"
"18562","ENSMUSG00000071192","protein_coding"
"18563","ENSMUSG00000025730","protein_coding"
"18564","ENSMUSG00000025728","protein_coding"
"18565","ENSMUSG00000090113","protein_coding"
"18566","ENSMUSG00000025727","protein_coding"
"18567","ENSMUSG00000037326","protein_coding"
"18568","ENSMUSG00000037098","protein_coding"
"18569","ENSMUSG00000036775","protein_coding"
"18570","ENSMUSG00000024177","protein_coding"
"18571","ENSMUSG00000024180","protein_coding"
"18572","ENSMUSG00000024181","protein_coding"
"18573","ENSMUSG00000024182","protein_coding"
"18574","ENSMUSG00000024184","protein_coding"
"18575","ENSMUSG00000073433","protein_coding"
"18576","ENSMUSG00000024186","protein_coding"
"18577","ENSMUSG00000024187","protein_coding"
"18578","ENSMUSG00000024188","protein_coding"
"18579","ENSMUSG00000034413","protein_coding"
"18580","ENSMUSG00000024190","protein_coding"
"18581","ENSMUSG00000001576","protein_coding"
"18582","ENSMUSG00000015575","protein_coding"
"18583","ENSMUSG00000048249","protein_coding"
"18584","ENSMUSG00000024191","protein_coding"
"18585","ENSMUSG00000015579","protein_coding"
"18586","ENSMUSG00000024301","protein_coding"
"18587","ENSMUSG00000024193","protein_coding"
"18588","ENSMUSG00000024194","protein_coding"
"18589","ENSMUSG00000067629","protein_coding"
"18590","ENSMUSG00000079605","protein_coding"
"18591","ENSMUSG00000117819","protein_coding"
"18592","ENSMUSG00000048731","protein_coding"
"18593","ENSMUSG00000057789","protein_coding"
"18594","ENSMUSG00000042644","protein_coding"
"18595","ENSMUSG00000024208","protein_coding"
"18596","ENSMUSG00000024210","protein_coding"
"18597","ENSMUSG00000044857","protein_coding"
"18598","ENSMUSG00000063239","protein_coding"
"18599","ENSMUSG00000046711","protein_coding"
"18600","ENSMUSG00000062753","protein_coding"
"18601","ENSMUSG00000024213","protein_coding"
"18602","ENSMUSG00000117338","protein_coding"
"18603","ENSMUSG00000052146","protein_coding"
"18604","ENSMUSG00000040276","protein_coding"
"18605","ENSMUSG00000024215","protein_coding"
"18606","ENSMUSG00000056692","protein_coding"
"18607","ENSMUSG00000024217","protein_coding"
"18608","ENSMUSG00000039512","protein_coding"
"18609","ENSMUSG00000024218","protein_coding"
"18610","ENSMUSG00000024219","protein_coding"
"18611","ENSMUSG00000062859","protein_coding"
"18612","ENSMUSG00000038677","protein_coding"
"18613","ENSMUSG00000024220","protein_coding"
"18614","ENSMUSG00000002257","protein_coding"
"18615","ENSMUSG00000002250","protein_coding"
"18616","ENSMUSG00000007570","protein_coding"
"18617","ENSMUSG00000037805","protein_coding"
"18618","ENSMUSG00000002249","protein_coding"
"18619","ENSMUSG00000037446","protein_coding"
"18620","ENSMUSG00000024222","protein_coding"
"18621","ENSMUSG00000024223","protein_coding"
"18622","ENSMUSG00000024224","protein_coding"
"18623","ENSMUSG00000024225","protein_coding"
"18624","ENSMUSG00000062252","protein_coding"
"18625","ENSMUSG00000004865","protein_coding"
"18626","ENSMUSG00000036196","protein_coding"
"18627","ENSMUSG00000053436","protein_coding"
"18628","ENSMUSG00000117145","protein_coding"
"18629","ENSMUSG00000004864","protein_coding"
"18630","ENSMUSG00000063952","protein_coding"
"18631","ENSMUSG00000043286","protein_coding"
"18632","ENSMUSG00000048905","protein_coding"
"18633","ENSMUSG00000045378","protein_coding"
"18634","ENSMUSG00000005936","protein_coding"
"18635","ENSMUSG00000024006","protein_coding"
"18636","ENSMUSG00000071172","protein_coding"
"18637","ENSMUSG00000023067","protein_coding"
"18638","ENSMUSG00000064147","protein_coding"
"18639","ENSMUSG00000024008","protein_coding"
"18640","ENSMUSG00000024007","protein_coding"
"18641","ENSMUSG00000052712","protein_coding"
"18642","ENSMUSG00000024011","protein_coding"
"18643","ENSMUSG00000024012","protein_coding"
"18644","ENSMUSG00000024013","protein_coding"
"18645","ENSMUSG00000024014","protein_coding"
"18646","ENSMUSG00000091614","protein_coding"
"18647","ENSMUSG00000079580","protein_coding"
"18648","ENSMUSG00000042203","protein_coding"
"18649","ENSMUSG00000090083","protein_coding"
"18650","ENSMUSG00000098374","protein_coding"
"18651","ENSMUSG00000024019","protein_coding"
"18652","ENSMUSG00000024018","protein_coding"
"18653","ENSMUSG00000043557","protein_coding"
"18654","ENSMUSG00000044477","protein_coding"
"18655","ENSMUSG00000062202","protein_coding"
"18656","ENSMUSG00000024026","protein_coding"
"18657","ENSMUSG00000033826","protein_coding"
"18658","ENSMUSG00000024027","protein_coding"
"18659","ENSMUSG00000054134","protein_coding"
"18660","ENSMUSG00000024030","protein_coding"
"18661","ENSMUSG00000024029","protein_coding"
"18662","ENSMUSG00000024028","protein_coding"
"18663","ENSMUSG00000024032","protein_coding"
"18664","ENSMUSG00000024034","protein_coding"
"18665","ENSMUSG00000042345","protein_coding"
"18666","ENSMUSG00000024033","protein_coding"
"18667","ENSMUSG00000024036","protein_coding"
"18668","ENSMUSG00000041119","protein_coding"
"18669","ENSMUSG00000024037","protein_coding"
"18670","ENSMUSG00000024038","protein_coding"
"18671","ENSMUSG00000006705","protein_coding"
"18672","ENSMUSG00000024039","protein_coding"
"18673","ENSMUSG00000061613","protein_coding"
"18674","ENSMUSG00000024041","protein_coding"
"18675","ENSMUSG00000024042","protein_coding"
"18676","ENSMUSG00000002076","protein_coding"
"18677","ENSMUSG00000058392","protein_coding"
"18678","ENSMUSG00000038146","protein_coding"
"18679","ENSMUSG00000037577","protein_coding"
"18680","ENSMUSG00000024002","protein_coding"
"18681","ENSMUSG00000024045","protein_coding"
"18682","ENSMUSG00000002625","protein_coding"
"18683","ENSMUSG00000024050","protein_coding"
"18684","ENSMUSG00000052142","protein_coding"
"18685","ENSMUSG00000079563","protein_coding"
"18686","ENSMUSG00000061126","protein_coding"
"18687","ENSMUSG00000091586","protein_coding"
"18688","ENSMUSG00000048440","protein_coding"
"18689","ENSMUSG00000062464","protein_coding"
"18690","ENSMUSG00000090700","protein_coding"
"18691","ENSMUSG00000073424","protein_coding"
"18692","ENSMUSG00000024298","protein_coding"
"18693","ENSMUSG00000055202","protein_coding"
"18694","ENSMUSG00000095253","protein_coding"
"18695","ENSMUSG00000095325","protein_coding"
"18696","ENSMUSG00000024292","protein_coding"
"18697","ENSMUSG00000024055","protein_coding"
"18698","ENSMUSG00000053600","protein_coding"
"18699","ENSMUSG00000053390","protein_coding"
"18700","ENSMUSG00000067430","protein_coding"
"18701","ENSMUSG00000067424","protein_coding"
"18702","ENSMUSG00000048602","protein_coding"
"18703","ENSMUSG00000094891","protein_coding"
"18704","ENSMUSG00000093884","protein_coding"
"18705","ENSMUSG00000096169","protein_coding"
"18706","ENSMUSG00000094441","protein_coding"
"18707","ENSMUSG00000054666","protein_coding"
"18708","ENSMUSG00000096910","protein_coding"
"18709","ENSMUSG00000003929","protein_coding"
"18710","ENSMUSG00000055240","protein_coding"
"18711","ENSMUSG00000092519","protein_coding"
"18712","ENSMUSG00000117495","protein_coding"
"18713","ENSMUSG00000024299","protein_coding"
"18714","ENSMUSG00000024300","protein_coding"
"18715","ENSMUSG00000073423","protein_coding"
"18716","ENSMUSG00000032739","protein_coding"
"18717","ENSMUSG00000059208","protein_coding"
"18718","ENSMUSG00000079557","protein_coding"
"18719","ENSMUSG00000077450","protein_coding"
"18720","ENSMUSG00000002289","protein_coding"
"18721","ENSMUSG00000042099","protein_coding"
"18722","ENSMUSG00000067288","protein_coding"
"18723","ENSMUSG00000041881","protein_coding"
"18724","ENSMUSG00000002308","protein_coding"
"18725","ENSMUSG00000115113","protein_coding"
"18726","ENSMUSG00000079553","protein_coding"
"18727","ENSMUSG00000092349","protein_coding"
"18728","ENSMUSG00000002307","protein_coding"
"18729","ENSMUSG00000024308","protein_coding"
"18730","ENSMUSG00000051390","protein_coding"
"18731","ENSMUSG00000041354","protein_coding"
"18732","ENSMUSG00000024309","protein_coding"
"18733","ENSMUSG00000024312","protein_coding"
"18734","ENSMUSG00000067370","protein_coding"
"18735","ENSMUSG00000008668","protein_coding"
"18736","ENSMUSG00000024319","protein_coding"
"18737","ENSMUSG00000061232","protein_coding"
"18738","ENSMUSG00000024325","protein_coding"
"18739","ENSMUSG00000073422","protein_coding"
"18740","ENSMUSG00000024327","protein_coding"
"18741","ENSMUSG00000039656","protein_coding"
"18742","ENSMUSG00000024330","protein_coding"
"18743","ENSMUSG00000024334","protein_coding"
"18744","ENSMUSG00000024335","protein_coding"
"18745","ENSMUSG00000037649","protein_coding"
"18746","ENSMUSG00000037548","protein_coding"
"18747","ENSMUSG00000079547","protein_coding"
"18748","ENSMUSG00000096727","protein_coding"
"18749","ENSMUSG00000037321","protein_coding"
"18750","ENSMUSG00000024338","protein_coding"
"18751","ENSMUSG00000024339","protein_coding"
"18752","ENSMUSG00000041538","protein_coding"
"18753","ENSMUSG00000073421","protein_coding"
"18754","ENSMUSG00000036594","protein_coding"
"18755","ENSMUSG00000060586","protein_coding"
"18756","ENSMUSG00000067341","protein_coding"
"18757","ENSMUSG00000036322","protein_coding"
"18758","ENSMUSG00000024340","protein_coding"
"18759","ENSMUSG00000062638","protein_coding"
"18760","ENSMUSG00000057246","protein_coding"
"18761","ENSMUSG00000058435","protein_coding"
"18762","ENSMUSG00000092618","protein_coding"
"18763","ENSMUSG00000015468","protein_coding"
"18764","ENSMUSG00000034786","protein_coding"
"18765","ENSMUSG00000034673","protein_coding"
"18766","ENSMUSG00000015452","protein_coding"
"18767","ENSMUSG00000015478","protein_coding"
"18768","ENSMUSG00000034254","protein_coding"
"18769","ENSMUSG00000015467","protein_coding"
"18770","ENSMUSG00000015474","protein_coding"
"18771","ENSMUSG00000015476","protein_coding"
"18772","ENSMUSG00000033739","protein_coding"
"18773","ENSMUSG00000015461","protein_coding"
"18774","ENSMUSG00000033327","protein_coding"
"18775","ENSMUSG00000073418","protein_coding"
"18776","ENSMUSG00000024365","protein_coding"
"18777","ENSMUSG00000061207","protein_coding"
"18778","ENSMUSG00000040482","protein_coding"
"18779","ENSMUSG00000040356","protein_coding"
"18780","ENSMUSG00000024369","protein_coding"
"18781","ENSMUSG00000090231","protein_coding"
"18782","ENSMUSG00000092511","protein_coding"
"18783","ENSMUSG00000024371","protein_coding"
"18784","ENSMUSG00000049823","protein_coding"
"18785","ENSMUSG00000013787","protein_coding"
"18786","ENSMUSG00000007034","protein_coding"
"18787","ENSMUSG00000007038","protein_coding"
"18788","ENSMUSG00000090877","protein_coding"
"18789","ENSMUSG00000091971","protein_coding"
"18790","ENSMUSG00000007033","protein_coding"
"18791","ENSMUSG00000007050","protein_coding"
"18792","ENSMUSG00000007029","protein_coding"
"18793","ENSMUSG00000007030","protein_coding"
"18794","ENSMUSG00000036185","protein_coding"
"18795","ENSMUSG00000007035","protein_coding"
"18796","ENSMUSG00000007041","protein_coding"
"18797","ENSMUSG00000007039","protein_coding"
"18798","ENSMUSG00000073414","protein_coding"
"18799","ENSMUSG00000092586","protein_coding"
"18800","ENSMUSG00000073413","protein_coding"
"18801","ENSMUSG00000013766","protein_coding"
"18802","ENSMUSG00000034923","protein_coding"
"18803","ENSMUSG00000007036","protein_coding"
"18804","ENSMUSG00000034482","protein_coding"
"18805","ENSMUSG00000043807","protein_coding"
"18806","ENSMUSG00000024387","protein_coding"
"18807","ENSMUSG00000092417","protein_coding"
"18808","ENSMUSG00000043311","protein_coding"
"18809","ENSMUSG00000024391","protein_coding"
"18810","ENSMUSG00000024392","protein_coding"
"18811","ENSMUSG00000024393","protein_coding"
"18812","ENSMUSG00000024397","protein_coding"
"18813","ENSMUSG00000073412","protein_coding"
"18814","ENSMUSG00000024399","protein_coding"
"18815","ENSMUSG00000024401","protein_coding"
"18816","ENSMUSG00000024402","protein_coding"
"18817","ENSMUSG00000042419","protein_coding"
"18818","ENSMUSG00000024403","protein_coding"
"18819","ENSMUSG00000019432","protein_coding"
"18820","ENSMUSG00000073411","protein_coding"
"18821","ENSMUSG00000079507","protein_coding"
"18822","ENSMUSG00000091705","protein_coding"
"18823","ENSMUSG00000035929","protein_coding"
"18824","ENSMUSG00000055413","protein_coding"
"18825","ENSMUSG00000073409","protein_coding"
"18826","ENSMUSG00000060550","protein_coding"
"18827","ENSMUSG00000067235","protein_coding"
"18828","ENSMUSG00000024406","protein_coding"
"18829","ENSMUSG00000050410","protein_coding"
"18830","ENSMUSG00000040312","protein_coding"
"18831","ENSMUSG00000024409","protein_coding"
"18832","ENSMUSG00000039518","protein_coding"
"18833","ENSMUSG00000039269","protein_coding"
"18834","ENSMUSG00000090509","protein_coding"
"18835","ENSMUSG00000090588","protein_coding"
"18836","ENSMUSG00000073408","protein_coding"
"18837","ENSMUSG00000038838","protein_coding"
"18838","ENSMUSG00000001524","protein_coding"
"18839","ENSMUSG00000003534","protein_coding"
"18840","ENSMUSG00000003541","protein_coding"
"18841","ENSMUSG00000059714","protein_coding"
"18842","ENSMUSG00000001525","protein_coding"
"18843","ENSMUSG00000061607","protein_coding"
"18844","ENSMUSG00000059791","protein_coding"
"18845","ENSMUSG00000034595","protein_coding"
"18846","ENSMUSG00000024422","protein_coding"
"18847","ENSMUSG00000050705","protein_coding"
"18848","ENSMUSG00000024426","protein_coding"
"18849","ENSMUSG00000024436","protein_coding"
"18850","ENSMUSG00000039220","protein_coding"
"18851","ENSMUSG00000038762","protein_coding"
"18852","ENSMUSG00000038500","protein_coding"
"18853","ENSMUSG00000024429","protein_coding"
"18854","ENSMUSG00000053835","protein_coding"
"18855","ENSMUSG00000067212","protein_coding"
"18856","ENSMUSG00000056116","protein_coding"
"18857","ENSMUSG00000079492","protein_coding"
"18858","ENSMUSG00000073406","protein_coding"
"18859","ENSMUSG00000092243","protein_coding"
"18860","ENSMUSG00000079491","protein_coding"
"18861","ENSMUSG00000092277","protein_coding"
"18862","ENSMUSG00000073402","protein_coding"
"18863","ENSMUSG00000054128","protein_coding"
"18864","ENSMUSG00000024446","protein_coding"
"18865","ENSMUSG00000045409","protein_coding"
"18866","ENSMUSG00000023083","protein_coding"
"18867","ENSMUSG00000024448","protein_coding"
"18868","ENSMUSG00000058124","protein_coding"
"18869","ENSMUSG00000048231","protein_coding"
"18870","ENSMUSG00000037537","protein_coding"
"18871","ENSMUSG00000067201","protein_coding"
"18872","ENSMUSG00000037334","protein_coding"
"18873","ENSMUSG00000037246","protein_coding"
"18874","ENSMUSG00000037130","protein_coding"
"18875","ENSMUSG00000024457","protein_coding"
"18876","ENSMUSG00000050747","protein_coding"
"18877","ENSMUSG00000073400","protein_coding"
"18878","ENSMUSG00000073399","protein_coding"
"18879","ENSMUSG00000058063","protein_coding"
"18880","ENSMUSG00000036492","protein_coding"
"18881","ENSMUSG00000036398","protein_coding"
"18882","ENSMUSG00000036315","protein_coding"
"18883","ENSMUSG00000036214","protein_coding"
"18884","ENSMUSG00000064308","protein_coding"
"18885","ENSMUSG00000024459","protein_coding"
"18886","ENSMUSG00000036036","protein_coding"
"18887","ENSMUSG00000076439","protein_coding"
"18888","ENSMUSG00000024462","protein_coding"
"18889","ENSMUSG00000056600","protein_coding"
"18890","ENSMUSG00000095377","protein_coding"
"18891","ENSMUSG00000096477","protein_coding"
"18892","ENSMUSG00000091601","protein_coding"
"18893","ENSMUSG00000090556","protein_coding"
"18894","ENSMUSG00000035186","protein_coding"
"18895","ENSMUSG00000043827","protein_coding"
"18896","ENSMUSG00000049561","protein_coding"
"18897","ENSMUSG00000064121","protein_coding"
"18898","ENSMUSG00000058802","protein_coding"
"18899","ENSMUSG00000063660","protein_coding"
"18900","ENSMUSG00000016206","protein_coding"
"18901","ENSMUSG00000061972","protein_coding"
"18902","ENSMUSG00000092077","protein_coding"
"18903","ENSMUSG00000091531","protein_coding"
"18904","ENSMUSG00000049618","protein_coding"
"18905","ENSMUSG00000095858","protein_coding"
"18906","ENSMUSG00000094884","protein_coding"
"18907","ENSMUSG00000095603","protein_coding"
"18908","ENSMUSG00000063188","protein_coding"
"18909","ENSMUSG00000059687","protein_coding"
"18910","ENSMUSG00000029184","protein_coding"
"18911","ENSMUSG00000016283","protein_coding"
"18912","ENSMUSG00000090894","protein_coding"
"18913","ENSMUSG00000090675","protein_coding"
"18914","ENSMUSG00000051611","protein_coding"
"18915","ENSMUSG00000092292","protein_coding"
"18916","ENSMUSG00000062629","protein_coding"
"18917","ENSMUSG00000092413","protein_coding"
"18918","ENSMUSG00000061336","protein_coding"
"18919","ENSMUSG00000095286","protein_coding"
"18920","ENSMUSG00000080990","protein_coding"
"18921","ENSMUSG00000059964","protein_coding"
"18922","ENSMUSG00000063994","protein_coding"
"18923","ENSMUSG00000060017","protein_coding"
"18924","ENSMUSG00000083947","protein_coding"
"18925","ENSMUSG00000045202","protein_coding"
"18926","ENSMUSG00000044985","protein_coding"
"18927","ENSMUSG00000050613","protein_coding"
"18928","ENSMUSG00000109212","protein_coding"
"18929","ENSMUSG00000058114","protein_coding"
"18930","ENSMUSG00000059030","protein_coding"
"18931","ENSMUSG00000109376","protein_coding"
"18932","ENSMUSG00000081724","protein_coding"
"18933","ENSMUSG00000094878","protein_coding"
"18934","ENSMUSG00000043312","protein_coding"
"18935","ENSMUSG00000067186","protein_coding"
"18936","ENSMUSG00000063240","protein_coding"
"18937","ENSMUSG00000096009","protein_coding"
"18938","ENSMUSG00000057801","protein_coding"
"18939","ENSMUSG00000057443","protein_coding"
"18940","ENSMUSG00000054940","protein_coding"
"18941","ENSMUSG00000096840","protein_coding"
"18942","ENSMUSG00000092322","protein_coding"
"18943","ENSMUSG00000092244","protein_coding"
"18944","ENSMUSG00000092342","protein_coding"
"18945","ENSMUSG00000095625","protein_coding"
"18946","ENSMUSG00000094168","protein_coding"
"18947","ENSMUSG00000096697","protein_coding"
"18948","ENSMUSG00000117311","protein_coding"
"18949","ENSMUSG00000094024","protein_coding"
"18950","ENSMUSG00000096345","protein_coding"
"18951","ENSMUSG00000095104","protein_coding"
"18952","ENSMUSG00000095886","protein_coding"
"18953","ENSMUSG00000117136","protein_coding"
"18954","ENSMUSG00000031233","protein_coding"
"18955","ENSMUSG00000025433","protein_coding"
"18956","ENSMUSG00000025431","protein_coding"
"18957","ENSMUSG00000090747","protein_coding"
"18958","ENSMUSG00000092043","protein_coding"
"18959","ENSMUSG00000090897","protein_coding"
"18960","ENSMUSG00000117190","protein_coding"
"18961","ENSMUSG00000095540","protein_coding"
"18962","ENSMUSG00000093957","protein_coding"
"18963","ENSMUSG00000073396","protein_coding"
"18964","ENSMUSG00000023930","protein_coding"
"18965","ENSMUSG00000023926","protein_coding"
"18966","ENSMUSG00000054951","protein_coding"
"18967","ENSMUSG00000091043","protein_coding"
"18968","ENSMUSG00000023919","protein_coding"
"18969","ENSMUSG00000023921","protein_coding"
"18970","ENSMUSG00000042256","protein_coding"
"18971","ENSMUSG00000043972","protein_coding"
"18972","ENSMUSG00000023918","protein_coding"
"18973","ENSMUSG00000057899","protein_coding"
"18974","ENSMUSG00000061665","protein_coding"
"18975","ENSMUSG00000023915","protein_coding"
"18976","ENSMUSG00000041293","protein_coding"
"18977","ENSMUSG00000056492","protein_coding"
"18978","ENSMUSG00000023914","protein_coding"
"18979","ENSMUSG00000096140","protein_coding"
"18980","ENSMUSG00000023913","protein_coding"
"18981","ENSMUSG00000040140","protein_coding"
"18982","ENSMUSG00000023912","protein_coding"
"18983","ENSMUSG00000023963","protein_coding"
"18984","ENSMUSG00000039601","protein_coding"
"18985","ENSMUSG00000023960","protein_coding"
"18986","ENSMUSG00000023961","protein_coding"
"18987","ENSMUSG00000023959","protein_coding"
"18988","ENSMUSG00000039153","protein_coding"
"18989","ENSMUSG00000038954","protein_coding"
"18990","ENSMUSG00000023932","protein_coding"
"18991","ENSMUSG00000023935","protein_coding"
"18992","ENSMUSG00000023938","protein_coding"
"18993","ENSMUSG00000023949","protein_coding"
"18994","ENSMUSG00000096847","protein_coding"
"18995","ENSMUSG00000023947","protein_coding"
"18996","ENSMUSG00000037089","protein_coding"
"18997","ENSMUSG00000023944","protein_coding"
"18998","ENSMUSG00000023942","protein_coding"
"18999","ENSMUSG00000079471","protein_coding"
"19000","ENSMUSG00000058626","protein_coding"
"19001","ENSMUSG00000036026","protein_coding"
"19002","ENSMUSG00000023939","protein_coding"
"19003","ENSMUSG00000094690","protein_coding"
"19004","ENSMUSG00000023951","protein_coding"
"19005","ENSMUSG00000023967","protein_coding"
"19006","ENSMUSG00000023966","protein_coding"
"19007","ENSMUSG00000034509","protein_coding"
"19008","ENSMUSG00000023952","protein_coding"
"19009","ENSMUSG00000023953","protein_coding"
"19010","ENSMUSG00000067150","protein_coding"
"19011","ENSMUSG00000067148","protein_coding"
"19012","ENSMUSG00000071074","protein_coding"
"19013","ENSMUSG00000071073","protein_coding"
"19014","ENSMUSG00000012296","protein_coding"
"19015","ENSMUSG00000047428","protein_coding"
"19016","ENSMUSG00000032842","protein_coding"
"19017","ENSMUSG00000015597","protein_coding"
"19018","ENSMUSG00000023968","protein_coding"
"19019","ENSMUSG00000067144","protein_coding"
"19020","ENSMUSG00000015599","protein_coding"
"19021","ENSMUSG00000040658","protein_coding"
"19022","ENSMUSG00000040327","protein_coding"
"19023","ENSMUSG00000015605","protein_coding"
"19024","ENSMUSG00000023972","protein_coding"
"19025","ENSMUSG00000003546","protein_coding"
"19026","ENSMUSG00000002767","protein_coding"
"19027","ENSMUSG00000038545","protein_coding"
"19028","ENSMUSG00000023971","protein_coding"
"19029","ENSMUSG00000063576","protein_coding"
"19030","ENSMUSG00000002768","protein_coding"
"19031","ENSMUSG00000059409","protein_coding"
"19032","ENSMUSG00000002763","protein_coding"
"19033","ENSMUSG00000002769","protein_coding"
"19034","ENSMUSG00000023973","protein_coding"
"19035","ENSMUSG00000036858","protein_coding"
"19036","ENSMUSG00000062619","protein_coding"
"19037","ENSMUSG00000063888","protein_coding"
"19038","ENSMUSG00000036568","protein_coding"
"19039","ENSMUSG00000036430","protein_coding"
"19040","ENSMUSG00000023978","protein_coding"
"19041","ENSMUSG00000023977","protein_coding"
"19042","ENSMUSG00000064043","protein_coding"
"19043","ENSMUSG00000034729","protein_coding"
"19044","ENSMUSG00000023979","protein_coding"
"19045","ENSMUSG00000023982","protein_coding"
"19046","ENSMUSG00000118471","protein_coding"
"19047","ENSMUSG00000047150","protein_coding"
"19048","ENSMUSG00000034382","protein_coding"
"19049","ENSMUSG00000023980","protein_coding"
"19050","ENSMUSG00000034165","protein_coding"
"19051","ENSMUSG00000023988","protein_coding"
"19052","ENSMUSG00000092558","protein_coding"
"19053","ENSMUSG00000023984","protein_coding"
"19054","ENSMUSG00000090115","protein_coding"
"19055","ENSMUSG00000033475","protein_coding"
"19056","ENSMUSG00000079444","protein_coding"
"19057","ENSMUSG00000096549","protein_coding"
"19058","ENSMUSG00000023266","protein_coding"
"19059","ENSMUSG00000023987","protein_coding"
"19060","ENSMUSG00000023990","protein_coding"
"19061","ENSMUSG00000032717","protein_coding"
"19062","ENSMUSG00000023991","protein_coding"
"19063","ENSMUSG00000094928","protein_coding"
"19064","ENSMUSG00000021545","protein_coding"
"19065","ENSMUSG00000073386","protein_coding"
"19066","ENSMUSG00000043939","protein_coding"
"19067","ENSMUSG00000042265","protein_coding"
"19068","ENSMUSG00000041754","protein_coding"
"19069","ENSMUSG00000051682","protein_coding"
"19070","ENSMUSG00000071068","protein_coding"
"19071","ENSMUSG00000043740","protein_coding"
"19072","ENSMUSG00000023992","protein_coding"
"19073","ENSMUSG00000023993","protein_coding"
"19074","ENSMUSG00000023994","protein_coding"
"19075","ENSMUSG00000040771","protein_coding"
"19076","ENSMUSG00000040694","protein_coding"
"19077","ENSMUSG00000023995","protein_coding"
"19078","ENSMUSG00000043592","protein_coding"
"19079","ENSMUSG00000040490","protein_coding"
"19080","ENSMUSG00000064120","protein_coding"
"19081","ENSMUSG00000040260","protein_coding"
"19082","ENSMUSG00000023999","protein_coding"
"19083","ENSMUSG00000039316","protein_coding"
"19084","ENSMUSG00000010592","protein_coding"
"19085","ENSMUSG00000038910","protein_coding"
"19086","ENSMUSG00000023923","protein_coding"
"19087","ENSMUSG00000023927","protein_coding"
"19088","ENSMUSG00000035580","protein_coding"
"19089","ENSMUSG00000023931","protein_coding"
"19090","ENSMUSG00000017831","protein_coding"
"19091","ENSMUSG00000044957","protein_coding"
"19092","ENSMUSG00000000708","protein_coding"
"19093","ENSMUSG00000023940","protein_coding"
"19094","ENSMUSG00000023122","protein_coding"
"19095","ENSMUSG00000023943","protein_coding"
"19096","ENSMUSG00000023945","protein_coding"
"19097","ENSMUSG00000024172","protein_coding"
"19098","ENSMUSG00000091504","protein_coding"
"19099","ENSMUSG00000024174","protein_coding"
"19100","ENSMUSG00000032915","protein_coding"
"19101","ENSMUSG00000057835","protein_coding"
"19102","ENSMUSG00000003198","protein_coding"
"19103","ENSMUSG00000062101","protein_coding"
"19104","ENSMUSG00000003206","protein_coding"
"19105","ENSMUSG00000003208","protein_coding"
"19106","ENSMUSG00000039154","protein_coding"
"19107","ENSMUSG00000011589","protein_coding"
"19108","ENSMUSG00000038781","protein_coding"
"19109","ENSMUSG00000003199","protein_coding"
"19110","ENSMUSG00000003200","protein_coding"
"19111","ENSMUSG00000002835","protein_coding"
"19112","ENSMUSG00000019578","protein_coding"
"19113","ENSMUSG00000002833","protein_coding"
"19114","ENSMUSG00000002831","protein_coding"
"19115","ENSMUSG00000011305","protein_coding"
"19116","ENSMUSG00000037095","protein_coding"
"19117","ENSMUSG00000001227","protein_coding"
"19118","ENSMUSG00000044469","protein_coding"
"19119","ENSMUSG00000019579","protein_coding"
"19120","ENSMUSG00000001229","protein_coding"
"19121","ENSMUSG00000043683","protein_coding"
"19122","ENSMUSG00000047123","protein_coding"
"19123","ENSMUSG00000024197","protein_coding"
"19124","ENSMUSG00000073380","protein_coding"
"19125","ENSMUSG00000001228","protein_coding"
"19126","ENSMUSG00000024201","protein_coding"
"19127","ENSMUSG00000013236","protein_coding"
"19128","ENSMUSG00000044526","protein_coding"
"19129","ENSMUSG00000110218","protein_coding"
"19130","ENSMUSG00000042625","protein_coding"
"19131","ENSMUSG00000071054","protein_coding"
"19132","ENSMUSG00000049760","protein_coding"
"19133","ENSMUSG00000057863","protein_coding"
"19134","ENSMUSG00000041168","protein_coding"
"19135","ENSMUSG00000040828","protein_coding"
"19136","ENSMUSG00000002372","protein_coding"
"19137","ENSMUSG00000054723","protein_coding"
"19138","ENSMUSG00000002379","protein_coding"
"19139","ENSMUSG00000039481","protein_coding"
"19140","ENSMUSG00000007603","protein_coding"
"19141","ENSMUSG00000090273","protein_coding"
"19142","ENSMUSG00000024206","protein_coding"
"19143","ENSMUSG00000024207","protein_coding"
"19144","ENSMUSG00000024209","protein_coding"
"19145","ENSMUSG00000024212","protein_coding"
"19146","ENSMUSG00000045019","protein_coding"
"19147","ENSMUSG00000002660","protein_coding"
"19148","ENSMUSG00000002661","protein_coding"
"19149","ENSMUSG00000002664","protein_coding"
"19150","ENSMUSG00000002658","protein_coding"
"19151","ENSMUSG00000109739","protein_coding"
"19152","ENSMUSG00000007670","protein_coding"
"19153","ENSMUSG00000011486","protein_coding"
"19154","ENSMUSG00000046329","protein_coding"
"19155","ENSMUSG00000044279","protein_coding"
"19156","ENSMUSG00000002668","protein_coding"
"19157","ENSMUSG00000062591","protein_coding"
"19158","ENSMUSG00000035678","protein_coding"
"19159","ENSMUSG00000019489","protein_coding"
"19160","ENSMUSG00000005824","protein_coding"
"19161","ENSMUSG00000024164","protein_coding"
"19162","ENSMUSG00000005823","protein_coding"
"19163","ENSMUSG00000019487","protein_coding"
"19164","ENSMUSG00000034116","protein_coding"
"19165","ENSMUSG00000004730","protein_coding"
"19166","ENSMUSG00000090655","protein_coding"
"19167","ENSMUSG00000038048","protein_coding"
"19168","ENSMUSG00000024227","protein_coding"
"19169","ENSMUSG00000024228","protein_coding"
"19170","ENSMUSG00000048915","protein_coding"
"19171","ENSMUSG00000023965","protein_coding"
"19172","ENSMUSG00000000127","protein_coding"
"19173","ENSMUSG00000024083","protein_coding"
"19174","ENSMUSG00000024085","protein_coding"
"19175","ENSMUSG00000024088","protein_coding"
"19176","ENSMUSG00000045036","protein_coding"
"19177","ENSMUSG00000024091","protein_coding"
"19178","ENSMUSG00000050612","protein_coding"
"19179","ENSMUSG00000056515","protein_coding"
"19180","ENSMUSG00000061950","protein_coding"
"19181","ENSMUSG00000024096","protein_coding"
"19182","ENSMUSG00000024098","protein_coding"
"19183","ENSMUSG00000034647","protein_coding"
"19184","ENSMUSG00000024099","protein_coding"
"19185","ENSMUSG00000024101","protein_coding"
"19186","ENSMUSG00000035842","protein_coding"
"19187","ENSMUSG00000052105","protein_coding"
"19188","ENSMUSG00000023460","protein_coding"
"19189","ENSMUSG00000024105","protein_coding"
"19190","ENSMUSG00000033278","protein_coding"
"19191","ENSMUSG00000073375","protein_coding"
"19192","ENSMUSG00000032796","protein_coding"
"19193","ENSMUSG00000024043","protein_coding"
"19194","ENSMUSG00000041565","protein_coding"
"19195","ENSMUSG00000095407","protein_coding"
"19196","ENSMUSG00000024044","protein_coding"
"19197","ENSMUSG00000049672","protein_coding"
"19198","ENSMUSG00000091636","protein_coding"
"19199","ENSMUSG00000003279","protein_coding"
"19200","ENSMUSG00000047407","protein_coding"
"19201","ENSMUSG00000034868","protein_coding"
"19202","ENSMUSG00000117098","protein_coding"
"19203","ENSMUSG00000024048","protein_coding"
"19204","ENSMUSG00000024049","protein_coding"
"19205","ENSMUSG00000024052","protein_coding"
"19206","ENSMUSG00000024053","protein_coding"
"19207","ENSMUSG00000024054","protein_coding"
"19208","ENSMUSG00000024056","protein_coding"
"19209","ENSMUSG00000052525","protein_coding"
"19210","ENSMUSG00000041057","protein_coding"
"19211","ENSMUSG00000045761","protein_coding"
"19212","ENSMUSG00000044375","protein_coding"
"19213","ENSMUSG00000024059","protein_coding"
"19214","ENSMUSG00000055471","protein_coding"
"19215","ENSMUSG00000039770","protein_coding"
"19216","ENSMUSG00000024063","protein_coding"
"19217","ENSMUSG00000054469","protein_coding"
"19218","ENSMUSG00000043705","protein_coding"
"19219","ENSMUSG00000024064","protein_coding"
"19220","ENSMUSG00000024065","protein_coding"
"19221","ENSMUSG00000024066","protein_coding"
"19222","ENSMUSG00000038541","protein_coding"
"19223","ENSMUSG00000058704","protein_coding"
"19224","ENSMUSG00000024067","protein_coding"
"19225","ENSMUSG00000024068","protein_coding"
"19226","ENSMUSG00000024069","protein_coding"
"19227","ENSMUSG00000039193","protein_coding"
"19228","ENSMUSG00000024072","protein_coding"
"19229","ENSMUSG00000024073","protein_coding"
"19230","ENSMUSG00000024078","protein_coding"
"19231","ENSMUSG00000001870","protein_coding"
"19232","ENSMUSG00000071042","protein_coding"
"19233","ENSMUSG00000002017","protein_coding"
"19234","ENSMUSG00000024074","protein_coding"
"19235","ENSMUSG00000056121","protein_coding"
"19236","ENSMUSG00000024076","protein_coding"
"19237","ENSMUSG00000024077","protein_coding"
"19238","ENSMUSG00000039414","protein_coding"
"19239","ENSMUSG00000050668","protein_coding"
"19240","ENSMUSG00000024079","protein_coding"
"19241","ENSMUSG00000038045","protein_coding"
"19242","ENSMUSG00000062691","protein_coding"
"19243","ENSMUSG00000024081","protein_coding"
"19244","ENSMUSG00000024082","protein_coding"
"19245","ENSMUSG00000024070","protein_coding"
"19246","ENSMUSG00000024084","protein_coding"
"19247","ENSMUSG00000036533","protein_coding"
"19248","ENSMUSG00000036368","protein_coding"
"19249","ENSMUSG00000024087","protein_coding"
"19250","ENSMUSG00000059811","protein_coding"
"19251","ENSMUSG00000024095","protein_coding"
"19252","ENSMUSG00000035473","protein_coding"
"19253","ENSMUSG00000024097","protein_coding"
"19254","ENSMUSG00000046196","protein_coding"
"19255","ENSMUSG00000055760","protein_coding"
"19256","ENSMUSG00000035051","protein_coding"
"19257","ENSMUSG00000045257","protein_coding"
"19258","ENSMUSG00000054901","protein_coding"
"19259","ENSMUSG00000024241","protein_coding"
"19260","ENSMUSG00000033966","protein_coding"
"19261","ENSMUSG00000024242","protein_coding"
"19262","ENSMUSG00000024245","protein_coding"
"19263","ENSMUSG00000024246","protein_coding"
"19264","ENSMUSG00000054640","protein_coding"
"19265","ENSMUSG00000024247","protein_coding"
"19266","ENSMUSG00000032624","protein_coding"
"19267","ENSMUSG00000024248","protein_coding"
"19268","ENSMUSG00000045053","protein_coding"
"19269","ENSMUSG00000055817","protein_coding"
"19270","ENSMUSG00000000673","protein_coding"
"19271","ENSMUSG00000045817","protein_coding"
"19272","ENSMUSG00000024251","protein_coding"
"19273","ENSMUSG00000040852","protein_coding"
"19274","ENSMUSG00000024253","protein_coding"
"19275","ENSMUSG00000040505","protein_coding"
"19276","ENSMUSG00000024254","protein_coding"
"19277","ENSMUSG00000024120","protein_coding"
"19278","ENSMUSG00000061130","protein_coding"
"19279","ENSMUSG00000024131","protein_coding"
"19280","ENSMUSG00000024127","protein_coding"
"19281","ENSMUSG00000071037","protein_coding"
"19282","ENSMUSG00000038805","protein_coding"
"19283","ENSMUSG00000024134","protein_coding"
"19284","ENSMUSG00000024135","protein_coding"
"19285","ENSMUSG00000045038","protein_coding"
"19286","ENSMUSG00000024140","protein_coding"
"19287","ENSMUSG00000037689","protein_coding"
"19288","ENSMUSG00000053375","protein_coding"
"19289","ENSMUSG00000024143","protein_coding"
"19290","ENSMUSG00000024145","protein_coding"
"19291","ENSMUSG00000024146","protein_coding"
"19292","ENSMUSG00000037104","protein_coding"
"19293","ENSMUSG00000024150","protein_coding"
"19294","ENSMUSG00000036918","protein_coding"
"19295","ENSMUSG00000036557","protein_coding"
"19296","ENSMUSG00000036438","protein_coding"
"19297","ENSMUSG00000045394","protein_coding"
"19298","ENSMUSG00000024151","protein_coding"
"19299","ENSMUSG00000050138","protein_coding"
"19300","ENSMUSG00000005370","protein_coding"
"19301","ENSMUSG00000005371","protein_coding"
"19302","ENSMUSG00000034998","protein_coding"
"19303","ENSMUSG00000034709","protein_coding"
"19304","ENSMUSG00000033855","protein_coding"
"19305","ENSMUSG00000024154","protein_coding"
"19306","ENSMUSG00000024107","protein_coding"
"19307","ENSMUSG00000032937","protein_coding"
"19308","ENSMUSG00000066878","protein_coding"
"19309","ENSMUSG00000024109","protein_coding"
"19310","ENSMUSG00000024256","protein_coding"
"19311","ENSMUSG00000055660","protein_coding"
"19312","ENSMUSG00000091539","protein_coding"
"19313","ENSMUSG00000063889","protein_coding"
"19314","ENSMUSG00000024231","protein_coding"
"19315","ENSMUSG00000024232","protein_coding"
"19316","ENSMUSG00000024233","protein_coding"
"19317","ENSMUSG00000024235","protein_coding"
"19318","ENSMUSG00000024234","protein_coding"
"19319","ENSMUSG00000033960","protein_coding"
"19320","ENSMUSG00000024236","protein_coding"
"19321","ENSMUSG00000050945","protein_coding"
"19322","ENSMUSG00000024238","protein_coding"
"19323","ENSMUSG00000041225","protein_coding"
"19324","ENSMUSG00000006740","protein_coding"
"19325","ENSMUSG00000024240","protein_coding"
"19326","ENSMUSG00000039540","protein_coding"
"19327","ENSMUSG00000073639","protein_coding"
"19328","ENSMUSG00000061013","protein_coding"
"19329","ENSMUSG00000061802","protein_coding"
"19330","ENSMUSG00000057440","protein_coding"
"19331","ENSMUSG00000024283","protein_coding"
"19332","ENSMUSG00000036904","protein_coding"
"19333","ENSMUSG00000036855","protein_coding"
"19334","ENSMUSG00000024286","protein_coding"
"19335","ENSMUSG00000050996","protein_coding"
"19336","ENSMUSG00000036103","protein_coding"
"19337","ENSMUSG00000024287","protein_coding"
"19338","ENSMUSG00000047879","protein_coding"
"19339","ENSMUSG00000024290","protein_coding"
"19340","ENSMUSG00000042942","protein_coding"
"19341","ENSMUSG00000024293","protein_coding"
"19342","ENSMUSG00000002477","protein_coding"
"19343","ENSMUSG00000002475","protein_coding"
"19344","ENSMUSG00000024294","protein_coding"
"19345","ENSMUSG00000005836","protein_coding"
"19346","ENSMUSG00000041238","protein_coding"
"19347","ENSMUSG00000040957","protein_coding"
"19348","ENSMUSG00000049411","protein_coding"
"19349","ENSMUSG00000024404","protein_coding"
"19350","ENSMUSG00000024410","protein_coding"
"19351","ENSMUSG00000024413","protein_coding"
"19352","ENSMUSG00000057766","protein_coding"
"19353","ENSMUSG00000024421","protein_coding"
"19354","ENSMUSG00000024424","protein_coding"
"19355","ENSMUSG00000024430","protein_coding"
"19356","ENSMUSG00000044252","protein_coding"
"19357","ENSMUSG00000024423","protein_coding"
"19358","ENSMUSG00000037346","protein_coding"
"19359","ENSMUSG00000024420","protein_coding"
"19360","ENSMUSG00000037013","protein_coding"
"19361","ENSMUSG00000036743","protein_coding"
"19362","ENSMUSG00000054321","protein_coding"
"19363","ENSMUSG00000036225","protein_coding"
"19364","ENSMUSG00000024411","protein_coding"
"19365","ENSMUSG00000047161","protein_coding"
"19366","ENSMUSG00000024304","protein_coding"
"19367","ENSMUSG00000059898","protein_coding"
"19368","ENSMUSG00000024331","protein_coding"
"19369","ENSMUSG00000044322","protein_coding"
"19370","ENSMUSG00000034774","protein_coding"
"19371","ENSMUSG00000069441","protein_coding"
"19372","ENSMUSG00000061928","protein_coding"
"19373","ENSMUSG00000001804","protein_coding"
"19374","ENSMUSG00000056632","protein_coding"
"19375","ENSMUSG00000044393","protein_coding"
"19376","ENSMUSG00000061808","protein_coding"
"19377","ENSMUSG00000056124","protein_coding"
"19378","ENSMUSG00000033382","protein_coding"
"19379","ENSMUSG00000033107","protein_coding"
"19380","ENSMUSG00000024317","protein_coding"
"19381","ENSMUSG00000024313","protein_coding"
"19382","ENSMUSG00000042680","protein_coding"
"19383","ENSMUSG00000042514","protein_coding"
"19384","ENSMUSG00000024306","protein_coding"
"19385","ENSMUSG00000045215","protein_coding"
"19386","ENSMUSG00000041923","protein_coding"
"19387","ENSMUSG00000024302","protein_coding"
"19388","ENSMUSG00000024277","protein_coding"
"19389","ENSMUSG00000024276","protein_coding"
"19390","ENSMUSG00000063281","protein_coding"
"19391","ENSMUSG00000051469","protein_coding"
"19392","ENSMUSG00000047989","protein_coding"
"19393","ENSMUSG00000000420","protein_coding"
"19394","ENSMUSG00000024273","protein_coding"
"19395","ENSMUSG00000040446","protein_coding"
"19396","ENSMUSG00000024270","protein_coding"
"19397","ENSMUSG00000024271","protein_coding"
"19398","ENSMUSG00000039616","protein_coding"
"19399","ENSMUSG00000034295","protein_coding"
"19400","ENSMUSG00000024269","protein_coding"
"19401","ENSMUSG00000033632","protein_coding"
"19402","ENSMUSG00000024268","protein_coding"
"19403","ENSMUSG00000033628","protein_coding"
"19404","ENSMUSG00000057455","protein_coding"
"19405","ENSMUSG00000024261","protein_coding"
"19406","ENSMUSG00000024259","protein_coding"
"19407","ENSMUSG00000024260","protein_coding"
"19408","ENSMUSG00000041915","protein_coding"
"19409","ENSMUSG00000024258","protein_coding"
"19410","ENSMUSG00000024400","protein_coding"
"19411","ENSMUSG00000044982","protein_coding"
"19412","ENSMUSG00000024395","protein_coding"
"19413","ENSMUSG00000052229","protein_coding"
"19414","ENSMUSG00000024388","protein_coding"
"19415","ENSMUSG00000024384","protein_coding"
"19416","ENSMUSG00000024386","protein_coding"
"19417","ENSMUSG00000024383","protein_coding"
"19418","ENSMUSG00000024382","protein_coding"
"19419","ENSMUSG00000024381","protein_coding"
"19420","ENSMUSG00000109238","protein_coding"
"19421","ENSMUSG00000090523","protein_coding"
"19422","ENSMUSG00000024379","protein_coding"
"19423","ENSMUSG00000038299","protein_coding"
"19424","ENSMUSG00000038128","protein_coding"
"19425","ENSMUSG00000024378","protein_coding"
"19426","ENSMUSG00000042834","protein_coding"
"19427","ENSMUSG00000024376","protein_coding"
"19428","ENSMUSG00000005871","protein_coding"
"19429","ENSMUSG00000014504","protein_coding"
"19430","ENSMUSG00000005873","protein_coding"
"19431","ENSMUSG00000014503","protein_coding"
"19432","ENSMUSG00000036501","protein_coding"
"19433","ENSMUSG00000012282","protein_coding"
"19434","ENSMUSG00000035984","protein_coding"
"19435","ENSMUSG00000049357","protein_coding"
"19436","ENSMUSG00000003778","protein_coding"
"19437","ENSMUSG00000003779","protein_coding"
"19438","ENSMUSG00000024370","protein_coding"
"19439","ENSMUSG00000024366","protein_coding"
"19440","ENSMUSG00000044201","protein_coding"
"19441","ENSMUSG00000078240","protein_coding"
"19442","ENSMUSG00000034300","protein_coding"
"19443","ENSMUSG00000038773","protein_coding"
"19444","ENSMUSG00000038555","protein_coding"
"19445","ENSMUSG00000038418","protein_coding"
"19446","ENSMUSG00000024360","protein_coding"
"19447","ENSMUSG00000024359","protein_coding"
"19448","ENSMUSG00000037815","protein_coding"
"19449","ENSMUSG00000071862","protein_coding"
"19450","ENSMUSG00000024357","protein_coding"
"19451","ENSMUSG00000117694","protein_coding"
"19452","ENSMUSG00000037236","protein_coding"
"19453","ENSMUSG00000037058","protein_coding"
"19454","ENSMUSG00000024354","protein_coding"
"19455","ENSMUSG00000024353","protein_coding"
"19456","ENSMUSG00000117874","protein_coding"
"19457","ENSMUSG00000073600","protein_coding"
"19458","ENSMUSG00000024352","protein_coding"
"19459","ENSMUSG00000024350","protein_coding"
"19460","ENSMUSG00000073598","protein_coding"
"19461","ENSMUSG00000073599","protein_coding"
"19462","ENSMUSG00000024349","protein_coding"
"19463","ENSMUSG00000091896","protein_coding"
"19464","ENSMUSG00000046668","protein_coding"
"19465","ENSMUSG00000024347","protein_coding"
"19466","ENSMUSG00000060275","protein_coding"
"19467","ENSMUSG00000043991","protein_coding"
"19468","ENSMUSG00000110185","protein_coding"
"19469","ENSMUSG00000046727","protein_coding"
"19470","ENSMUSG00000024346","protein_coding"
"19471","ENSMUSG00000024486","protein_coding"
"19472","ENSMUSG00000024485","protein_coding"
"19473","ENSMUSG00000024483","protein_coding"
"19474","ENSMUSG00000117942","protein_coding"
"19475","ENSMUSG00000090264","protein_coding"
"19476","ENSMUSG00000006050","protein_coding"
"19477","ENSMUSG00000117679","protein_coding"
"19478","ENSMUSG00000033272","protein_coding"
"19479","ENSMUSG00000044719","protein_coding"
"19480","ENSMUSG00000051439","protein_coding"
"19481","ENSMUSG00000006850","protein_coding"
"19482","ENSMUSG00000014294","protein_coding"
"19483","ENSMUSG00000024474","protein_coding"
"19484","ENSMUSG00000042660","protein_coding"
"19485","ENSMUSG00000044595","protein_coding"
"19486","ENSMUSG00000001380","protein_coding"
"19487","ENSMUSG00000019143","protein_coding"
"19488","ENSMUSG00000001383","protein_coding"
"19489","ENSMUSG00000103442","protein_coding"
"19490","ENSMUSG00000104148","protein_coding"
"19491","ENSMUSG00000102312","protein_coding"
"19492","ENSMUSG00000104252","protein_coding"
"19493","ENSMUSG00000103458","protein_coding"
"19494","ENSMUSG00000103092","protein_coding"
"19495","ENSMUSG00000103707","protein_coding"
"19496","ENSMUSG00000102836","protein_coding"
"19497","ENSMUSG00000104318","protein_coding"
"19498","ENSMUSG00000103125","protein_coding"
"19499","ENSMUSG00000103800","protein_coding"
"19500","ENSMUSG00000103770","protein_coding"
"19501","ENSMUSG00000007440","protein_coding"
"19502","ENSMUSG00000102206","protein_coding"
"19503","ENSMUSG00000103310","protein_coding"
"19504","ENSMUSG00000103255","protein_coding"
"19505","ENSMUSG00000102697","protein_coding"
"19506","ENSMUSG00000051663","protein_coding"
"19507","ENSMUSG00000051599","protein_coding"
"19508","ENSMUSG00000045498","protein_coding"
"19509","ENSMUSG00000045689","protein_coding"
"19510","ENSMUSG00000063687","protein_coding"
"19511","ENSMUSG00000051678","protein_coding"
"19512","ENSMUSG00000045062","protein_coding"
"19513","ENSMUSG00000045876","protein_coding"
"19514","ENSMUSG00000051242","protein_coding"
"19515","ENSMUSG00000045657","protein_coding"
"19516","ENSMUSG00000051486","protein_coding"
"19517","ENSMUSG00000043458","protein_coding"
"19518","ENSMUSG00000047307","protein_coding"
"19519","ENSMUSG00000044043","protein_coding"
"19520","ENSMUSG00000047033","protein_coding"
"19521","ENSMUSG00000047910","protein_coding"
"19522","ENSMUSG00000046387","protein_coding"
"19523","ENSMUSG00000048347","protein_coding"
"19524","ENSMUSG00000043313","protein_coding"
"19525","ENSMUSG00000046191","protein_coding"
"19526","ENSMUSG00000044022","protein_coding"
"19527","ENSMUSG00000073591","protein_coding"
"19528","ENSMUSG00000050304","protein_coding"
"19529","ENSMUSG00000051316","protein_coding"
"19530","ENSMUSG00000103144","protein_coding"
"19531","ENSMUSG00000103332","protein_coding"
"19532","ENSMUSG00000104346","protein_coding"
"19533","ENSMUSG00000103037","protein_coding"
"19534","ENSMUSG00000103677","protein_coding"
"19535","ENSMUSG00000102748","protein_coding"
"19536","ENSMUSG00000103567","protein_coding"
"19537","ENSMUSG00000103793","protein_coding"
"19538","ENSMUSG00000103472","protein_coding"
"19539","ENSMUSG00000103585","protein_coding"
"19540","ENSMUSG00000103897","protein_coding"
"19541","ENSMUSG00000103749","protein_coding"
"19542","ENSMUSG00000102440","protein_coding"
"19543","ENSMUSG00000103088","protein_coding"
"19544","ENSMUSG00000102222","protein_coding"
"19545","ENSMUSG00000104063","protein_coding"
"19546","ENSMUSG00000102742","protein_coding"
"19547","ENSMUSG00000103081","protein_coding"
"19548","ENSMUSG00000102428","protein_coding"
"19549","ENSMUSG00000102918","protein_coding"
"19550","ENSMUSG00000023036","protein_coding"
"19551","ENSMUSG00000102543","protein_coding"
"19552","ENSMUSG00000024456","protein_coding"
"19553","ENSMUSG00000024454","protein_coding"
"19554","ENSMUSG00000044024","protein_coding"
"19555","ENSMUSG00000038524","protein_coding"
"19556","ENSMUSG00000024451","protein_coding"
"19557","ENSMUSG00000051375","protein_coding"
"19558","ENSMUSG00000024442","protein_coding"
"19559","ENSMUSG00000024440","protein_coding"
"19560","ENSMUSG00000060450","protein_coding"
"19561","ENSMUSG00000052102","protein_coding"
"19562","ENSMUSG00000024425","protein_coding"
"19563","ENSMUSG00000024427","protein_coding"
"19564","ENSMUSG00000036585","protein_coding"
"19565","ENSMUSG00000036452","protein_coding"
"19566","ENSMUSG00000024431","protein_coding"
"19567","ENSMUSG00000051732","protein_coding"
"19568","ENSMUSG00000024487","protein_coding"
"19569","ENSMUSG00000051401","protein_coding"
"19570","ENSMUSG00000056671","protein_coding"
"19571","ENSMUSG00000073574","protein_coding"
"19572","ENSMUSG00000057719","protein_coding"
"19573","ENSMUSG00000059455","protein_coding"
"19574","ENSMUSG00000024493","protein_coding"
"19575","ENSMUSG00000024491","protein_coding"
"19576","ENSMUSG00000024497","protein_coding"
"19577","ENSMUSG00000024498","protein_coding"
"19578","ENSMUSG00000042816","protein_coding"
"19579","ENSMUSG00000024500","protein_coding"
"19580","ENSMUSG00000039954","protein_coding"
"19581","ENSMUSG00000024501","protein_coding"
"19582","ENSMUSG00000043424","protein_coding"
"19583","ENSMUSG00000024502","protein_coding"
"19584","ENSMUSG00000024503","protein_coding"
"19585","ENSMUSG00000038791","protein_coding"
"19586","ENSMUSG00000071858","protein_coding"
"19587","ENSMUSG00000055561","protein_coding"
"19588","ENSMUSG00000051050","protein_coding"
"19589","ENSMUSG00000055095","protein_coding"
"19590","ENSMUSG00000061144","protein_coding"
"19591","ENSMUSG00000110628","protein_coding"
"19592","ENSMUSG00000069385","protein_coding"
"19593","ENSMUSG00000053729","protein_coding"
"19594","ENSMUSG00000073573","protein_coding"
"19595","ENSMUSG00000038071","protein_coding"
"19596","ENSMUSG00000024471","protein_coding"
"19597","ENSMUSG00000024472","protein_coding"
"19598","ENSMUSG00000071856","protein_coding"
"19599","ENSMUSG00000034653","protein_coding"
"19600","ENSMUSG00000054477","protein_coding"
"19601","ENSMUSG00000033949","protein_coding"
"19602","ENSMUSG00000024477","protein_coding"
"19603","ENSMUSG00000071855","protein_coding"
"19604","ENSMUSG00000033319","protein_coding"
"19605","ENSMUSG00000056130","protein_coding"
"19606","ENSMUSG00000033184","protein_coding"
"19607","ENSMUSG00000057561","protein_coding"
"19608","ENSMUSG00000033022","protein_coding"
"19609","ENSMUSG00000032905","protein_coding"
"19610","ENSMUSG00000024480","protein_coding"
"19611","ENSMUSG00000024481","protein_coding"
"19612","ENSMUSG00000073568","protein_coding"
"19613","ENSMUSG00000042705","protein_coding"
"19614","ENSMUSG00000117621","protein_coding"
"19615","ENSMUSG00000019647","protein_coding"
"19616","ENSMUSG00000059040","protein_coding"
"19617","ENSMUSG00000024505","protein_coding"
"19618","ENSMUSG00000037416","protein_coding"
"19619","ENSMUSG00000062210","protein_coding"
"19620","ENSMUSG00000024507","protein_coding"
"19621","ENSMUSG00000035420","protein_coding"
"19622","ENSMUSG00000048875","protein_coding"
"19623","ENSMUSG00000073565","protein_coding"
"19624","ENSMUSG00000024510","protein_coding"
"19625","ENSMUSG00000024528","protein_coding"
"19626","ENSMUSG00000024529","protein_coding"
"19627","ENSMUSG00000046886","protein_coding"
"19628","ENSMUSG00000024532","protein_coding"
"19629","ENSMUSG00000053624","protein_coding"
"19630","ENSMUSG00000024534","protein_coding"
"19631","ENSMUSG00000118407","protein_coding"
"19632","ENSMUSG00000034484","protein_coding"
"19633","ENSMUSG00000024535","protein_coding"
"19634","ENSMUSG00000024538","protein_coding"
"19635","ENSMUSG00000069378","protein_coding"
"19636","ENSMUSG00000048799","protein_coding"
"19637","ENSMUSG00000073563","protein_coding"
"19638","ENSMUSG00000052713","protein_coding"
"19639","ENSMUSG00000001700","protein_coding"
"19640","ENSMUSG00000053644","protein_coding"
"19641","ENSMUSG00000008301","protein_coding"
"19642","ENSMUSG00000032900","protein_coding"
"19643","ENSMUSG00000024590","protein_coding"
"19644","ENSMUSG00000032656","protein_coding"
"19645","ENSMUSG00000024592","protein_coding"
"19646","ENSMUSG00000024593","protein_coding"
"19647","ENSMUSG00000024594","protein_coding"
"19648","ENSMUSG00000069372","protein_coding"
"19649","ENSMUSG00000058925","protein_coding"
"19650","ENSMUSG00000024597","protein_coding"
"19651","ENSMUSG00000024598","protein_coding"
"19652","ENSMUSG00000024600","protein_coding"
"19653","ENSMUSG00000024601","protein_coding"
"19654","ENSMUSG00000053441","protein_coding"
"19655","ENSMUSG00000050875","protein_coding"
"19656","ENSMUSG00000058152","protein_coding"
"19657","ENSMUSG00000073555","protein_coding"
"19658","ENSMUSG00000068606","protein_coding"
"19659","ENSMUSG00000090942","protein_coding"
"19660","ENSMUSG00000054072","protein_coding"
"19661","ENSMUSG00000038059","protein_coding"
"19662","ENSMUSG00000024603","protein_coding"
"19663","ENSMUSG00000024604","protein_coding"
"19664","ENSMUSG00000049173","protein_coding"
"19665","ENSMUSG00000043079","protein_coding"
"19666","ENSMUSG00000054008","protein_coding"
"19667","ENSMUSG00000024608","protein_coding"
"19668","ENSMUSG00000024610","protein_coding"
"19669","ENSMUSG00000024613","protein_coding"
"19670","ENSMUSG00000036412","protein_coding"
"19671","ENSMUSG00000024617","protein_coding"
"19672","ENSMUSG00000052026","protein_coding"
"19673","ENSMUSG00000024619","protein_coding"
"19674","ENSMUSG00000024620","protein_coding"
"19675","ENSMUSG00000024621","protein_coding"
"19676","ENSMUSG00000024622","protein_coding"
"19677","ENSMUSG00000034320","protein_coding"
"19678","ENSMUSG00000024575","protein_coding"
"19679","ENSMUSG00000033871","protein_coding"
"19680","ENSMUSG00000045094","protein_coding"
"19681","ENSMUSG00000024576","protein_coding"
"19682","ENSMUSG00000024578","protein_coding"
"19683","ENSMUSG00000024579","protein_coding"
"19684","ENSMUSG00000024580","protein_coding"
"19685","ENSMUSG00000033032","protein_coding"
"19686","ENSMUSG00000032735","protein_coding"
"19687","ENSMUSG00000045629","protein_coding"
"19688","ENSMUSG00000045730","protein_coding"
"19689","ENSMUSG00000026322","protein_coding"
"19690","ENSMUSG00000042211","protein_coding"
"19691","ENSMUSG00000044176","protein_coding"
"19692","ENSMUSG00000110576","protein_coding"
"19693","ENSMUSG00000060201","protein_coding"
"19694","ENSMUSG00000073551","protein_coding"
"19695","ENSMUSG00000071847","protein_coding"
"19696","ENSMUSG00000024581","protein_coding"
"19697","ENSMUSG00000041482","protein_coding"
"19698","ENSMUSG00000024583","protein_coding"
"19699","ENSMUSG00000040560","protein_coding"
"19700","ENSMUSG00000056812","protein_coding"
"19701","ENSMUSG00000045991","protein_coding"
"19702","ENSMUSG00000024588","protein_coding"
"19703","ENSMUSG00000024587","protein_coding"
"19704","ENSMUSG00000039529","protein_coding"
"19705","ENSMUSG00000024589","protein_coding"
"19706","ENSMUSG00000032845","protein_coding"
"19707","ENSMUSG00000032688","protein_coding"
"19708","ENSMUSG00000042439","protein_coding"
"19709","ENSMUSG00000046610","protein_coding"
"19710","ENSMUSG00000024516","protein_coding"
"19711","ENSMUSG00000024517","protein_coding"
"19712","ENSMUSG00000024518","protein_coding"
"19713","ENSMUSG00000024519","protein_coding"
"19714","ENSMUSG00000041891","protein_coding"
"19715","ENSMUSG00000046318","protein_coding"
"19716","ENSMUSG00000024521","protein_coding"
"19717","ENSMUSG00000047259","protein_coding"
"19718","ENSMUSG00000024524","protein_coding"
"19719","ENSMUSG00000109901","protein_coding"
"19720","ENSMUSG00000062526","protein_coding"
"19721","ENSMUSG00000024525","protein_coding"
"19722","ENSMUSG00000024526","protein_coding"
"19723","ENSMUSG00000001473","protein_coding"
"19724","ENSMUSG00000024527","protein_coding"
"19725","ENSMUSG00000024530","protein_coding"
"19726","ENSMUSG00000024533","protein_coding"
"19727","ENSMUSG00000073542","protein_coding"
"19728","ENSMUSG00000024537","protein_coding"
"19729","ENSMUSG00000024539","protein_coding"
"19730","ENSMUSG00000079614","protein_coding"
"19731","ENSMUSG00000024542","protein_coding"
"19732","ENSMUSG00000024544","protein_coding"
"19733","ENSMUSG00000038121","protein_coding"
"19734","ENSMUSG00000009535","protein_coding"
"19735","ENSMUSG00000007480","protein_coding"
"19736","ENSMUSG00000045569","protein_coding"
"19737","ENSMUSG00000053477","protein_coding"
"19738","ENSMUSG00000038903","protein_coding"
"19739","ENSMUSG00000024511","protein_coding"
"19740","ENSMUSG00000024512","protein_coding"
"19741","ENSMUSG00000044906","protein_coding"
"19742","ENSMUSG00000079608","protein_coding"
"19743","ENSMUSG00000038425","protein_coding"
"19744","ENSMUSG00000024513","protein_coding"
"19745","ENSMUSG00000060534","protein_coding"
"19746","ENSMUSG00000037253","protein_coding"
"19747","ENSMUSG00000024515","protein_coding"
"19748","ENSMUSG00000036941","protein_coding"
"19749","ENSMUSG00000024556","protein_coding"
"19750","ENSMUSG00000064036","protein_coding"
"19751","ENSMUSG00000024558","protein_coding"
"19752","ENSMUSG00000036223","protein_coding"
"19753","ENSMUSG00000024560","protein_coding"
"19754","ENSMUSG00000024561","protein_coding"
"19755","ENSMUSG00000035394","protein_coding"
"19756","ENSMUSG00000025885","protein_coding"
"19757","ENSMUSG00000036880","protein_coding"
"19758","ENSMUSG00000053846","protein_coding"
"19759","ENSMUSG00000062328","protein_coding"
"19760","ENSMUSG00000036299","protein_coding"
"19761","ENSMUSG00000035765","protein_coding"
"19762","ENSMUSG00000025880","protein_coding"
"19763","ENSMUSG00000052928","protein_coding"
"19764","ENSMUSG00000044646","protein_coding"
"19765","ENSMUSG00000024563","protein_coding"
"19766","ENSMUSG00000091519","protein_coding"
"19767","ENSMUSG00000090000","protein_coding"
"19768","ENSMUSG00000025421","protein_coding"
"19769","ENSMUSG00000025420","protein_coding"
"19770","ENSMUSG00000025423","protein_coding"
"19771","ENSMUSG00000025425","protein_coding"
"19772","ENSMUSG00000032818","protein_coding"
"19773","ENSMUSG00000025427","protein_coding"
"19774","ENSMUSG00000047466","protein_coding"
"19775","ENSMUSG00000041840","protein_coding"
"19776","ENSMUSG00000025428","protein_coding"
"19777","ENSMUSG00000025429","protein_coding"
"19778","ENSMUSG00000039840","protein_coding"
"19779","ENSMUSG00000091055","protein_coding"
"19780","ENSMUSG00000059336","protein_coding"
"19781","ENSMUSG00000024552","protein_coding"
"19782","ENSMUSG00000090451","protein_coding"
"19783","ENSMUSG00000024548","protein_coding"
"19784","ENSMUSG00000056214","protein_coding"
"19785","ENSMUSG00000053950","protein_coding"
"19786","ENSMUSG00000024570","protein_coding"
"19787","ENSMUSG00000024571","protein_coding"
"19788","ENSMUSG00000057130","protein_coding"
"19789","ENSMUSG00000078963","protein_coding"
"19790","ENSMUSG00000034006","protein_coding"
"19791","ENSMUSG00000059852","protein_coding"
"19792","ENSMUSG00000033323","protein_coding"
"19793","ENSMUSG00000033016","protein_coding"
"19794","ENSMUSG00000024566","protein_coding"
"19795","ENSMUSG00000024565","protein_coding"
"19796","ENSMUSG00000024553","protein_coding"
"19797","ENSMUSG00000041607","protein_coding"
"19798","ENSMUSG00000041258","protein_coding"
"19799","ENSMUSG00000058881","protein_coding"
"19800","ENSMUSG00000046982","protein_coding"
"19801","ENSMUSG00000049090","protein_coding"
"19802","ENSMUSG00000048410","protein_coding"
"19803","ENSMUSG00000056162","protein_coding"
"19804","ENSMUSG00000024644","protein_coding"
"19805","ENSMUSG00000047992","protein_coding"
"19806","ENSMUSG00000117781","protein_coding"
"19807","ENSMUSG00000024646","protein_coding"
"19808","ENSMUSG00000034391","protein_coding"
"19809","ENSMUSG00000024645","protein_coding"
"19810","ENSMUSG00000050321","protein_coding"
"19811","ENSMUSG00000024647","protein_coding"
"19812","ENSMUSG00000069324","protein_coding"
"19813","ENSMUSG00000056153","protein_coding"
"19814","ENSMUSG00000023066","protein_coding"
"19815","ENSMUSG00000034028","protein_coding"
"19816","ENSMUSG00000073514","protein_coding"
"19817","ENSMUSG00000024614","protein_coding"
"19818","ENSMUSG00000110277","protein_coding"
"19819","ENSMUSG00000024831","protein_coding"
"19820","ENSMUSG00000024829","protein_coding"
"19821","ENSMUSG00000024900","protein_coding"
"19822","ENSMUSG00000024905","protein_coding"
"19823","ENSMUSG00000024907","protein_coding"
"19824","ENSMUSG00000024908","protein_coding"
"19825","ENSMUSG00000024913","protein_coding"
"19826","ENSMUSG00000035372","protein_coding"
"19827","ENSMUSG00000045098","protein_coding"
"19828","ENSMUSG00000024843","protein_coding"
"19829","ENSMUSG00000001750","protein_coding"
"19830","ENSMUSG00000059734","protein_coding"
"19831","ENSMUSG00000024885","protein_coding"
"19832","ENSMUSG00000036908","protein_coding"
"19833","ENSMUSG00000037263","protein_coding"
"19834","ENSMUSG00000075296","protein_coding"
"19835","ENSMUSG00000024866","protein_coding"
"19836","ENSMUSG00000037477","protein_coding"
"19837","ENSMUSG00000110949","protein_coding"
"19838","ENSMUSG00000024869","protein_coding"
"19839","ENSMUSG00000024871","protein_coding"
"19840","ENSMUSG00000037916","protein_coding"
"19841","ENSMUSG00000060803","protein_coding"
"19842","ENSMUSG00000038155","protein_coding"
"19843","ENSMUSG00000058216","protein_coding"
"19844","ENSMUSG00000024857","protein_coding"
"19845","ENSMUSG00000024856","protein_coding"
"19846","ENSMUSG00000024851","protein_coding"
"19847","ENSMUSG00000024847","protein_coding"
"19848","ENSMUSG00000024845","protein_coding"
"19849","ENSMUSG00000024842","protein_coding"
"19850","ENSMUSG00000044724","protein_coding"
"19851","ENSMUSG00000024835","protein_coding"
"19852","ENSMUSG00000045826","protein_coding"
"19853","ENSMUSG00000024830","protein_coding"
"19854","ENSMUSG00000075289","protein_coding"
"19855","ENSMUSG00000040247","protein_coding"
"19856","ENSMUSG00000040385","protein_coding"
"19857","ENSMUSG00000024824","protein_coding"
"19858","ENSMUSG00000040663","protein_coding"
"19859","ENSMUSG00000117873","protein_coding"
"19860","ENSMUSG00000024854","protein_coding"
"19861","ENSMUSG00000034616","protein_coding"
"19862","ENSMUSG00000005986","protein_coding"
"19863","ENSMUSG00000024858","protein_coding"
"19864","ENSMUSG00000054611","protein_coding"
"19865","ENSMUSG00000041845","protein_coding"
"19866","ENSMUSG00000049303","protein_coding"
"19867","ENSMUSG00000042041","protein_coding"
"19868","ENSMUSG00000024892","protein_coding"
"19869","ENSMUSG00000045045","protein_coding"
"19870","ENSMUSG00000024889","protein_coding"
"19871","ENSMUSG00000071691","protein_coding"
"19872","ENSMUSG00000067889","protein_coding"
"19873","ENSMUSG00000096370","protein_coding"
"19874","ENSMUSG00000033760","protein_coding"
"19875","ENSMUSG00000094936","protein_coding"
"19876","ENSMUSG00000006456","protein_coding"
"19877","ENSMUSG00000034108","protein_coding"
"19878","ENSMUSG00000067872","protein_coding"
"19879","ENSMUSG00000083282","protein_coding"
"19880","ENSMUSG00000006457","protein_coding"
"19881","ENSMUSG00000006463","protein_coding"
"19882","ENSMUSG00000006464","protein_coding"
"19883","ENSMUSG00000063904","protein_coding"
"19884","ENSMUSG00000024901","protein_coding"
"19885","ENSMUSG00000024902","protein_coding"
"19886","ENSMUSG00000045903","protein_coding"
"19887","ENSMUSG00000024891","protein_coding"
"19888","ENSMUSG00000047379","protein_coding"
"19889","ENSMUSG00000117789","protein_coding"
"19890","ENSMUSG00000080268","protein_coding"
"19891","ENSMUSG00000024883","protein_coding"
"19892","ENSMUSG00000056481","protein_coding"
"19893","ENSMUSG00000061451","protein_coding"
"19894","ENSMUSG00000024875","protein_coding"
"19895","ENSMUSG00000024873","protein_coding"
"19896","ENSMUSG00000024870","protein_coding"
"19897","ENSMUSG00000024862","protein_coding"
"19898","ENSMUSG00000024855","protein_coding"
"19899","ENSMUSG00000024853","protein_coding"
"19900","ENSMUSG00000047658","protein_coding"
"19901","ENSMUSG00000038498","protein_coding"
"19902","ENSMUSG00000024846","protein_coding"
"19903","ENSMUSG00000024844","protein_coding"
"19904","ENSMUSG00000024841","protein_coding"
"19905","ENSMUSG00000039148","protein_coding"
"19906","ENSMUSG00000039330","protein_coding"
"19907","ENSMUSG00000024914","protein_coding"
"19908","ENSMUSG00000047423","protein_coding"
"19909","ENSMUSG00000024912","protein_coding"
"19910","ENSMUSG00000095098","protein_coding"
"19911","ENSMUSG00000024911","protein_coding"
"19912","ENSMUSG00000024910","protein_coding"
"19913","ENSMUSG00000024909","protein_coding"
"19914","ENSMUSG00000024906","protein_coding"
"19915","ENSMUSG00000056201","protein_coding"
"19916","ENSMUSG00000056185","protein_coding"
"19917","ENSMUSG00000100937","protein_coding"
"19918","ENSMUSG00000024922","protein_coding"
"19919","ENSMUSG00000049562","protein_coding"
"19920","ENSMUSG00000024925","protein_coding"
"19921","ENSMUSG00000024926","protein_coding"
"19922","ENSMUSG00000024927","protein_coding"
"19923","ENSMUSG00000056917","protein_coding"
"19924","ENSMUSG00000054874","protein_coding"
"19925","ENSMUSG00000004054","protein_coding"
"19926","ENSMUSG00000024936","protein_coding"
"19927","ENSMUSG00000024937","protein_coding"
"19928","ENSMUSG00000024939","protein_coding"
"19929","ENSMUSG00000118125","protein_coding"
"19930","ENSMUSG00000079478","protein_coding"
"19931","ENSMUSG00000024940","protein_coding"
"19932","ENSMUSG00000024941","protein_coding"
"19933","ENSMUSG00000024816","protein_coding"
"19934","ENSMUSG00000024818","protein_coding"
"19935","ENSMUSG00000044390","protein_coding"
"19936","ENSMUSG00000024826","protein_coding"
"19937","ENSMUSG00000045664","protein_coding"
"19938","ENSMUSG00000024833","protein_coding"
"19939","ENSMUSG00000037451","protein_coding"
"19940","ENSMUSG00000024942","protein_coding"
"19941","ENSMUSG00000024807","protein_coding"
"19942","ENSMUSG00000007338","protein_coding"
"19943","ENSMUSG00000038274","protein_coding"
"19944","ENSMUSG00000075227","protein_coding"
"19945","ENSMUSG00000024799","protein_coding"
"19946","ENSMUSG00000024797","protein_coding"
"19947","ENSMUSG00000100621","protein_coding"
"19948","ENSMUSG00000047733","protein_coding"
"19949","ENSMUSG00000024792","protein_coding"
"19950","ENSMUSG00000024791","protein_coding"
"19951","ENSMUSG00000117666","protein_coding"
"19952","ENSMUSG00000054999","protein_coding"
"19953","ENSMUSG00000024790","protein_coding"
"19954","ENSMUSG00000024787","protein_coding"
"19955","ENSMUSG00000024944","protein_coding"
"19956","ENSMUSG00000039699","protein_coding"
"19957","ENSMUSG00000024786","protein_coding"
"19958","ENSMUSG00000024784","protein_coding"
"19959","ENSMUSG00000024777","protein_coding"
"19960","ENSMUSG00000024773","protein_coding"
"19961","ENSMUSG00000024772","protein_coding"
"19962","ENSMUSG00000024769","protein_coding"
"19963","ENSMUSG00000024947","protein_coding"
"19964","ENSMUSG00000024948","protein_coding"
"19965","ENSMUSG00000024949","protein_coding"
"19966","ENSMUSG00000032648","protein_coding"
"19967","ENSMUSG00000032946","protein_coding"
"19968","ENSMUSG00000033768","protein_coding"
"19969","ENSMUSG00000061742","protein_coding"
"19970","ENSMUSG00000118668","protein_coding"
"19971","ENSMUSG00000047810","protein_coding"
"19972","ENSMUSG00000024953","protein_coding"
"19973","ENSMUSG00000038812","protein_coding"
"19974","ENSMUSG00000024955","protein_coding"
"19975","ENSMUSG00000050623","protein_coding"
"19976","ENSMUSG00000024957","protein_coding"
"19977","ENSMUSG00000024958","protein_coding"
"19978","ENSMUSG00000024959","protein_coding"
"19979","ENSMUSG00000024960","protein_coding"
"19980","ENSMUSG00000056612","protein_coding"
"19981","ENSMUSG00000056629","protein_coding"
"19982","ENSMUSG00000024962","protein_coding"
"19983","ENSMUSG00000024963","protein_coding"
"19984","ENSMUSG00000037349","protein_coding"
"19985","ENSMUSG00000047656","protein_coding"
"19986","ENSMUSG00000024965","protein_coding"
"19987","ENSMUSG00000024966","protein_coding"
"19988","ENSMUSG00000036278","protein_coding"
"19989","ENSMUSG00000047787","protein_coding"
"19990","ENSMUSG00000024767","protein_coding"
"19991","ENSMUSG00000035885","protein_coding"
"19992","ENSMUSG00000024764","protein_coding"
"19993","ENSMUSG00000024968","protein_coding"
"19994","ENSMUSG00000024969","protein_coding"
"19995","ENSMUSG00000024970","protein_coding"
"19996","ENSMUSG00000053080","protein_coding"
"19997","ENSMUSG00000024758","protein_coding"
"19998","ENSMUSG00000024759","protein_coding"
"19999","ENSMUSG00000060675","protein_coding"
"20000","ENSMUSG00000024972","protein_coding"
"20001","ENSMUSG00000024973","protein_coding"
"20002","ENSMUSG00000024757","protein_coding"
"20003","ENSMUSG00000053303","protein_coding"
"20004","ENSMUSG00000067656","protein_coding"
"20005","ENSMUSG00000063590","protein_coding"
"20006","ENSMUSG00000075044","protein_coding"
"20007","ENSMUSG00000052562","protein_coding"
"20008","ENSMUSG00000063796","protein_coding"
"20009","ENSMUSG00000024650","protein_coding"
"20010","ENSMUSG00000032773","protein_coding"
"20011","ENSMUSG00000010095","protein_coding"
"20012","ENSMUSG00000042729","protein_coding"
"20013","ENSMUSG00000090840","protein_coding"
"20014","ENSMUSG00000010110","protein_coding"
"20015","ENSMUSG00000010097","protein_coding"
"20016","ENSMUSG00000117924","protein_coding"
"20017","ENSMUSG00000118346","protein_coding"
"20018","ENSMUSG00000003680","protein_coding"
"20019","ENSMUSG00000071662","protein_coding"
"20020","ENSMUSG00000071661","protein_coding"
"20021","ENSMUSG00000071660","protein_coding"
"20022","ENSMUSG00000071659","protein_coding"
"20023","ENSMUSG00000118124","protein_coding"
"20024","ENSMUSG00000071658","protein_coding"
"20025","ENSMUSG00000071657","protein_coding"
"20026","ENSMUSG00000071656","protein_coding"
"20027","ENSMUSG00000071655","protein_coding"
"20028","ENSMUSG00000071654","protein_coding"
"20029","ENSMUSG00000096740","protein_coding"
"20030","ENSMUSG00000071653","protein_coding"
"20031","ENSMUSG00000116347","protein_coding"
"20032","ENSMUSG00000071652","protein_coding"
"20033","ENSMUSG00000071650","protein_coding"
"20034","ENSMUSG00000071649","protein_coding"
"20035","ENSMUSG00000071648","protein_coding"
"20036","ENSMUSG00000071647","protein_coding"
"20037","ENSMUSG00000071646","protein_coding"
"20038","ENSMUSG00000071645","protein_coding"
"20039","ENSMUSG00000071644","protein_coding"
"20040","ENSMUSG00000069833","protein_coding"
"20041","ENSMUSG00000024653","protein_coding"
"20042","ENSMUSG00000024654","protein_coding"
"20043","ENSMUSG00000096872","protein_coding"
"20044","ENSMUSG00000024660","protein_coding"
"20045","ENSMUSG00000024661","protein_coding"
"20046","ENSMUSG00000037418","protein_coding"
"20047","ENSMUSG00000024663","protein_coding"
"20048","ENSMUSG00000024664","protein_coding"
"20049","ENSMUSG00000024665","protein_coding"
"20050","ENSMUSG00000010663","protein_coding"
"20051","ENSMUSG00000024742","protein_coding"
"20052","ENSMUSG00000036372","protein_coding"
"20053","ENSMUSG00000036098","protein_coding"
"20054","ENSMUSG00000035735","protein_coding"
"20055","ENSMUSG00000024743","protein_coding"
"20056","ENSMUSG00000090291","protein_coding"
"20057","ENSMUSG00000035179","protein_coding"
"20058","ENSMUSG00000024668","protein_coding"
"20059","ENSMUSG00000034820","protein_coding"
"20060","ENSMUSG00000024667","protein_coding"
"20061","ENSMUSG00000024666","protein_coding"
"20062","ENSMUSG00000034445","protein_coding"
"20063","ENSMUSG00000034371","protein_coding"
"20064","ENSMUSG00000024740","protein_coding"
"20065","ENSMUSG00000043789","protein_coding"
"20066","ENSMUSG00000024738","protein_coding"
"20067","ENSMUSG00000048832","protein_coding"
"20068","ENSMUSG00000024669","protein_coding"
"20069","ENSMUSG00000024670","protein_coding"
"20070","ENSMUSG00000024737","protein_coding"
"20071","ENSMUSG00000024736","protein_coding"
"20072","ENSMUSG00000034659","protein_coding"
"20073","ENSMUSG00000024735","protein_coding"
"20074","ENSMUSG00000024734","protein_coding"
"20075","ENSMUSG00000034117","protein_coding"
"20076","ENSMUSG00000024732","protein_coding"
"20077","ENSMUSG00000024731","protein_coding"
"20078","ENSMUSG00000067571","protein_coding"
"20079","ENSMUSG00000094584","protein_coding"
"20080","ENSMUSG00000024730","protein_coding"
"20081","ENSMUSG00000024729","protein_coding"
"20082","ENSMUSG00000024728","protein_coding"
"20083","ENSMUSG00000057240","protein_coding"
"20084","ENSMUSG00000101031","protein_coding"
"20085","ENSMUSG00000024673","protein_coding"
"20086","ENSMUSG00000054523","protein_coding"
"20087","ENSMUSG00000099398","protein_coding"
"20088","ENSMUSG00000024672","protein_coding"
"20089","ENSMUSG00000101389","protein_coding"
"20090","ENSMUSG00000024675","protein_coding"
"20091","ENSMUSG00000056290","protein_coding"
"20092","ENSMUSG00000079419","protein_coding"
"20093","ENSMUSG00000058470","protein_coding"
"20094","ENSMUSG00000024677","protein_coding"
"20095","ENSMUSG00000024678","protein_coding"
"20096","ENSMUSG00000024679","protein_coding"
"20097","ENSMUSG00000024680","protein_coding"
"20098","ENSMUSG00000024681","protein_coding"
"20099","ENSMUSG00000055895","protein_coding"
"20100","ENSMUSG00000041857","protein_coding"
"20101","ENSMUSG00000055933","protein_coding"
"20102","ENSMUSG00000024682","protein_coding"
"20103","ENSMUSG00000024683","protein_coding"
"20104","ENSMUSG00000041488","protein_coding"
"20105","ENSMUSG00000048292","protein_coding"
"20106","ENSMUSG00000060556","protein_coding"
"20107","ENSMUSG00000067545","protein_coding"
"20108","ENSMUSG00000060878","protein_coding"
"20109","ENSMUSG00000046139","protein_coding"
"20110","ENSMUSG00000024687","protein_coding"
"20111","ENSMUSG00000067529","protein_coding"
"20112","ENSMUSG00000067528","protein_coding"
"20113","ENSMUSG00000067526","protein_coding"
"20114","ENSMUSG00000044994","protein_coding"
"20115","ENSMUSG00000067525","protein_coding"
"20116","ENSMUSG00000067524","protein_coding"
"20117","ENSMUSG00000067522","protein_coding"
"20118","ENSMUSG00000108889","protein_coding"
"20119","ENSMUSG00000094133","protein_coding"
"20120","ENSMUSG00000109022","protein_coding"
"20121","ENSMUSG00000067519","protein_coding"
"20122","ENSMUSG00000060049","protein_coding"
"20123","ENSMUSG00000095640","protein_coding"
"20124","ENSMUSG00000067513","protein_coding"
"20125","ENSMUSG00000096436","protein_coding"
"20126","ENSMUSG00000109328","protein_coding"
"20127","ENSMUSG00000046650","protein_coding"
"20128","ENSMUSG00000050815","protein_coding"
"20129","ENSMUSG00000040065","protein_coding"
"20130","ENSMUSG00000046805","protein_coding"
"20131","ENSMUSG00000039982","protein_coding"
"20132","ENSMUSG00000024691","protein_coding"
"20133","ENSMUSG00000071633","protein_coding"
"20134","ENSMUSG00000063683","protein_coding"
"20135","ENSMUSG00000044441","protein_coding"
"20136","ENSMUSG00000045030","protein_coding"
"20137","ENSMUSG00000024694","protein_coding"
"20138","ENSMUSG00000079415","protein_coding"
"20139","ENSMUSG00000118491","protein_coding"
"20140","ENSMUSG00000024695","protein_coding"
"20141","ENSMUSG00000024696","protein_coding"
"20142","ENSMUSG00000091014","protein_coding"
"20143","ENSMUSG00000046272","protein_coding"
"20144","ENSMUSG00000045126","protein_coding"
"20145","ENSMUSG00000057817","protein_coding"
"20146","ENSMUSG00000060303","protein_coding"
"20147","ENSMUSG00000048456","protein_coding"
"20148","ENSMUSG00000049498","protein_coding"
"20149","ENSMUSG00000062892","protein_coding"
"20150","ENSMUSG00000046913","protein_coding"
"20151","ENSMUSG00000109148","protein_coding"
"20152","ENSMUSG00000094755","protein_coding"
"20153","ENSMUSG00000094986","protein_coding"
"20154","ENSMUSG00000061637","protein_coding"
"20155","ENSMUSG00000062844","protein_coding"
"20156","ENSMUSG00000057503","protein_coding"
"20157","ENSMUSG00000045883","protein_coding"
"20158","ENSMUSG00000094721","protein_coding"
"20159","ENSMUSG00000096365","protein_coding"
"20160","ENSMUSG00000109100","protein_coding"
"20161","ENSMUSG00000062199","protein_coding"
"20162","ENSMUSG00000096485","protein_coding"
"20163","ENSMUSG00000049015","protein_coding"
"20164","ENSMUSG00000109544","protein_coding"
"20165","ENSMUSG00000063777","protein_coding"
"20166","ENSMUSG00000096320","protein_coding"
"20167","ENSMUSG00000095189","protein_coding"
"20168","ENSMUSG00000096273","protein_coding"
"20169","ENSMUSG00000096708","protein_coding"
"20170","ENSMUSG00000071629","protein_coding"
"20171","ENSMUSG00000095484","protein_coding"
"20172","ENSMUSG00000096289","protein_coding"
"20173","ENSMUSG00000094846","protein_coding"
"20174","ENSMUSG00000045678","protein_coding"
"20175","ENSMUSG00000061387","protein_coding"
"20176","ENSMUSG00000051156","protein_coding"
"20177","ENSMUSG00000109520","protein_coding"
"20178","ENSMUSG00000050865","protein_coding"
"20179","ENSMUSG00000047207","protein_coding"
"20180","ENSMUSG00000048356","protein_coding"
"20181","ENSMUSG00000044040","protein_coding"
"20182","ENSMUSG00000045395","protein_coding"
"20183","ENSMUSG00000054526","protein_coding"
"20184","ENSMUSG00000057270","protein_coding"
"20185","ENSMUSG00000056858","protein_coding"
"20186","ENSMUSG00000059105","protein_coding"
"20187","ENSMUSG00000062314","protein_coding"
"20188","ENSMUSG00000024642","protein_coding"
"20189","ENSMUSG00000024640","protein_coding"
"20190","ENSMUSG00000041491","protein_coding"
"20191","ENSMUSG00000024639","protein_coding"
"20192","ENSMUSG00000024697","protein_coding"
"20193","ENSMUSG00000046230","protein_coding"
"20194","ENSMUSG00000056829","protein_coding"
"20195","ENSMUSG00000039126","protein_coding"
"20196","ENSMUSG00000038843","protein_coding"
"20197","ENSMUSG00000024712","protein_coding"
"20198","ENSMUSG00000024713","protein_coding"
"20199","ENSMUSG00000024725","protein_coding"
"20200","ENSMUSG00000037847","protein_coding"
"20201","ENSMUSG00000024726","protein_coding"
"20202","ENSMUSG00000047044","protein_coding"
"20203","ENSMUSG00000024727","protein_coding"
"20204","ENSMUSG00000036192","protein_coding"
"20205","ENSMUSG00000024659","protein_coding"
"20206","ENSMUSG00000053279","protein_coding"
"20207","ENSMUSG00000024747","protein_coding"
"20208","ENSMUSG00000024749","protein_coding"
"20209","ENSMUSG00000024750","protein_coding"
"20210","ENSMUSG00000058624","protein_coding"
"20211","ENSMUSG00000035171","protein_coding"
"20212","ENSMUSG00000047368","protein_coding"
"20213","ENSMUSG00000024754","protein_coding"
"20214","ENSMUSG00000052387","protein_coding"
"20215","ENSMUSG00000033863","protein_coding"
"20216","ENSMUSG00000024943","protein_coding"
"20217","ENSMUSG00000033207","protein_coding"
"20218","ENSMUSG00000033053","protein_coding"
"20219","ENSMUSG00000074925","protein_coding"
"20220","ENSMUSG00000024897","protein_coding"
"20221","ENSMUSG00000071604","protein_coding"
"20222","ENSMUSG00000024812","protein_coding"
"20223","ENSMUSG00000059363","protein_coding"
"20224","ENSMUSG00000024867","protein_coding"
"20225","ENSMUSG00000074922","protein_coding"
"20226","ENSMUSG00000048572","protein_coding"
"20227","ENSMUSG00000041731","protein_coding"
"20228","ENSMUSG00000058927","protein_coding"
"20229","ENSMUSG00000051490","protein_coding"
"20230","ENSMUSG00000024878","protein_coding"
"20231","ENSMUSG00000052085","protein_coding"
"20232","ENSMUSG00000032702","protein_coding"
"20233","ENSMUSG00000024837","protein_coding"
"20234","ENSMUSG00000042372","protein_coding"
"20235","ENSMUSG00000048138","protein_coding"
"20236","ENSMUSG00000024921","protein_coding"
"20237","ENSMUSG00000074913","protein_coding"
"20238","ENSMUSG00000024924","protein_coding"
"20239","ENSMUSG00000047298","protein_coding"
"20240","ENSMUSG00000041360","protein_coding"
"20241","ENSMUSG00000040929","protein_coding"
"20242","ENSMUSG00000052942","protein_coding"
"20243","ENSMUSG00000024935","protein_coding"
"20244","ENSMUSG00000064202","protein_coding"
"20245","ENSMUSG00000040105","protein_coding"
"20246","ENSMUSG00000024780","protein_coding"
"20247","ENSMUSG00000024782","protein_coding"
"20248","ENSMUSG00000024785","protein_coding"
"20249","ENSMUSG00000024789","protein_coding"
"20250","ENSMUSG00000050957","protein_coding"
"20251","ENSMUSG00000039097","protein_coding"
"20252","ENSMUSG00000016495","protein_coding"
"20253","ENSMUSG00000016496","protein_coding"
"20254","ENSMUSG00000016498","protein_coding"
"20255","ENSMUSG00000038658","protein_coding"
"20256","ENSMUSG00000046324","protein_coding"
"20257","ENSMUSG00000024806","protein_coding"
"20258","ENSMUSG00000046138","protein_coding"
"20259","ENSMUSG00000074909","protein_coding"
"20260","ENSMUSG00000024810","protein_coding"
"20261","ENSMUSG00000024815","protein_coding"
"20262","ENSMUSG00000024817","protein_coding"
"20263","ENSMUSG00000024827","protein_coding"
"20264","ENSMUSG00000024863","protein_coding"
"20265","ENSMUSG00000024868","protein_coding"
"20266","ENSMUSG00000052920","protein_coding"
"20267","ENSMUSG00000053536","protein_coding"
"20268","ENSMUSG00000052595","protein_coding"
"20269","ENSMUSG00000024887","protein_coding"
"20270","ENSMUSG00000040451","protein_coding"
"20271","ENSMUSG00000062456","protein_coding"
"20272","ENSMUSG00000024896","protein_coding"
"20273","ENSMUSG00000024899","protein_coding"
"20274","ENSMUSG00000013662","protein_coding"
"20275","ENSMUSG00000013663","protein_coding"
"20276","ENSMUSG00000121574","protein_coding"
"20277","ENSMUSG00000121573","protein_coding"
"20278","ENSMUSG00000071573","protein_coding"
"20279","ENSMUSG00000079344","protein_coding"
"20280","ENSMUSG00000024766","protein_coding"
"20281","ENSMUSG00000086812","protein_coding"
"20282","ENSMUSG00000087303","protein_coding"
"20283","ENSMUSG00000079342","protein_coding"
"20284","ENSMUSG00000024768","protein_coding"
"20285","ENSMUSG00000024771","protein_coding"
"20286","ENSMUSG00000024770","protein_coding"
"20287","ENSMUSG00000056078","protein_coding"
"20288","ENSMUSG00000024774","protein_coding"
"20289","ENSMUSG00000024776","protein_coding"
"20290","ENSMUSG00000035783","protein_coding"
"20291","ENSMUSG00000024778","protein_coding"
"20292","ENSMUSG00000050370","protein_coding"
"20293","ENSMUSG00000024781","protein_coding"
"20294","ENSMUSG00000045932","protein_coding"
"20295","ENSMUSG00000074896","protein_coding"
"20296","ENSMUSG00000079339","protein_coding"
"20297","ENSMUSG00000062488","protein_coding"
"20298","ENSMUSG00000067297","protein_coding"
"20299","ENSMUSG00000034459","protein_coding"
"20300","ENSMUSG00000009378","protein_coding"
"20301","ENSMUSG00000033610","protein_coding"
"20302","ENSMUSG00000024795","protein_coding"
"20303","ENSMUSG00000024798","protein_coding"
"20304","ENSMUSG00000024800","protein_coding"
"20305","ENSMUSG00000024803","protein_coding"
"20306","ENSMUSG00000024805","protein_coding"
"20307","ENSMUSG00000041180","protein_coding"
"20308","ENSMUSG00000067279","protein_coding"
"20309","ENSMUSG00000024811","protein_coding"
"20310","ENSMUSG00000047632","protein_coding"
"20311","ENSMUSG00000040565","protein_coding"
"20312","ENSMUSG00000039652","protein_coding"
"20313","ENSMUSG00000023307","protein_coding"
"20314","ENSMUSG00000056999","protein_coding"
"20315","ENSMUSG00000012443","protein_coding"
"20316","ENSMUSG00000024986","protein_coding"
"20317","ENSMUSG00000053799","protein_coding"
"20318","ENSMUSG00000062432","protein_coding"
"20319","ENSMUSG00000024987","protein_coding"
"20320","ENSMUSG00000048612","protein_coding"
"20321","ENSMUSG00000024989","protein_coding"
"20322","ENSMUSG00000054200","protein_coding"
"20323","ENSMUSG00000024990","protein_coding"
"20324","ENSMUSG00000024992","protein_coding"
"20325","ENSMUSG00000054237","protein_coding"
"20326","ENSMUSG00000067242","protein_coding"
"20327","ENSMUSG00000044026","protein_coding"
"20328","ENSMUSG00000024998","protein_coding"
"20329","ENSMUSG00000024999","protein_coding"
"20330","ENSMUSG00000048720","protein_coding"
"20331","ENSMUSG00000025001","protein_coding"
"20332","ENSMUSG00000025002","protein_coding"
"20333","ENSMUSG00000067231","protein_coding"
"20334","ENSMUSG00000067229","protein_coding"
"20335","ENSMUSG00000003053","protein_coding"
"20336","ENSMUSG00000032808","protein_coding"
"20337","ENSMUSG00000025003","protein_coding"
"20338","ENSMUSG00000062624","protein_coding"
"20339","ENSMUSG00000074882","protein_coding"
"20340","ENSMUSG00000025004","protein_coding"
"20341","ENSMUSG00000092008","protein_coding"
"20342","ENSMUSG00000042248","protein_coding"
"20343","ENSMUSG00000067225","protein_coding"
"20344","ENSMUSG00000054827","protein_coding"
"20345","ENSMUSG00000060613","protein_coding"
"20346","ENSMUSG00000055044","protein_coding"
"20347","ENSMUSG00000025006","protein_coding"
"20348","ENSMUSG00000025007","protein_coding"
"20349","ENSMUSG00000025008","protein_coding"
"20350","ENSMUSG00000048120","protein_coding"
"20351","ENSMUSG00000108929","protein_coding"
"20352","ENSMUSG00000025010","protein_coding"
"20353","ENSMUSG00000049164","protein_coding"
"20354","ENSMUSG00000061132","protein_coding"
"20355","ENSMUSG00000025014","protein_coding"
"20356","ENSMUSG00000050121","protein_coding"
"20357","ENSMUSG00000025013","protein_coding"
"20358","ENSMUSG00000025016","protein_coding"
"20359","ENSMUSG00000025017","protein_coding"
"20360","ENSMUSG00000025019","protein_coding"
"20361","ENSMUSG00000025020","protein_coding"
"20362","ENSMUSG00000025154","protein_coding"
"20363","ENSMUSG00000067199","protein_coding"
"20364","ENSMUSG00000047604","protein_coding"
"20365","ENSMUSG00000035049","protein_coding"
"20366","ENSMUSG00000011752","protein_coding"
"20367","ENSMUSG00000034321","protein_coding"
"20368","ENSMUSG00000025157","protein_coding"
"20369","ENSMUSG00000025159","protein_coding"
"20370","ENSMUSG00000025171","protein_coding"
"20371","ENSMUSG00000025172","protein_coding"
"20372","ENSMUSG00000025176","protein_coding"
"20373","ENSMUSG00000090369","protein_coding"
"20374","ENSMUSG00000049670","protein_coding"
"20375","ENSMUSG00000025178","protein_coding"
"20376","ENSMUSG00000018821","protein_coding"
"20377","ENSMUSG00000044345","protein_coding"
"20378","ENSMUSG00000018820","protein_coding"
"20379","ENSMUSG00000018822","protein_coding"
"20380","ENSMUSG00000042532","protein_coding"
"20381","ENSMUSG00000042401","protein_coding"
"20382","ENSMUSG00000025184","protein_coding"
"20383","ENSMUSG00000025185","protein_coding"
"20384","ENSMUSG00000060224","protein_coding"
"20385","ENSMUSG00000025188","protein_coding"
"20386","ENSMUSG00000074852","protein_coding"
"20387","ENSMUSG00000025189","protein_coding"
"20388","ENSMUSG00000025190","protein_coding"
"20389","ENSMUSG00000044220","protein_coding"
"20390","ENSMUSG00000040414","protein_coding"
"20391","ENSMUSG00000025192","protein_coding"
"20392","ENSMUSG00000040018","protein_coding"
"20393","ENSMUSG00000025193","protein_coding"
"20394","ENSMUSG00000025194","protein_coding"
"20395","ENSMUSG00000025195","protein_coding"
"20396","ENSMUSG00000025196","protein_coding"
"20397","ENSMUSG00000025197","protein_coding"
"20398","ENSMUSG00000025198","protein_coding"
"20399","ENSMUSG00000025199","protein_coding"
"20400","ENSMUSG00000025200","protein_coding"
"20401","ENSMUSG00000057506","protein_coding"
"20402","ENSMUSG00000037578","protein_coding"
"20403","ENSMUSG00000025202","protein_coding"
"20404","ENSMUSG00000025203","protein_coding"
"20405","ENSMUSG00000050195","protein_coding"
"20406","ENSMUSG00000037071","protein_coding"
"20407","ENSMUSG00000036961","protein_coding"
"20408","ENSMUSG00000051984","protein_coding"
"20409","ENSMUSG00000091471","protein_coding"
"20410","ENSMUSG00000025204","protein_coding"
"20411","ENSMUSG00000036450","protein_coding"
"20412","ENSMUSG00000004231","protein_coding"
"20413","ENSMUSG00000036097","protein_coding"
"20414","ENSMUSG00000025207","protein_coding"
"20415","ENSMUSG00000025208","protein_coding"
"20416","ENSMUSG00000025209","protein_coding"
"20417","ENSMUSG00000035342","protein_coding"
"20418","ENSMUSG00000074818","protein_coding"
"20419","ENSMUSG00000025212","protein_coding"
"20420","ENSMUSG00000025213","protein_coding"
"20421","ENSMUSG00000025215","protein_coding"
"20422","ENSMUSG00000025216","protein_coding"
"20423","ENSMUSG00000025217","protein_coding"
"20424","ENSMUSG00000025218","protein_coding"
"20425","ENSMUSG00000041035","protein_coding"
"20426","ENSMUSG00000040913","protein_coding"
"20427","ENSMUSG00000025219","protein_coding"
"20428","ENSMUSG00000056209","protein_coding"
"20429","ENSMUSG00000025220","protein_coding"
"20430","ENSMUSG00000025221","protein_coding"
"20431","ENSMUSG00000039901","protein_coding"
"20432","ENSMUSG00000074811","protein_coding"
"20433","ENSMUSG00000025223","protein_coding"
"20434","ENSMUSG00000055491","protein_coding"
"20435","ENSMUSG00000015176","protein_coding"
"20436","ENSMUSG00000038754","protein_coding"
"20437","ENSMUSG00000025229","protein_coding"
"20438","ENSMUSG00000025224","protein_coding"
"20439","ENSMUSG00000025225","protein_coding"
"20440","ENSMUSG00000037126","protein_coding"
"20441","ENSMUSG00000025226","protein_coding"
"20442","ENSMUSG00000036748","protein_coding"
"20443","ENSMUSG00000025227","protein_coding"
"20444","ENSMUSG00000099655","protein_coding"
"20445","ENSMUSG00000025228","protein_coding"
"20446","ENSMUSG00000025231","protein_coding"
"20447","ENSMUSG00000025034","protein_coding"
"20448","ENSMUSG00000025035","protein_coding"
"20449","ENSMUSG00000025036","protein_coding"
"20450","ENSMUSG00000047731","protein_coding"
"20451","ENSMUSG00000003555","protein_coding"
"20452","ENSMUSG00000062376","protein_coding"
"20453","ENSMUSG00000003559","protein_coding"
"20454","ENSMUSG00000064105","protein_coding"
"20455","ENSMUSG00000025041","protein_coding"
"20456","ENSMUSG00000034336","protein_coding"
"20457","ENSMUSG00000025050","protein_coding"
"20458","ENSMUSG00000025049","protein_coding"
"20459","ENSMUSG00000071528","protein_coding"
"20460","ENSMUSG00000025047","protein_coding"
"20461","ENSMUSG00000033033","protein_coding"
"20462","ENSMUSG00000079258","protein_coding"
"20463","ENSMUSG00000094219","protein_coding"
"20464","ENSMUSG00000006435","protein_coding"
"20465","ENSMUSG00000053617","protein_coding"
"20466","ENSMUSG00000042694","protein_coding"
"20467","ENSMUSG00000025060","protein_coding"
"20468","ENSMUSG00000025064","protein_coding"
"20469","ENSMUSG00000025066","protein_coding"
"20470","ENSMUSG00000044948","protein_coding"
"20471","ENSMUSG00000025068","protein_coding"
"20472","ENSMUSG00000025069","protein_coding"
"20473","ENSMUSG00000117975","protein_coding"
"20474","ENSMUSG00000046585","protein_coding"
"20475","ENSMUSG00000063434","protein_coding"
"20476","ENSMUSG00000043531","protein_coding"
"20477","ENSMUSG00000035804","protein_coding"
"20478","ENSMUSG00000025027","protein_coding"
"20479","ENSMUSG00000025026","protein_coding"
"20480","ENSMUSG00000025025","protein_coding"
"20481","ENSMUSG00000025024","protein_coding"
"20482","ENSMUSG00000034765","protein_coding"
"20483","ENSMUSG00000071497","protein_coding"
"20484","ENSMUSG00000024974","protein_coding"
"20485","ENSMUSG00000043639","protein_coding"
"20486","ENSMUSG00000024975","protein_coding"
"20487","ENSMUSG00000084957","protein_coding"
"20488","ENSMUSG00000024976","protein_coding"
"20489","ENSMUSG00000033717","protein_coding"
"20490","ENSMUSG00000024978","protein_coding"
"20491","ENSMUSG00000024979","protein_coding"
"20492","ENSMUSG00000055523","protein_coding"
"20493","ENSMUSG00000024981","protein_coding"
"20494","ENSMUSG00000024982","protein_coding"
"20495","ENSMUSG00000024983","protein_coding"
"20496","ENSMUSG00000024985","protein_coding"
"20497","ENSMUSG00000025075","protein_coding"
"20498","ENSMUSG00000049134","protein_coding"
"20499","ENSMUSG00000025076","protein_coding"
"20500","ENSMUSG00000035818","protein_coding"
"20501","ENSMUSG00000025077","protein_coding"
"20502","ENSMUSG00000025078","protein_coding"
"20503","ENSMUSG00000035283","protein_coding"
"20504","ENSMUSG00000035173","protein_coding"
"20505","ENSMUSG00000025081","protein_coding"
"20506","ENSMUSG00000025082","protein_coding"
"20507","ENSMUSG00000025083","protein_coding"
"20508","ENSMUSG00000025085","protein_coding"
"20509","ENSMUSG00000033478","protein_coding"
"20510","ENSMUSG00000025086","protein_coding"
"20511","ENSMUSG00000054843","protein_coding"
"20512","ENSMUSG00000025089","protein_coding"
"20513","ENSMUSG00000025090","protein_coding"
"20514","ENSMUSG00000046008","protein_coding"
"20515","ENSMUSG00000042179","protein_coding"
"20516","ENSMUSG00000025091","protein_coding"
"20517","ENSMUSG00000026931","protein_coding"
"20518","ENSMUSG00000025092","protein_coding"
"20519","ENSMUSG00000048029","protein_coding"
"20520","ENSMUSG00000041362","protein_coding"
"20521","ENSMUSG00000006270","protein_coding"
"20522","ENSMUSG00000040901","protein_coding"
"20523","ENSMUSG00000025094","protein_coding"
"20524","ENSMUSG00000074746","protein_coding"
"20525","ENSMUSG00000043969","protein_coding"
"20526","ENSMUSG00000040022","protein_coding"
"20527","ENSMUSG00000057858","protein_coding"
"20528","ENSMUSG00000045052","protein_coding"
"20529","ENSMUSG00000033417","protein_coding"
"20530","ENSMUSG00000072437","protein_coding"
"20531","ENSMUSG00000024991","protein_coding"
"20532","ENSMUSG00000024993","protein_coding"
"20533","ENSMUSG00000063698","protein_coding"
"20534","ENSMUSG00000024997","protein_coding"
"20535","ENSMUSG00000003228","protein_coding"
"20536","ENSMUSG00000074733","protein_coding"
"20537","ENSMUSG00000094649","protein_coding"
"20538","ENSMUSG00000059326","protein_coding"
"20539","ENSMUSG00000100249","protein_coding"
"20540","ENSMUSG00000096426","protein_coding"
"20541","ENSMUSG00000094558","protein_coding"
"20542","ENSMUSG00000094876","protein_coding"
"20543","ENSMUSG00000095716","protein_coding"
"20544","ENSMUSG00000101381","protein_coding"
"20545","ENSMUSG00000078218","protein_coding"
"20546","ENSMUSG00000094307","protein_coding"
"20547","ENSMUSG00000094596","protein_coding"
"20548","ENSMUSG00000094273","protein_coding"
"20549","ENSMUSG00000078213","protein_coding"
"20550","ENSMUSG00000094860","protein_coding"
"20551","ENSMUSG00000044597","protein_coding"
"20552","ENSMUSG00000095814","protein_coding"
"20553","ENSMUSG00000073295","protein_coding"
"20554","ENSMUSG00000073294","protein_coding"
"20555","ENSMUSG00000073293","protein_coding"
"20556","ENSMUSG00000023279","protein_coding"
"20557","ENSMUSG00000068270","protein_coding"
"20558","ENSMUSG00000062393","protein_coding"
"20559","ENSMUSG00000051592","protein_coding"
"20560","ENSMUSG00000050089","protein_coding"
"20561","ENSMUSG00000004317","protein_coding"
"20562","ENSMUSG00000046269","protein_coding"
"20563","ENSMUSG00000039556","protein_coding"
"20564","ENSMUSG00000039521","protein_coding"
"20565","ENSMUSG00000031143","protein_coding"
"20566","ENSMUSG00000031142","protein_coding"
"20567","ENSMUSG00000031144","protein_coding"
"20568","ENSMUSG00000031145","protein_coding"
"20569","ENSMUSG00000031146","protein_coding"
"20570","ENSMUSG00000031147","protein_coding"
"20571","ENSMUSG00000031148","protein_coding"
"20572","ENSMUSG00000039382","protein_coding"
"20573","ENSMUSG00000109493","protein_coding"
"20574","ENSMUSG00000031149","protein_coding"
"20575","ENSMUSG00000031150","protein_coding"
"20576","ENSMUSG00000000134","protein_coding"
"20577","ENSMUSG00000031153","protein_coding"
"20578","ENSMUSG00000009731","protein_coding"
"20579","ENSMUSG00000031154","protein_coding"
"20580","ENSMUSG00000031155","protein_coding"
"20581","ENSMUSG00000031156","protein_coding"
"20582","ENSMUSG00000031157","protein_coding"
"20583","ENSMUSG00000031158","protein_coding"
"20584","ENSMUSG00000039278","protein_coding"
"20585","ENSMUSG00000031160","protein_coding"
"20586","ENSMUSG00000031161","protein_coding"
"20587","ENSMUSG00000031162","protein_coding"
"20588","ENSMUSG00000031163","protein_coding"
"20589","ENSMUSG00000039231","protein_coding"
"20590","ENSMUSG00000031165","protein_coding"
"20591","ENSMUSG00000031166","protein_coding"
"20592","ENSMUSG00000031167","protein_coding"
"20593","ENSMUSG00000039201","protein_coding"
"20594","ENSMUSG00000031168","protein_coding"
"20595","ENSMUSG00000031169","protein_coding"
"20596","ENSMUSG00000031171","protein_coding"
"20597","ENSMUSG00000031170","protein_coding"
"20598","ENSMUSG00000068219","protein_coding"
"20599","ENSMUSG00000068218","protein_coding"
"20600","ENSMUSG00000079705","protein_coding"
"20601","ENSMUSG00000023165","protein_coding"
"20602","ENSMUSG00000079704","protein_coding"
"20603","ENSMUSG00000079702","protein_coding"
"20604","ENSMUSG00000079701","protein_coding"
"20605","ENSMUSG00000079703","protein_coding"
"20606","ENSMUSG00000035371","protein_coding"
"20607","ENSMUSG00000071816","protein_coding"
"20608","ENSMUSG00000079699","protein_coding"
"20609","ENSMUSG00000079697","protein_coding"
"20610","ENSMUSG00000052364","protein_coding"
"20611","ENSMUSG00000078208","protein_coding"
"20612","ENSMUSG00000060685","protein_coding"
"20613","ENSMUSG00000078206","protein_coding"
"20614","ENSMUSG00000071815","protein_coding"
"20615","ENSMUSG00000072249","protein_coding"
"20616","ENSMUSG00000045797","protein_coding"
"20617","ENSMUSG00000047344","protein_coding"
"20618","ENSMUSG00000015342","protein_coding"
"20619","ENSMUSG00000100200","protein_coding"
"20620","ENSMUSG00000100448","protein_coding"
"20621","ENSMUSG00000015340","protein_coding"
"20622","ENSMUSG00000061065","protein_coding"
"20623","ENSMUSG00000031176","protein_coding"
"20624","ENSMUSG00000040456","protein_coding"
"20625","ENSMUSG00000048994","protein_coding"
"20626","ENSMUSG00000054453","protein_coding"
"20627","ENSMUSG00000090084","protein_coding"
"20628","ENSMUSG00000031174","protein_coding"
"20629","ENSMUSG00000031173","protein_coding"
"20630","ENSMUSG00000058254","protein_coding"
"20631","ENSMUSG00000008035","protein_coding"
"20632","ENSMUSG00000100626","protein_coding"
"20633","ENSMUSG00000101819","protein_coding"
"20634","ENSMUSG00000096097","protein_coding"
"20635","ENSMUSG00000094904","protein_coding"
"20636","ENSMUSG00000095413","protein_coding"
"20637","ENSMUSG00000095655","protein_coding"
"20638","ENSMUSG00000095662","protein_coding"
"20639","ENSMUSG00000099443","protein_coding"
"20640","ENSMUSG00000095445","protein_coding"
"20641","ENSMUSG00000069038","protein_coding"
"20642","ENSMUSG00000040363","protein_coding"
"20643","ENSMUSG00000031007","protein_coding"
"20644","ENSMUSG00000044148","protein_coding"
"20645","ENSMUSG00000064127","protein_coding"
"20646","ENSMUSG00000031010","protein_coding"
"20647","ENSMUSG00000000787","protein_coding"
"20648","ENSMUSG00000051228","protein_coding"
"20649","ENSMUSG00000031012","protein_coding"
"20650","ENSMUSG00000040229","protein_coding"
"20651","ENSMUSG00000047678","protein_coding"
"20652","ENSMUSG00000078346","protein_coding"
"20653","ENSMUSG00000023257","protein_coding"
"20654","ENSMUSG00000025037","protein_coding"
"20655","ENSMUSG00000040147","protein_coding"
"20656","ENSMUSG00000040138","protein_coding"
"20657","ENSMUSG00000025038","protein_coding"
"20658","ENSMUSG00000025040","protein_coding"
"20659","ENSMUSG00000025043","protein_coding"
"20660","ENSMUSG00000037369","protein_coding"
"20661","ENSMUSG00000037358","protein_coding"
"20662","ENSMUSG00000068149","protein_coding"
"20663","ENSMUSG00000037347","protein_coding"
"20664","ENSMUSG00000037341","protein_coding"
"20665","ENSMUSG00000060090","protein_coding"
"20666","ENSMUSG00000037315","protein_coding"
"20667","ENSMUSG00000023070","protein_coding"
"20668","ENSMUSG00000031059","protein_coding"
"20669","ENSMUSG00000031060","protein_coding"
"20670","ENSMUSG00000001924","protein_coding"
"20671","ENSMUSG00000031065","protein_coding"
"20672","ENSMUSG00000031066","protein_coding"
"20673","ENSMUSG00000001127","protein_coding"
"20674","ENSMUSG00000037217","protein_coding"
"20675","ENSMUSG00000001131","protein_coding"
"20676","ENSMUSG00000001128","protein_coding"
"20677","ENSMUSG00000009406","protein_coding"
"20678","ENSMUSG00000001134","protein_coding"
"20679","ENSMUSG00000054737","protein_coding"
"20680","ENSMUSG00000037167","protein_coding"
"20681","ENSMUSG00000031079","protein_coding"
"20682","ENSMUSG00000062814","protein_coding"
"20683","ENSMUSG00000068122","protein_coding"
"20684","ENSMUSG00000031089","protein_coding"
"20685","ENSMUSG00000101818","protein_coding"
"20686","ENSMUSG00000036782","protein_coding"
"20687","ENSMUSG00000036769","protein_coding"
"20688","ENSMUSG00000068113","protein_coding"
"20689","ENSMUSG00000084063","protein_coding"
"20690","ENSMUSG00000081218","protein_coding"
"20691","ENSMUSG00000093923","protein_coding"
"20692","ENSMUSG00000096620","protein_coding"
"20693","ENSMUSG00000073267","protein_coding"
"20694","ENSMUSG00000079655","protein_coding"
"20695","ENSMUSG00000082639","protein_coding"
"20696","ENSMUSG00000083628","protein_coding"
"20697","ENSMUSG00000095063","protein_coding"
"20698","ENSMUSG00000071788","protein_coding"
"20699","ENSMUSG00000080725","protein_coding"
"20700","ENSMUSG00000095546","protein_coding"
"20701","ENSMUSG00000095293","protein_coding"
"20702","ENSMUSG00000094624","protein_coding"
"20703","ENSMUSG00000096457","protein_coding"
"20704","ENSMUSG00000095887","protein_coding"
"20705","ENSMUSG00000073257","protein_coding"
"20706","ENSMUSG00000073255","protein_coding"
"20707","ENSMUSG00000094759","protein_coding"
"20708","ENSMUSG00000094391","protein_coding"
"20709","ENSMUSG00000095754","protein_coding"
"20710","ENSMUSG00000118441","protein_coding"
"20711","ENSMUSG00000118465","protein_coding"
"20712","ENSMUSG00000096645","protein_coding"
"20713","ENSMUSG00000118431","protein_coding"
"20714","ENSMUSG00000095770","protein_coding"
"20715","ENSMUSG00000118402","protein_coding"
"20716","ENSMUSG00000096194","protein_coding"
"20717","ENSMUSG00000118459","protein_coding"
"20718","ENSMUSG00000094601","protein_coding"
"20719","ENSMUSG00000099711","protein_coding"
"20720","ENSMUSG00000118409","protein_coding"
"20721","ENSMUSG00000101500","protein_coding"
"20722","ENSMUSG00000101294","protein_coding"
"20723","ENSMUSG00000095934","protein_coding"
"20724","ENSMUSG00000078324","protein_coding"
"20725","ENSMUSG00000096915","protein_coding"
"20726","ENSMUSG00000118429","protein_coding"
"20727","ENSMUSG00000095659","protein_coding"
"20728","ENSMUSG00000118438","protein_coding"
"20729","ENSMUSG00000073247","protein_coding"
"20730","ENSMUSG00000073245","protein_coding"
"20731","ENSMUSG00000031093","protein_coding"
"20732","ENSMUSG00000017057","protein_coding"
"20733","ENSMUSG00000036699","protein_coding"
"20734","ENSMUSG00000016239","protein_coding"
"20735","ENSMUSG00000079642","protein_coding"
"20736","ENSMUSG00000091556","protein_coding"
"20737","ENSMUSG00000006373","protein_coding"
"20738","ENSMUSG00000059708","protein_coding"
"20739","ENSMUSG00000037636","protein_coding"
"20740","ENSMUSG00000016319","protein_coding"
"20741","ENSMUSG00000016308","protein_coding"
"20742","ENSMUSG00000006423","protein_coding"
"20743","ENSMUSG00000044149","protein_coding"
"20744","ENSMUSG00000050379","protein_coding"
"20745","ENSMUSG00000044400","protein_coding"
"20746","ENSMUSG00000079641","protein_coding"
"20747","ENSMUSG00000036572","protein_coding"
"20748","ENSMUSG00000016409","protein_coding"
"20749","ENSMUSG00000036551","protein_coding"
"20750","ENSMUSG00000016427","protein_coding"
"20751","ENSMUSG00000036537","protein_coding"
"20752","ENSMUSG00000073243","protein_coding"
"20753","ENSMUSG00000071773","protein_coding"
"20754","ENSMUSG00000051827","protein_coding"
"20755","ENSMUSG00000071772","protein_coding"
"20756","ENSMUSG00000079639","protein_coding"
"20757","ENSMUSG00000095601","protein_coding"
"20758","ENSMUSG00000094945","protein_coding"
"20759","ENSMUSG00000079638","protein_coding"
"20760","ENSMUSG00000071771","protein_coding"
"20761","ENSMUSG00000079637","protein_coding"
"20762","ENSMUSG00000079636","protein_coding"
"20763","ENSMUSG00000079635","protein_coding"
"20764","ENSMUSG00000095698","protein_coding"
"20765","ENSMUSG00000079633","protein_coding"
"20766","ENSMUSG00000096788","protein_coding"
"20767","ENSMUSG00000059626","protein_coding"
"20768","ENSMUSG00000071770","protein_coding"
"20769","ENSMUSG00000095741","protein_coding"
"20770","ENSMUSG00000095510","protein_coding"
"20771","ENSMUSG00000079630","protein_coding"
"20772","ENSMUSG00000080933","protein_coding"
"20773","ENSMUSG00000079629","protein_coding"
"20774","ENSMUSG00000079628","protein_coding"
"20775","ENSMUSG00000071769","protein_coding"
"20776","ENSMUSG00000079627","protein_coding"
"20777","ENSMUSG00000095180","protein_coding"
"20778","ENSMUSG00000006200","protein_coding"
"20779","ENSMUSG00000071767","protein_coding"
"20780","ENSMUSG00000064137","protein_coding"
"20781","ENSMUSG00000079626","protein_coding"
"20782","ENSMUSG00000068048","protein_coding"
"20783","ENSMUSG00000053909","protein_coding"
"20784","ENSMUSG00000051038","protein_coding"
"20785","ENSMUSG00000071766","protein_coding"
"20786","ENSMUSG00000050197","protein_coding"
"20787","ENSMUSG00000048047","protein_coding"
"20788","ENSMUSG00000036502","protein_coding"
"20789","ENSMUSG00000016327","protein_coding"
"20790","ENSMUSG00000016534","protein_coding"
"20791","ENSMUSG00000031095","protein_coding"
"20792","ENSMUSG00000000355","protein_coding"
"20793","ENSMUSG00000048970","protein_coding"
"20794","ENSMUSG00000051361","protein_coding"
"20795","ENSMUSG00000001986","protein_coding"
"20796","ENSMUSG00000037475","protein_coding"
"20797","ENSMUSG00000025860","protein_coding"
"20798","ENSMUSG00000025862","protein_coding"
"20799","ENSMUSG00000105993","protein_coding"
"20800","ENSMUSG00000005696","protein_coding"
"20801","ENSMUSG00000016150","protein_coding"
"20802","ENSMUSG00000078320","protein_coding"
"20803","ENSMUSG00000050926","protein_coding"
"20804","ENSMUSG00000045284","protein_coding"
"20805","ENSMUSG00000037086","protein_coding"
"20806","ENSMUSG00000046615","protein_coding"
"20807","ENSMUSG00000031099","protein_coding"
"20808","ENSMUSG00000001173","protein_coding"
"20809","ENSMUSG00000037010","protein_coding"
"20810","ENSMUSG00000037005","protein_coding"
"20811","ENSMUSG00000031101","protein_coding"
"20812","ENSMUSG00000036985","protein_coding"
"20813","ENSMUSG00000063785","protein_coding"
"20814","ENSMUSG00000036959","protein_coding"
"20815","ENSMUSG00000031103","protein_coding"
"20816","ENSMUSG00000036932","protein_coding"
"20817","ENSMUSG00000031104","protein_coding"
"20818","ENSMUSG00000036916","protein_coding"
"20819","ENSMUSG00000031105","protein_coding"
"20820","ENSMUSG00000051209","protein_coding"
"20821","ENSMUSG00000031107","protein_coding"
"20822","ENSMUSG00000079606","protein_coding"
"20823","ENSMUSG00000031109","protein_coding"
"20824","ENSMUSG00000036198","protein_coding"
"20825","ENSMUSG00000071764","protein_coding"
"20826","ENSMUSG00000067971","protein_coding"
"20827","ENSMUSG00000031111","protein_coding"
"20828","ENSMUSG00000056281","protein_coding"
"20829","ENSMUSG00000050504","protein_coding"
"20830","ENSMUSG00000048173","protein_coding"
"20831","ENSMUSG00000031112","protein_coding"
"20832","ENSMUSG00000036131","protein_coding"
"20833","ENSMUSG00000050029","protein_coding"
"20834","ENSMUSG00000036109","protein_coding"
"20835","ENSMUSG00000062184","protein_coding"
"20836","ENSMUSG00000055780","protein_coding"
"20837","ENSMUSG00000031118","protein_coding"
"20838","ENSMUSG00000031119","protein_coding"
"20839","ENSMUSG00000055653","protein_coding"
"20840","ENSMUSG00000073207","protein_coding"
"20841","ENSMUSG00000025626","protein_coding"
"20842","ENSMUSG00000025630","protein_coding"
"20843","ENSMUSG00000061082","protein_coding"
"20844","ENSMUSG00000036022","protein_coding"
"20845","ENSMUSG00000036013","protein_coding"
"20846","ENSMUSG00000023074","protein_coding"
"20847","ENSMUSG00000060967","protein_coding"
"20848","ENSMUSG00000079593","protein_coding"
"20849","ENSMUSG00000051851","protein_coding"
"20850","ENSMUSG00000067925","protein_coding"
"20851","ENSMUSG00000067924","protein_coding"
"20852","ENSMUSG00000055555","protein_coding"
"20853","ENSMUSG00000054727","protein_coding"
"20854","ENSMUSG00000059334","protein_coding"
"20855","ENSMUSG00000054626","protein_coding"
"20856","ENSMUSG00000096468","protein_coding"
"20857","ENSMUSG00000094714","protein_coding"
"20858","ENSMUSG00000067909","protein_coding"
"20859","ENSMUSG00000031125","protein_coding"
"20860","ENSMUSG00000073177","protein_coding"
"20861","ENSMUSG00000073176","protein_coding"
"20862","ENSMUSG00000054850","protein_coding"
"20863","ENSMUSG00000058932","protein_coding"
"20864","ENSMUSG00000035967","protein_coding"
"20865","ENSMUSG00000064016","protein_coding"
"20866","ENSMUSG00000061273","protein_coding"
"20867","ENSMUSG00000060681","protein_coding"
"20868","ENSMUSG00000023092","protein_coding"
"20869","ENSMUSG00000067878","protein_coding"
"20870","ENSMUSG00000053852","protein_coding"
"20871","ENSMUSG00000031130","protein_coding"
"20872","ENSMUSG00000067873","protein_coding"
"20873","ENSMUSG00000031131","protein_coding"
"20874","ENSMUSG00000031132","protein_coding"
"20875","ENSMUSG00000031133","protein_coding"
"20876","ENSMUSG00000031134","protein_coding"
"20877","ENSMUSG00000079584","protein_coding"
"20878","ENSMUSG00000036357","protein_coding"
"20879","ENSMUSG00000067860","protein_coding"
"20880","ENSMUSG00000046180","protein_coding"
"20881","ENSMUSG00000031137","protein_coding"
"20882","ENSMUSG00000031138","protein_coding"
"20883","ENSMUSG00000031139","protein_coding"
"20884","ENSMUSG00000062949","protein_coding"
"20885","ENSMUSG00000079583","protein_coding"
"20886","ENSMUSG00000082226","protein_coding"
"20887","ENSMUSG00000045179","protein_coding"
"20888","ENSMUSG00000057615","protein_coding"
"20889","ENSMUSG00000045330","protein_coding"
"20890","ENSMUSG00000079579","protein_coding"
"20891","ENSMUSG00000031179","protein_coding"
"20892","ENSMUSG00000046699","protein_coding"
"20893","ENSMUSG00000031181","protein_coding"
"20894","ENSMUSG00000031182","protein_coding"
"20895","ENSMUSG00000036790","protein_coding"
"20896","ENSMUSG00000079578","protein_coding"
"20897","ENSMUSG00000079577","protein_coding"
"20898","ENSMUSG00000025288","protein_coding"
"20899","ENSMUSG00000000838","protein_coding"
"20900","ENSMUSG00000062170","protein_coding"
"20901","ENSMUSG00000071748","protein_coding"
"20902","ENSMUSG00000031189","protein_coding"
"20903","ENSMUSG00000059690","protein_coding"
"20904","ENSMUSG00000035847","protein_coding"
"20905","ENSMUSG00000045237","protein_coding"
"20906","ENSMUSG00000073139","protein_coding"
"20907","ENSMUSG00000059401","protein_coding"
"20908","ENSMUSG00000031337","protein_coding"
"20909","ENSMUSG00000015214","protein_coding"
"20910","ENSMUSG00000035776","protein_coding"
"20911","ENSMUSG00000015217","protein_coding"
"20912","ENSMUSG00000056380","protein_coding"
"20913","ENSMUSG00000073131","protein_coding"
"20914","ENSMUSG00000073130","protein_coding"
"20915","ENSMUSG00000033361","protein_coding"
"20916","ENSMUSG00000053593","protein_coding"
"20917","ENSMUSG00000005864","protein_coding"
"20918","ENSMUSG00000033343","protein_coding"
"20919","ENSMUSG00000031340","protein_coding"
"20920","ENSMUSG00000043453","protein_coding"
"20921","ENSMUSG00000031343","protein_coding"
"20922","ENSMUSG00000031344","protein_coding"
"20923","ENSMUSG00000031347","protein_coding"
"20924","ENSMUSG00000031349","protein_coding"
"20925","ENSMUSG00000031351","protein_coding"
"20926","ENSMUSG00000050424","protein_coding"
"20927","ENSMUSG00000046287","protein_coding"
"20928","ENSMUSG00000079845","protein_coding"
"20929","ENSMUSG00000057836","protein_coding"
"20930","ENSMUSG00000058328","protein_coding"
"20931","ENSMUSG00000067771","protein_coding"
"20932","ENSMUSG00000071745","protein_coding"
"20933","ENSMUSG00000072479","protein_coding"
"20934","ENSMUSG00000079566","protein_coding"
"20935","ENSMUSG00000073125","protein_coding"
"20936","ENSMUSG00000067768","protein_coding"
"20937","ENSMUSG00000078317","protein_coding"
"20938","ENSMUSG00000031362","protein_coding"
"20939","ENSMUSG00000058147","protein_coding"
"20940","ENSMUSG00000067764","protein_coding"
"20941","ENSMUSG00000109368","protein_coding"
"20942","ENSMUSG00000031365","protein_coding"
"20943","ENSMUSG00000096966","protein_coding"
"20944","ENSMUSG00000031374","protein_coding"
"20945","ENSMUSG00000031372","protein_coding"
"20946","ENSMUSG00000031371","protein_coding"
"20947","ENSMUSG00000031375","protein_coding"
"20948","ENSMUSG00000031376","protein_coding"
"20949","ENSMUSG00000031383","protein_coding"
"20950","ENSMUSG00000002012","protein_coding"
"20951","ENSMUSG00000019558","protein_coding"
"20952","ENSMUSG00000002015","protein_coding"
"20953","ENSMUSG00000031378","protein_coding"
"20954","ENSMUSG00000031385","protein_coding"
"20955","ENSMUSG00000002007","protein_coding"
"20956","ENSMUSG00000002010","protein_coding"
"20957","ENSMUSG00000002014","protein_coding"
"20958","ENSMUSG00000002006","protein_coding"
"20959","ENSMUSG00000031391","protein_coding"
"20960","ENSMUSG00000031389","protein_coding"
"20961","ENSMUSG00000031390","protein_coding"
"20962","ENSMUSG00000031388","protein_coding"
"20963","ENSMUSG00000031387","protein_coding"
"20964","ENSMUSG00000031386","protein_coding"
"20965","ENSMUSG00000031392","protein_coding"
"20966","ENSMUSG00000031393","protein_coding"
"20967","ENSMUSG00000031394","protein_coding"
"20968","ENSMUSG00000062564","protein_coding"
"20969","ENSMUSG00000031397","protein_coding"
"20970","ENSMUSG00000031328","protein_coding"
"20971","ENSMUSG00000001964","protein_coding"
"20972","ENSMUSG00000008682","protein_coding"
"20973","ENSMUSG00000019088","protein_coding"
"20974","ENSMUSG00000009995","protein_coding"
"20975","ENSMUSG00000019087","protein_coding"
"20976","ENSMUSG00000015291","protein_coding"
"20977","ENSMUSG00000001962","protein_coding"
"20978","ENSMUSG00000031398","protein_coding"
"20979","ENSMUSG00000015289","protein_coding"
"20980","ENSMUSG00000015290","protein_coding"
"20981","ENSMUSG00000032806","protein_coding"
"20982","ENSMUSG00000031399","protein_coding"
"20983","ENSMUSG00000004221","protein_coding"
"20984","ENSMUSG00000031400","protein_coding"
"20985","ENSMUSG00000079536","protein_coding"
"20986","ENSMUSG00000043715","protein_coding"
"20987","ENSMUSG00000051706","protein_coding"
"20988","ENSMUSG00000079534","protein_coding"
"20989","ENSMUSG00000079532","protein_coding"
"20990","ENSMUSG00000079531","protein_coding"
"20991","ENSMUSG00000032750","protein_coding"
"20992","ENSMUSG00000031403","protein_coding"
"20993","ENSMUSG00000031402","protein_coding"
"20994","ENSMUSG00000073094","protein_coding"
"20995","ENSMUSG00000031196","protein_coding"
"20996","ENSMUSG00000031198","protein_coding"
"20997","ENSMUSG00000090110","protein_coding"
"20998","ENSMUSG00000031200","protein_coding"
"20999","ENSMUSG00000031201","protein_coding"
"21000","ENSMUSG00000031197","protein_coding"
"21001","ENSMUSG00000031202","protein_coding"
"21002","ENSMUSG00000016382","protein_coding"
"21003","ENSMUSG00000071738","protein_coding"
"21004","ENSMUSG00000073085","protein_coding"
"21005","ENSMUSG00000079525","protein_coding"
"21006","ENSMUSG00000025246","protein_coding"
"21007","ENSMUSG00000035725","protein_coding"
"21008","ENSMUSG00000000003","protein_coding"
"21009","ENSMUSG00000079522","protein_coding"
"21010","ENSMUSG00000044121","protein_coding"
"21011","ENSMUSG00000067684","protein_coding"
"21012","ENSMUSG00000079521","protein_coding"
"21013","ENSMUSG00000067679","protein_coding"
"21014","ENSMUSG00000079519","protein_coding"
"21015","ENSMUSG00000035651","protein_coding"
"21016","ENSMUSG00000047996","protein_coding"
"21017","ENSMUSG00000078315","protein_coding"
"21018","ENSMUSG00000073077","protein_coding"
"21019","ENSMUSG00000046942","protein_coding"
"21020","ENSMUSG00000025666","protein_coding"
"21021","ENSMUSG00000060673","protein_coding"
"21022","ENSMUSG00000045103","protein_coding"
"21023","ENSMUSG00000035522","protein_coding"
"21024","ENSMUSG00000035491","protein_coding"
"21025","ENSMUSG00000035476","protein_coding"
"21026","ENSMUSG00000025059","protein_coding"
"21027","ENSMUSG00000025058","protein_coding"
"21028","ENSMUSG00000035454","protein_coding"
"21029","ENSMUSG00000025056","protein_coding"
"21030","ENSMUSG00000035427","protein_coding"
"21031","ENSMUSG00000052372","protein_coding"
"21032","ENSMUSG00000035395","protein_coding"
"21033","ENSMUSG00000079513","protein_coding"
"21034","ENSMUSG00000035387","protein_coding"
"21035","ENSMUSG00000091497","protein_coding"
"21036","ENSMUSG00000073069","protein_coding"
"21037","ENSMUSG00000094861","protein_coding"
"21038","ENSMUSG00000096072","protein_coding"
"21039","ENSMUSG00000057805","protein_coding"
"21040","ENSMUSG00000064129","protein_coding"
"21041","ENSMUSG00000061392","protein_coding"
"21042","ENSMUSG00000062162","protein_coding"
"21043","ENSMUSG00000067649","protein_coding"
"21044","ENSMUSG00000071726","protein_coding"
"21045","ENSMUSG00000035277","protein_coding"
"21046","ENSMUSG00000006678","protein_coding"
"21047","ENSMUSG00000035246","protein_coding"
"21048","ENSMUSG00000035232","protein_coding"
"21049","ENSMUSG00000081044","protein_coding"
"21050","ENSMUSG00000079509","protein_coding"
"21051","ENSMUSG00000035150","protein_coding"
"21052","ENSMUSG00000043929","protein_coding"
"21053","ENSMUSG00000118554","protein_coding"
"21054","ENSMUSG00000043549","protein_coding"
"21055","ENSMUSG00000079508","protein_coding"
"21056","ENSMUSG00000025151","protein_coding"
"21057","ENSMUSG00000071723","protein_coding"
"21058","ENSMUSG00000073062","protein_coding"
"21059","ENSMUSG00000071722","protein_coding"
"21060","ENSMUSG00000025656","protein_coding"
"21061","ENSMUSG00000050332","protein_coding"
"21062","ENSMUSG00000031204","protein_coding"
"21063","ENSMUSG00000109858","protein_coding"
"21064","ENSMUSG00000035062","protein_coding"
"21065","ENSMUSG00000035045","protein_coding"
"21066","ENSMUSG00000057421","protein_coding"
"21067","ENSMUSG00000031207","protein_coding"
"21068","ENSMUSG00000044206","protein_coding"
"21069","ENSMUSG00000045802","protein_coding"
"21070","ENSMUSG00000031209","protein_coding"
"21071","ENSMUSG00000031210","protein_coding"
"21072","ENSMUSG00000031212","protein_coding"
"21073","ENSMUSG00000034457","protein_coding"
"21074","ENSMUSG00000046532","protein_coding"
"21075","ENSMUSG00000031214","protein_coding"
"21076","ENSMUSG00000047694","protein_coding"
"21077","ENSMUSG00000031216","protein_coding"
"21078","ENSMUSG00000031217","protein_coding"
"21079","ENSMUSG00000034403","protein_coding"
"21080","ENSMUSG00000071719","protein_coding"
"21081","ENSMUSG00000059327","protein_coding"
"21082","ENSMUSG00000031220","protein_coding"
"21083","ENSMUSG00000051582","protein_coding"
"21084","ENSMUSG00000031221","protein_coding"
"21085","ENSMUSG00000067597","protein_coding"
"21086","ENSMUSG00000015665","protein_coding"
"21087","ENSMUSG00000044359","protein_coding"
"21088","ENSMUSG00000060890","protein_coding"
"21089","ENSMUSG00000015668","protein_coding"
"21090","ENSMUSG00000034311","protein_coding"
"21091","ENSMUSG00000019359","protein_coding"
"21092","ENSMUSG00000000881","protein_coding"
"21093","ENSMUSG00000009670","protein_coding"
"21094","ENSMUSG00000031297","protein_coding"
"21095","ENSMUSG00000046032","protein_coding"
"21096","ENSMUSG00000042903","protein_coding"
"21097","ENSMUSG00000090141","protein_coding"
"21098","ENSMUSG00000031304","protein_coding"
"21099","ENSMUSG00000079487","protein_coding"
"21100","ENSMUSG00000031302","protein_coding"
"21101","ENSMUSG00000047797","protein_coding"
"21102","ENSMUSG00000031310","protein_coding"
"21103","ENSMUSG00000031311","protein_coding"
"21104","ENSMUSG00000031312","protein_coding"
"21105","ENSMUSG00000031314","protein_coding"
"21106","ENSMUSG00000034160","protein_coding"
"21107","ENSMUSG00000050232","protein_coding"
"21108","ENSMUSG00000045010","protein_coding"
"21109","ENSMUSG00000046774","protein_coding"
"21110","ENSMUSG00000118638","protein_coding"
"21111","ENSMUSG00000079481","protein_coding"
"21112","ENSMUSG00000049191","protein_coding"
"21113","ENSMUSG00000079480","protein_coding"
"21114","ENSMUSG00000051220","protein_coding"
"21115","ENSMUSG00000031320","protein_coding"
"21116","ENSMUSG00000051159","protein_coding"
"21117","ENSMUSG00000067567","protein_coding"
"21118","ENSMUSG00000034055","protein_coding"
"21119","ENSMUSG00000081443","protein_coding"
"21120","ENSMUSG00000079479","protein_coding"
"21121","ENSMUSG00000073027","protein_coding"
"21122","ENSMUSG00000067562","protein_coding"
"21123","ENSMUSG00000067561","protein_coding"
"21124","ENSMUSG00000032894","protein_coding"
"21125","ENSMUSG00000031323","protein_coding"
"21126","ENSMUSG00000079476","protein_coding"
"21127","ENSMUSG00000109745","protein_coding"
"21128","ENSMUSG00000082229","protein_coding"
"21129","ENSMUSG00000031326","protein_coding"
"21130","ENSMUSG00000031327","protein_coding"
"21131","ENSMUSG00000031329","protein_coding"
"21132","ENSMUSG00000098078","protein_coding"
"21133","ENSMUSG00000031330","protein_coding"
"21134","ENSMUSG00000033965","protein_coding"
"21135","ENSMUSG00000056537","protein_coding"
"21136","ENSMUSG00000046449","protein_coding"
"21137","ENSMUSG00000031333","protein_coding"
"21138","ENSMUSG00000073016","protein_coding"
"21139","ENSMUSG00000033906","protein_coding"
"21140","ENSMUSG00000031224","protein_coding"
"21141","ENSMUSG00000031226","protein_coding"
"21142","ENSMUSG00000031227","protein_coding"
"21143","ENSMUSG00000090132","protein_coding"
"21144","ENSMUSG00000031230","protein_coding"
"21145","ENSMUSG00000031229","protein_coding"
"21146","ENSMUSG00000031232","protein_coding"
"21147","ENSMUSG00000031231","protein_coding"
"21148","ENSMUSG00000033792","protein_coding"
"21149","ENSMUSG00000033777","protein_coding"
"21150","ENSMUSG00000062070","protein_coding"
"21151","ENSMUSG00000047242","protein_coding"
"21152","ENSMUSG00000073012","protein_coding"
"21153","ENSMUSG00000033737","protein_coding"
"21154","ENSMUSG00000052821","protein_coding"
"21155","ENSMUSG00000073010","protein_coding"
"21156","ENSMUSG00000047686","protein_coding"
"21157","ENSMUSG00000049929","protein_coding"
"21158","ENSMUSG00000050921","protein_coding"
"21159","ENSMUSG00000054293","protein_coding"
"21160","ENSMUSG00000073008","protein_coding"
"21161","ENSMUSG00000031239","protein_coding"
"21162","ENSMUSG00000031241","protein_coding"
"21163","ENSMUSG00000031242","protein_coding"
"21164","ENSMUSG00000073007","protein_coding"
"21165","ENSMUSG00000073006","protein_coding"
"21166","ENSMUSG00000063663","protein_coding"
"21167","ENSMUSG00000031245","protein_coding"
"21168","ENSMUSG00000031246","protein_coding"
"21169","ENSMUSG00000048621","protein_coding"
"21170","ENSMUSG00000056854","protein_coding"
"21171","ENSMUSG00000073001","protein_coding"
"21172","ENSMUSG00000025665","protein_coding"
"21173","ENSMUSG00000034551","protein_coding"
"21174","ENSMUSG00000109156","protein_coding"
"21175","ENSMUSG00000034555","protein_coding"
"21176","ENSMUSG00000079460","protein_coding"
"21177","ENSMUSG00000025525","protein_coding"
"21178","ENSMUSG00000025527","protein_coding"
"21179","ENSMUSG00000025528","protein_coding"
"21180","ENSMUSG00000025529","protein_coding"
"21181","ENSMUSG00000034607","protein_coding"
"21182","ENSMUSG00000025531","protein_coding"
"21183","ENSMUSG00000025592","protein_coding"
"21184","ENSMUSG00000025597","protein_coding"
"21185","ENSMUSG00000050435","protein_coding"
"21186","ENSMUSG00000047079","protein_coding"
"21187","ENSMUSG00000072995","protein_coding"
"21188","ENSMUSG00000082482","protein_coding"
"21189","ENSMUSG00000067441","protein_coding"
"21190","ENSMUSG00000100194","protein_coding"
"21191","ENSMUSG00000100133","protein_coding"
"21192","ENSMUSG00000034732","protein_coding"
"21193","ENSMUSG00000034755","protein_coding"
"21194","ENSMUSG00000083616","protein_coding"
"21195","ENSMUSG00000055733","protein_coding"
"21196","ENSMUSG00000079450","protein_coding"
"21197","ENSMUSG00000118415","protein_coding"
"21198","ENSMUSG00000121514","protein_coding"
"21199","ENSMUSG00000095474","protein_coding"
"21200","ENSMUSG00000118430","protein_coding"
"21201","ENSMUSG00000121515","protein_coding"
"21202","ENSMUSG00000118483","protein_coding"
"21203","ENSMUSG00000072049","protein_coding"
"21204","ENSMUSG00000121519","protein_coding"
"21205","ENSMUSG00000121520","protein_coding"
"21206","ENSMUSG00000121521","protein_coding"
"21207","ENSMUSG00000121523","protein_coding"
"21208","ENSMUSG00000121524","protein_coding"
"21209","ENSMUSG00000121525","protein_coding"
"21210","ENSMUSG00000121526","protein_coding"
"21211","ENSMUSG00000121527","protein_coding"
"21212","ENSMUSG00000121528","protein_coding"
"21213","ENSMUSG00000121529","protein_coding"
"21214","ENSMUSG00000058670","protein_coding"
"21215","ENSMUSG00000043569","protein_coding"
"21216","ENSMUSG00000034480","protein_coding"
"21217","ENSMUSG00000051323","protein_coding"
"21218","ENSMUSG00000031250","protein_coding"
"21219","ENSMUSG00000067377","protein_coding"
"21220","ENSMUSG00000031253","protein_coding"
"21221","ENSMUSG00000031255","protein_coding"
"21222","ENSMUSG00000031256","protein_coding"
"21223","ENSMUSG00000031257","protein_coding"
"21224","ENSMUSG00000031258","protein_coding"
"21225","ENSMUSG00000052549","protein_coding"
"21226","ENSMUSG00000067369","protein_coding"
"21227","ENSMUSG00000033578","protein_coding"
"21228","ENSMUSG00000031262","protein_coding"
"21229","ENSMUSG00000000223","protein_coding"
"21230","ENSMUSG00000009596","protein_coding"
"21231","ENSMUSG00000048007","protein_coding"
"21232","ENSMUSG00000031264","protein_coding"
"21233","ENSMUSG00000079435","protein_coding"
"21234","ENSMUSG00000031266","protein_coding"
"21235","ENSMUSG00000045427","protein_coding"
"21236","ENSMUSG00000049804","protein_coding"
"21237","ENSMUSG00000033460","protein_coding"
"21238","ENSMUSG00000050394","protein_coding"
"21239","ENSMUSG00000049047","protein_coding"
"21240","ENSMUSG00000033436","protein_coding"
"21241","ENSMUSG00000009941","protein_coding"
"21242","ENSMUSG00000052676","protein_coding"
"21243","ENSMUSG00000079432","protein_coding"
"21244","ENSMUSG00000031409","protein_coding"
"21245","ENSMUSG00000067360","protein_coding"
"21246","ENSMUSG00000094004","protein_coding"
"21247","ENSMUSG00000096508","protein_coding"
"21248","ENSMUSG00000054994","protein_coding"
"21249","ENSMUSG00000031410","protein_coding"
"21250","ENSMUSG00000031411","protein_coding"
"21251","ENSMUSG00000058252","protein_coding"
"21252","ENSMUSG00000060726","protein_coding"
"21253","ENSMUSG00000072969","protein_coding"
"21254","ENSMUSG00000043384","protein_coding"
"21255","ENSMUSG00000072964","protein_coding"
"21256","ENSMUSG00000072966","protein_coding"
"21257","ENSMUSG00000048040","protein_coding"
"21258","ENSMUSG00000048355","protein_coding"
"21259","ENSMUSG00000042750","protein_coding"
"21260","ENSMUSG00000057000","protein_coding"
"21261","ENSMUSG00000047844","protein_coding"
"21262","ENSMUSG00000051579","protein_coding"
"21263","ENSMUSG00000054034","protein_coding"
"21264","ENSMUSG00000050071","protein_coding"
"21265","ENSMUSG00000079428","protein_coding"
"21266","ENSMUSG00000042712","protein_coding"
"21267","ENSMUSG00000046432","protein_coding"
"21268","ENSMUSG00000057439","protein_coding"
"21269","ENSMUSG00000031424","protein_coding"
"21270","ENSMUSG00000044550","protein_coding"
"21271","ENSMUSG00000049536","protein_coding"
"21272","ENSMUSG00000031422","protein_coding"
"21273","ENSMUSG00000018595","protein_coding"
"21274","ENSMUSG00000031425","protein_coding"
"21275","ENSMUSG00000043463","protein_coding"
"21276","ENSMUSG00000048155","protein_coding"
"21277","ENSMUSG00000072955","protein_coding"
"21278","ENSMUSG00000089996","protein_coding"
"21279","ENSMUSG00000089768","protein_coding"
"21280","ENSMUSG00000044348","protein_coding"
"21281","ENSMUSG00000031428","protein_coding"
"21282","ENSMUSG00000042595","protein_coding"
"21283","ENSMUSG00000023443","protein_coding"
"21284","ENSMUSG00000059203","protein_coding"
"21285","ENSMUSG00000071686","protein_coding"
"21286","ENSMUSG00000052854","protein_coding"
"21287","ENSMUSG00000031271","protein_coding"
"21288","ENSMUSG00000042525","protein_coding"
"21289","ENSMUSG00000042515","protein_coding"
"21290","ENSMUSG00000051257","protein_coding"
"21291","ENSMUSG00000042498","protein_coding"
"21292","ENSMUSG00000031438","protein_coding"
"21293","ENSMUSG00000042473","protein_coding"
"21294","ENSMUSG00000072945","protein_coding"
"21295","ENSMUSG00000047230","protein_coding"
"21296","ENSMUSG00000031434","protein_coding"
"21297","ENSMUSG00000031433","protein_coding"
"21298","ENSMUSG00000072944","protein_coding"
"21299","ENSMUSG00000042433","protein_coding"
"21300","ENSMUSG00000042425","protein_coding"
"21301","ENSMUSG00000031432","protein_coding"
"21302","ENSMUSG00000031431","protein_coding"
"21303","ENSMUSG00000000266","protein_coding"
"21304","ENSMUSG00000042386","protein_coding"
"21305","ENSMUSG00000031430","protein_coding"
"21306","ENSMUSG00000031429","protein_coding"
"21307","ENSMUSG00000079418","protein_coding"
"21308","ENSMUSG00000031273","protein_coding"
"21309","ENSMUSG00000031274","protein_coding"
"21310","ENSMUSG00000054667","protein_coding"
"21311","ENSMUSG00000042282","protein_coding"
"21312","ENSMUSG00000042271","protein_coding"
"21313","ENSMUSG00000090122","protein_coding"
"21314","ENSMUSG00000031278","protein_coding"
"21315","ENSMUSG00000047045","protein_coding"
"21316","ENSMUSG00000042225","protein_coding"
"21317","ENSMUSG00000085584","protein_coding"
"21318","ENSMUSG00000031283","protein_coding"
"21319","ENSMUSG00000031284","protein_coding"
"21320","ENSMUSG00000067276","protein_coding"
"21321","ENSMUSG00000031285","protein_coding"
"21322","ENSMUSG00000085139","protein_coding"
"21323","ENSMUSG00000041718","protein_coding"
"21324","ENSMUSG00000041710","protein_coding"
"21325","ENSMUSG00000072934","protein_coding"
"21326","ENSMUSG00000071679","protein_coding"
"21327","ENSMUSG00000041700","protein_coding"
"21328","ENSMUSG00000041688","protein_coding"
"21329","ENSMUSG00000041380","protein_coding"
"21330","ENSMUSG00000031289","protein_coding"
"21331","ENSMUSG00000067262","protein_coding"
"21332","ENSMUSG00000031290","protein_coding"
"21333","ENSMUSG00000095872","protein_coding"
"21334","ENSMUSG00000072931","protein_coding"
"21335","ENSMUSG00000072930","protein_coding"
"21336","ENSMUSG00000079395","protein_coding"
"21337","ENSMUSG00000096834","protein_coding"
"21338","ENSMUSG00000079387","protein_coding"
"21339","ENSMUSG00000094885","protein_coding"
"21340","ENSMUSG00000094941","protein_coding"
"21341","ENSMUSG00000095621","protein_coding"
"21342","ENSMUSG00000072923","protein_coding"
"21343","ENSMUSG00000094378","protein_coding"
"21344","ENSMUSG00000095082","protein_coding"
"21345","ENSMUSG00000041353","protein_coding"
"21346","ENSMUSG00000025269","protein_coding"
"21347","ENSMUSG00000025270","protein_coding"
"21348","ENSMUSG00000025271","protein_coding"
"21349","ENSMUSG00000025272","protein_coding"
"21350","ENSMUSG00000025268","protein_coding"
"21351","ENSMUSG00000025266","protein_coding"
"21352","ENSMUSG00000025265","protein_coding"
"21353","ENSMUSG00000025264","protein_coding"
"21354","ENSMUSG00000041245","protein_coding"
"21355","ENSMUSG00000025262","protein_coding"
"21356","ENSMUSG00000041229","protein_coding"
"21357","ENSMUSG00000025261","protein_coding"
"21358","ENSMUSG00000025260","protein_coding"
"21359","ENSMUSG00000025257","protein_coding"
"21360","ENSMUSG00000041133","protein_coding"
"21361","ENSMUSG00000041115","protein_coding"
"21362","ENSMUSG00000025332","protein_coding"
"21363","ENSMUSG00000087403","protein_coding"
"21364","ENSMUSG00000041096","protein_coding"
"21365","ENSMUSG00000056679","protein_coding"
"21366","ENSMUSG00000091863","protein_coding"
"21367","ENSMUSG00000045180","protein_coding"
"21368","ENSMUSG00000025333","protein_coding"
"21369","ENSMUSG00000067215","protein_coding"
"21370","ENSMUSG00000047238","protein_coding"
"21371","ENSMUSG00000071665","protein_coding"
"21372","ENSMUSG00000041658","protein_coding"
"21373","ENSMUSG00000041649","protein_coding"
"21374","ENSMUSG00000050148","protein_coding"
"21375","ENSMUSG00000048573","protein_coding"
"21376","ENSMUSG00000041633","protein_coding"
"21377","ENSMUSG00000086316","protein_coding"
"21378","ENSMUSG00000046550","protein_coding"
"21379","ENSMUSG00000094802","protein_coding"
"21380","ENSMUSG00000094577","protein_coding"
"21381","ENSMUSG00000121587","protein_coding"
"21382","ENSMUSG00000096867","protein_coding"
"21383","ENSMUSG00000094592","protein_coding"
"21384","ENSMUSG00000059663","protein_coding"
"21385","ENSMUSG00000025051","protein_coding"
"21386","ENSMUSG00000072888","protein_coding"
"21387","ENSMUSG00000072100","protein_coding"
"21388","ENSMUSG00000063728","protein_coding"
"21389","ENSMUSG00000094196","protein_coding"
"21390","ENSMUSG00000079350","protein_coding"
"21391","ENSMUSG00000055746","protein_coding"
"21392","ENSMUSG00000079349","protein_coding"
"21393","ENSMUSG00000096644","protein_coding"
"21394","ENSMUSG00000057402","protein_coding"
"21395","ENSMUSG00000025283","protein_coding"
"21396","ENSMUSG00000025287","protein_coding"
"21397","ENSMUSG00000025289","protein_coding"
"21398","ENSMUSG00000041552","protein_coding"
"21399","ENSMUSG00000055109","protein_coding"
"21400","ENSMUSG00000057457","protein_coding"
"21401","ENSMUSG00000071708","protein_coding"
"21402","ENSMUSG00000046873","protein_coding"
"21403","ENSMUSG00000091736","protein_coding"
"21404","ENSMUSG00000041476","protein_coding"
"21405","ENSMUSG00000047485","protein_coding"
"21406","ENSMUSG00000025658","protein_coding"
"21407","ENSMUSG00000031309","protein_coding"
"21408","ENSMUSG00000067194","protein_coding"
"21409","ENSMUSG00000041020","protein_coding"
"21410","ENSMUSG00000044150","protein_coding"
"21411","ENSMUSG00000040990","protein_coding"
"21412","ENSMUSG00000031303","protein_coding"
"21413","ENSMUSG00000031299","protein_coding"
"21414","ENSMUSG00000031298","protein_coding"
"21415","ENSMUSG00000031295","protein_coding"
"21416","ENSMUSG00000062168","protein_coding"
"21417","ENSMUSG00000031293","protein_coding"
"21418","ENSMUSG00000031292","protein_coding"
"21419","ENSMUSG00000055691","protein_coding"
"21420","ENSMUSG00000000037","protein_coding"
"21421","ENSMUSG00000108981","protein_coding"
"21422","ENSMUSG00000043518","protein_coding"
"21423","ENSMUSG00000059493","protein_coding"
"21424","ENSMUSG00000040855","protein_coding"
"21425","ENSMUSG00000031353","protein_coding"
"21426","ENSMUSG00000038344","protein_coding"
"21427","ENSMUSG00000031357","protein_coding"
"21428","ENSMUSG00000031360","protein_coding"
"21429","ENSMUSG00000040808","protein_coding"
"21430","ENSMUSG00000031364","protein_coding"
"21431","ENSMUSG00000083695","protein_coding"
"21432","ENSMUSG00000031367","protein_coding"
"21433","ENSMUSG00000031370","protein_coding"
"21434","ENSMUSG00000031373","protein_coding"
"21435","ENSMUSG00000040749","protein_coding"
"21436","ENSMUSG00000015401","protein_coding"
"21437","ENSMUSG00000015405","protein_coding"
"21438","ENSMUSG00000031377","protein_coding"
"21439","ENSMUSG00000031379","protein_coding"
"21440","ENSMUSG00000031380","protein_coding"
"21441","ENSMUSG00000031381","protein_coding"
"21442","ENSMUSG00000031382","protein_coding"
"21443","ENSMUSG00000031384","protein_coding"
"21444","ENSMUSG00000061778","protein_coding"
"21445","ENSMUSG00000047757","protein_coding"
"21446","ENSMUSG00000018589","protein_coding"
"21447","ENSMUSG00000040621","protein_coding"
"21448","ENSMUSG00000031342","protein_coding"
"21449","ENSMUSG00000040586","protein_coding"
"21450","ENSMUSG00000079317","protein_coding"
"21451","ENSMUSG00000079316","protein_coding"
"21452","ENSMUSG00000051224","protein_coding"
"21453","ENSMUSG00000000402","protein_coding"
"21454","ENSMUSG00000049775","protein_coding"
"21455","ENSMUSG00000040522","protein_coding"
"21456","ENSMUSG00000044583","protein_coding"
"21457","ENSMUSG00000025742","protein_coding"
"21458","ENSMUSG00000049176","protein_coding"
"21459","ENSMUSG00000031358","protein_coding"
"21460","ENSMUSG00000031355","protein_coding"
"21461","ENSMUSG00000031354","protein_coding"
"21462","ENSMUSG00000031352","protein_coding"
"21463","ENSMUSG00000035299","protein_coding"
"21464","ENSMUSG00000055357","protein_coding"
"21465","ENSMUSG00000121571","protein_coding"
"21466","ENSMUSG00000093806","protein_coding"
"21467","ENSMUSG00000053211","protein_coding"
"21468","ENSMUSG00000069053","protein_coding"
"21469","ENSMUSG00000056673","protein_coding"
"21470","ENSMUSG00000069049","protein_coding"
"21471","ENSMUSG00000068457","protein_coding"
"21472","ENSMUSG00000069045","protein_coding"
"21473","ENSMUSG00000069044","protein_coding"
"21474","ENSMUSG00000000103","protein_coding"
"21475","ENSMUSG00000094881","protein_coding"
"21476","ENSMUSG00000069036","protein_coding"
"21477","ENSMUSG00000095573","protein_coding"
"21478","ENSMUSG00000102053","protein_coding"
"21479","ENSMUSG00000094658","protein_coding"
"21480","ENSMUSG00000095852","protein_coding"
"21481","ENSMUSG00000091987","protein_coding"
"21482","ENSMUSG00000101667","protein_coding"
"21483","ENSMUSG00000093918","protein_coding"
"21484","ENSMUSG00000094511","protein_coding"
"21485","ENSMUSG00000093987","protein_coding"
"21486","ENSMUSG00000095948","protein_coding"
"21487","ENSMUSG00000096520","protein_coding"
"21488","ENSMUSG00000093927","protein_coding"
"21489","ENSMUSG00000096706","protein_coding"
"21490","ENSMUSG00000096268","protein_coding"
"21491","ENSMUSG00000100634","protein_coding"
"21492","ENSMUSG00000096036","protein_coding"
"21493","ENSMUSG00000095148","protein_coding"
"21494","ENSMUSG00000101243","protein_coding"
"21495","ENSMUSG00000079806","protein_coding"
"21496","ENSMUSG00000096686","protein_coding"
"21497","ENSMUSG00000094484","protein_coding"
"21498","ENSMUSG00000100939","protein_coding"
"21499","ENSMUSG00000094081","protein_coding"
"21500","ENSMUSG00000100645","protein_coding"
"21501","ENSMUSG00000099861","protein_coding"
"21502","ENSMUSG00000095324","protein_coding"
"21503","ENSMUSG00000101928","protein_coding"
"21504","ENSMUSG00000101053","protein_coding"
"21505","ENSMUSG00000091077","protein_coding"
"21506","ENSMUSG00000094679","protein_coding"
"21507","ENSMUSG00000094773","protein_coding"
"21508","ENSMUSG00000096223","protein_coding"
"21509","ENSMUSG00000094556","protein_coding"
"21510","ENSMUSG00000095032","protein_coding"
"21511","ENSMUSG00000095242","protein_coding"
"21512","ENSMUSG00000101396","protein_coding"
"21513","ENSMUSG00000095950","protein_coding"
"21514","ENSMUSG00000094813","protein_coding"
"21515","ENSMUSG00000094838","protein_coding"
"21516","ENSMUSG00000100231","protein_coding"
"21517","ENSMUSG00000095508","protein_coding"
"21518","ENSMUSG00000104267","protein_coding"
"21519","ENSMUSG00000096820","protein_coding"
"21520","ENSMUSG00000103468","protein_coding"
"21521","ENSMUSG00000093903","protein_coding"
"21522","ENSMUSG00000095900","protein_coding"
"21523","ENSMUSG00000104191","protein_coding"
"21524","ENSMUSG00000095172","protein_coding"
"21525","ENSMUSG00000095520","protein_coding"
"21526","ENSMUSG00000095365","protein_coding"
"21527","ENSMUSG00000102739","protein_coding"
"21528","ENSMUSG00000094325","protein_coding"
"21529","ENSMUSG00000095267","protein_coding"
"21530","ENSMUSG00000103371","protein_coding"
"21531","ENSMUSG00000102668","protein_coding"
"21532","ENSMUSG00000094294","protein_coding"
"21533","ENSMUSG00000093848","protein_coding"
"21534","ENSMUSG00000103528","protein_coding"
"21535","ENSMUSG00000103919","protein_coding"
"21536","ENSMUSG00000093868","protein_coding"
"21537","ENSMUSG00000100055","protein_coding"
"21538","ENSMUSG00000099541","protein_coding"
"21539","ENSMUSG00000101158","protein_coding"
"21540","ENSMUSG00000100467","protein_coding"
"21541","ENSMUSG00000094789","protein_coding"
"21542","ENSMUSG00000095263","protein_coding"
"21543","ENSMUSG00000095011","protein_coding"
"21544","ENSMUSG00000095793","protein_coding"
"21545","ENSMUSG00000096650","protein_coding"
"21546","ENSMUSG00000101933","protein_coding"
"21547","ENSMUSG00000101157","protein_coding"
"21548","ENSMUSG00000094575","protein_coding"
"21549","ENSMUSG00000100892","protein_coding"
"21550","ENSMUSG00000093895","protein_coding"
"21551","ENSMUSG00000095452","protein_coding"
"21552","ENSMUSG00000101471","protein_coding"
"21553","ENSMUSG00000094181","protein_coding"
"21554","ENSMUSG00000094782","protein_coding"
"21555","ENSMUSG00000101653","protein_coding"
"21556","ENSMUSG00000100972","protein_coding"
"21557","ENSMUSG00000095979","protein_coding"
"21558","ENSMUSG00000100338","protein_coding"
"21559","ENSMUSG00000102122","protein_coding"
"21560","ENSMUSG00000096769","protein_coding"
"21561","ENSMUSG00000100485","protein_coding"
"21562","ENSMUSG00000095606","protein_coding"
"21563","ENSMUSG00000094729","protein_coding"
"21564","ENSMUSG00000100045","protein_coding"
"21565","ENSMUSG00000094570","protein_coding"
"21566","ENSMUSG00000095135","protein_coding"
"21567","ENSMUSG00000101155","protein_coding"
"21568","ENSMUSG00000096122","protein_coding"
"21569","ENSMUSG00000101399","protein_coding"
"21570","ENSMUSG00000121557","protein_coding"
"21571","ENSMUSG00000121556","protein_coding"
"21572","ENSMUSG00000121543","protein_coding"
"21573","ENSMUSG00000096626","protein_coding"
"21574","ENSMUSG00000095141","protein_coding"
"21575","ENSMUSG00000100667","protein_coding"
"21576","ENSMUSG00000100726","protein_coding"
"21577","ENSMUSG00000094821","protein_coding"
"21578","ENSMUSG00000093950","protein_coding"
"21579","ENSMUSG00000100856","protein_coding"
"21580","ENSMUSG00000101766","protein_coding"
"21581","ENSMUSG00000095785","protein_coding"
"21582","ENSMUSG00000093993","protein_coding"
"21583","ENSMUSG00000096666","protein_coding"
"21584","ENSMUSG00000095302","protein_coding"
"21585","ENSMUSG00000096016","protein_coding"
"21586","ENSMUSG00000095634","protein_coding"
"21587","ENSMUSG00000100032","protein_coding"
"21588","ENSMUSG00000094052","protein_coding"
"21589","ENSMUSG00000099948","protein_coding"
"21590","ENSMUSG00000094616","protein_coding"
"21591","ENSMUSG00000099531","protein_coding"
"21592","ENSMUSG00000100535","protein_coding"
"21593","ENSMUSG00000096902","protein_coding"
"21594","ENSMUSG00000099782","protein_coding"
"21595","ENSMUSG00000101528","protein_coding"
"21596","ENSMUSG00000101146","protein_coding"
"21597","ENSMUSG00000100902","protein_coding"
"21598","ENSMUSG00000100708","protein_coding"
"21599","ENSMUSG00000094647","protein_coding"
"21600","ENSMUSG00000096898","protein_coding"
"21601","ENSMUSG00000099792","protein_coding"
"21602","ENSMUSG00000094739","protein_coding"
"21603","ENSMUSG00000095867","protein_coding"
"21604","ENSMUSG00000094746","protein_coding"
"21605","ENSMUSG00000095578","protein_coding"
"21606","ENSMUSG00000099740","protein_coding"
"21607","ENSMUSG00000099894","protein_coding"
"21608","ENSMUSG00000101286","protein_coding"
"21609","ENSMUSG00000099925","protein_coding"
"21610","ENSMUSG00000095153","protein_coding"
"21611","ENSMUSG00000094660","protein_coding"
"21612","ENSMUSG00000099840","protein_coding"
"21613","ENSMUSG00000095650","protein_coding"
"21614","ENSMUSG00000100240","protein_coding"
"21615","ENSMUSG00000094399","protein_coding"
"21616","ENSMUSG00000099856","protein_coding"
"21617","ENSMUSG00000101915","protein_coding"
"21618","ENSMUSG00000102045","protein_coding"
"21619","ENSMUSG00000100608","protein_coding"
"21620","ENSMUSG00000096178","protein_coding"
"21621","ENSMUSG00000064341","protein_coding"
"21622","ENSMUSG00000064345","protein_coding"
"21623","ENSMUSG00000064351","protein_coding"
"21624","ENSMUSG00000064354","protein_coding"
"21625","ENSMUSG00000064356","protein_coding"
"21626","ENSMUSG00000064357","protein_coding"
"21627","ENSMUSG00000064358","protein_coding"
"21628","ENSMUSG00000064360","protein_coding"
"21629","ENSMUSG00000065947","protein_coding"
"21630","ENSMUSG00000064363","protein_coding"
"21631","ENSMUSG00000064367","protein_coding"
"21632","ENSMUSG00000064368","protein_coding"
"21633","ENSMUSG00000064370","protein_coding"
